{"level":"warn","message":"Matrix integration is disabled","service":"trading-intercom","timestamp":"2025-11-18 20:58:55"}
{"level":"warn","message":"Active Directory integration is disabled","service":"trading-intercom","timestamp":"2025-11-18 20:59:45"}
{"level":"warn","message":"Encryption service is disabled","service":"trading-intercom","timestamp":"2025-11-18 20:59:45"}
{"level":"warn","message":"Encryption service is disabled","service":"trading-intercom","timestamp":"2025-11-18 20:59:46"}
{"level":"warn","message":"Compliance service is disabled","service":"trading-intercom","timestamp":"2025-11-18 20:59:46"}
{"level":"warn","message":"Compliance service is disabled","service":"trading-intercom","timestamp":"2025-11-18 20:59:46"}
{"level":"warn","message":"Federation service is disabled","service":"trading-intercom","timestamp":"2025-11-18 20:59:46"}
{"level":"warn","message":"Federation service is disabled","service":"trading-intercom","timestamp":"2025-11-18 20:59:46"}
{"level":"info","message":"Starting HTTPS server using cert: C:\\Projects\\intercom\\dev-cert.pem","service":"trading-intercom","timestamp":"2025-11-18 20:59:46"}
{"level":"info","message":"Initializing Trading Intercom Server...","service":"trading-intercom","timestamp":"2025-11-18 20:59:47"}
{"level":"info","message":"Recording directory initialized: C:\\Projects\\intercom\\recordings","service":"trading-intercom","timestamp":"2025-11-18 20:59:47"}
{"level":"info","message":"Loading 32 recordings from disk...","service":"trading-intercom","timestamp":"2025-11-18 20:59:47"}
{"level":"info","message":"Loaded 20 recordings from disk","service":"trading-intercom","timestamp":"2025-11-18 20:59:47"}
{"level":"info","message":"Synced 4 users to local storage","service":"trading-intercom","timestamp":"2025-11-18 20:59:48"}
{"level":"info","message":"Postgres database ready","service":"trading-intercom","timestamp":"2025-11-18 20:59:48"}
{"level":"info","message":"Loaded 4 existing groups from database","service":"trading-intercom","timestamp":"2025-11-18 20:59:48"}
{"code":"ECONNREFUSED","level":"error","message":"Redis error:","service":"trading-intercom","stack":"AggregateError [ECONNREFUSED]: \n    at internalConnectMultiple (node:net:1134:18)\n    at afterConnectMultiple (node:net:1715:7)","timestamp":"2025-11-18 20:59:48"}
{"level":"warn","message":"Redis connection closed","service":"trading-intercom","timestamp":"2025-11-18 20:59:48"}
{"level":"info","message":"Redis reconnecting...","service":"trading-intercom","timestamp":"2025-11-18 20:59:48"}
{"level":"error","message":"Failed to initialize Redis single instance: Connection is closed.","service":"trading-intercom","stack":"Error: Connection is closed.\n    at EventEmitter.connectionCloseHandler (C:\\Projects\\intercom\\node_modules\\ioredis\\built\\Redis.js:208:28)\n    at Object.onceWrapper (node:events:623:26)\n    at EventEmitter.emit (node:events:520:35)\n    at process.processTicksAndRejections (node:internal/process/task_queues:84:11)","timestamp":"2025-11-18 20:59:48"}
{"level":"error","message":"Failed to initialize Redis: Connection is closed.","service":"trading-intercom","stack":"Error: Connection is closed.\n    at EventEmitter.connectionCloseHandler (C:\\Projects\\intercom\\node_modules\\ioredis\\built\\Redis.js:208:28)\n    at Object.onceWrapper (node:events:623:26)\n    at EventEmitter.emit (node:events:520:35)\n    at process.processTicksAndRejections (node:internal/process/task_queues:84:11)","timestamp":"2025-11-18 20:59:48"}
{"level":"error","message":"Failed to initialize Redis service: Connection is closed.","service":"trading-intercom","stack":"Error: Connection is closed.\n    at EventEmitter.connectionCloseHandler (C:\\Projects\\intercom\\node_modules\\ioredis\\built\\Redis.js:208:28)\n    at Object.onceWrapper (node:events:623:26)\n    at EventEmitter.emit (node:events:520:35)\n    at process.processTicksAndRejections (node:internal/process/task_queues:84:11)","timestamp":"2025-11-18 20:59:49"}
{"level":"warn","message":"Redis initialization failed:","service":"trading-intercom","timestamp":"2025-11-18 20:59:49"}
{"level":"info","message":"Session manager initialized","service":"trading-intercom","timestamp":"2025-11-18 20:59:49"}
{"code":"ECONNREFUSED","level":"error","message":"Redis error:","service":"trading-intercom","stack":"AggregateError [ECONNREFUSED]: \n    at internalConnectMultiple (node:net:1134:18)\n    at afterConnectMultiple (node:net:1715:7)","timestamp":"2025-11-18 20:59:49"}
{"level":"warn","message":"Redis connection closed","service":"trading-intercom","timestamp":"2025-11-18 20:59:49"}
{"level":"info","message":"Redis reconnecting...","service":"trading-intercom","timestamp":"2025-11-18 20:59:49"}
{"level":"info","message":"Using port configuration from environment/default: 10000-10200","service":"trading-intercom","timestamp":"2025-11-18 20:59:49"}
{"announcedIp":null,"level":"info","listenIp":"0.0.0.0","message":"Initializing MediaSoup SFU...","numWorkers":4,"rtcPorts":"10000-10200","service":"trading-intercom","timestamp":"2025-11-18 20:59:49"}
{"code":"ECONNREFUSED","level":"error","message":"Redis error:","service":"trading-intercom","stack":"AggregateError [ECONNREFUSED]: \n    at internalConnectMultiple (node:net:1134:18)\n    at afterConnectMultiple (node:net:1715:7)","timestamp":"2025-11-18 20:59:50"}
{"level":"warn","message":"Redis connection closed","service":"trading-intercom","timestamp":"2025-11-18 20:59:50"}
{"level":"info","message":"Redis reconnecting...","service":"trading-intercom","timestamp":"2025-11-18 20:59:50"}
{"code":"ECONNREFUSED","level":"error","message":"Redis error:","service":"trading-intercom","stack":"AggregateError [ECONNREFUSED]: \n    at internalConnectMultiple (node:net:1134:18)\n    at afterConnectMultiple (node:net:1715:7)","timestamp":"2025-11-18 20:59:50"}
{"level":"warn","message":"Redis connection closed","service":"trading-intercom","timestamp":"2025-11-18 20:59:50"}
{"level":"info","message":"Redis reconnecting...","service":"trading-intercom","timestamp":"2025-11-18 20:59:50"}
{"code":"ECONNREFUSED","level":"error","message":"Redis error:","service":"trading-intercom","stack":"AggregateError [ECONNREFUSED]: \n    at internalConnectMultiple (node:net:1134:18)\n    at afterConnectMultiple (node:net:1715:7)","timestamp":"2025-11-18 20:59:51"}
{"level":"warn","message":"Redis connection closed","service":"trading-intercom","timestamp":"2025-11-18 20:59:51"}
{"level":"info","message":"Redis reconnecting...","service":"trading-intercom","timestamp":"2025-11-18 20:59:51"}
{"code":"ECONNREFUSED","level":"error","message":"Redis error:","service":"trading-intercom","stack":"AggregateError [ECONNREFUSED]: \n    at internalConnectMultiple (node:net:1134:18)\n    at afterConnectMultiple (node:net:1715:7)","timestamp":"2025-11-18 20:59:51"}
{"level":"warn","message":"Redis connection closed","service":"trading-intercom","timestamp":"2025-11-18 20:59:51"}
{"level":"info","message":"Redis reconnecting...","service":"trading-intercom","timestamp":"2025-11-18 20:59:51"}
{"level":"info","message":"MediaSoup worker 1 created","service":"trading-intercom","timestamp":"2025-11-18 20:59:51"}
{"code":"ECONNREFUSED","level":"error","message":"Redis error:","service":"trading-intercom","stack":"AggregateError [ECONNREFUSED]: \n    at internalConnectMultiple (node:net:1134:18)\n    at afterConnectMultiple (node:net:1715:7)","timestamp":"2025-11-18 20:59:51"}
{"level":"warn","message":"Redis connection closed","service":"trading-intercom","timestamp":"2025-11-18 20:59:51"}
{"level":"info","message":"Redis reconnecting...","service":"trading-intercom","timestamp":"2025-11-18 20:59:51"}
{"code":"ECONNREFUSED","level":"error","message":"Redis error:","service":"trading-intercom","stack":"AggregateError [ECONNREFUSED]: \n    at internalConnectMultiple (node:net:1134:18)\n    at afterConnectMultiple (node:net:1715:7)","timestamp":"2025-11-18 20:59:52"}
{"level":"warn","message":"Redis connection closed","service":"trading-intercom","timestamp":"2025-11-18 20:59:56"}
{"level":"info","message":"Redis reconnecting...","service":"trading-intercom","timestamp":"2025-11-18 20:59:56"}
{"level":"info","message":"MediaSoup worker 2 created","service":"trading-intercom","timestamp":"2025-11-18 20:59:56"}
{"code":"ECONNREFUSED","level":"error","message":"Redis error:","service":"trading-intercom","stack":"AggregateError [ECONNREFUSED]: \n    at internalConnectMultiple (node:net:1134:18)\n    at afterConnectMultiple (node:net:1715:7)","timestamp":"2025-11-18 20:59:56"}
{"level":"warn","message":"Redis connection closed","service":"trading-intercom","timestamp":"2025-11-18 20:59:56"}
{"level":"info","message":"Redis reconnecting...","service":"trading-intercom","timestamp":"2025-11-18 20:59:56"}
{"code":"ECONNREFUSED","level":"error","message":"Redis error:","service":"trading-intercom","stack":"AggregateError [ECONNREFUSED]: \n    at internalConnectMultiple (node:net:1134:18)\n    at afterConnectMultiple (node:net:1715:7)","timestamp":"2025-11-18 20:59:57"}
{"level":"warn","message":"Redis connection closed","service":"trading-intercom","timestamp":"2025-11-18 20:59:57"}
{"level":"info","message":"Redis reconnecting...","service":"trading-intercom","timestamp":"2025-11-18 20:59:57"}
{"code":"ECONNREFUSED","level":"error","message":"Redis error:","service":"trading-intercom","stack":"AggregateError [ECONNREFUSED]: \n    at internalConnectMultiple (node:net:1134:18)\n    at afterConnectMultiple (node:net:1715:7)","timestamp":"2025-11-18 20:59:57"}
{"level":"warn","message":"Redis connection closed","service":"trading-intercom","timestamp":"2025-11-18 20:59:57"}
{"level":"info","message":"Redis reconnecting...","service":"trading-intercom","timestamp":"2025-11-18 20:59:57"}
{"level":"info","message":"MediaSoup worker 3 created","service":"trading-intercom","timestamp":"2025-11-18 20:59:57"}
{"level":"info","message":"MediaSoup worker 4 created","service":"trading-intercom","timestamp":"2025-11-18 20:59:58"}
{"level":"info","message":"MediaSoup SFU initialized successfully","rtcPorts":"10000-10200","service":"trading-intercom","timestamp":"2025-11-18 20:59:58","workers":4}
{"audioProcessing":{"autoGainControl":false,"echoCancellation":false,"noiseReduction":false,"voiceActivityDetection":false},"config":{"adaptiveBitrate":false,"audioLevelThreshold":-50,"bandwidthLimit":64000,"maxConcurrentSpeakers":3,"silenceTimeout":2000},"level":"info","message":"Audio routing service initialized","service":"trading-intercom","timestamp":"2025-11-18 20:59:58"}
{"level":"warn","message":"Matrix integration is disabled","service":"trading-intercom","timestamp":"2025-11-18 20:59:58"}
{"level":"warn","message":"Matrix AppService is disabled","service":"trading-intercom","timestamp":"2025-11-18 20:59:58"}
{"level":"warn","message":"Matrix user sync disabled - Matrix service not enabled","service":"trading-intercom","timestamp":"2025-11-18 20:59:58"}
{"level":"info","message":"SIP Gateway disabled","service":"trading-intercom","timestamp":"2025-11-18 20:59:58"}
{"level":"info","message":"Zoom integration disabled","service":"trading-intercom","timestamp":"2025-11-18 20:59:58"}
{"level":"info","message":"Zoom service initialized","service":"trading-intercom","timestamp":"2025-11-18 20:59:59"}
{"level":"info","message":"Zoom-Matrix bridge service initialized","service":"trading-intercom","timestamp":"2025-11-18 20:59:59"}
{"level":"info","message":"Microsoft Teams integration disabled","service":"trading-intercom","timestamp":"2025-11-18 20:59:59"}
{"level":"info","message":"Teams service initialized","service":"trading-intercom","timestamp":"2025-11-18 20:59:59"}
{"level":"info","message":"Teams-Matrix bridge service initialized","service":"trading-intercom","timestamp":"2025-11-18 20:59:59"}
{"level":"info","message":"WebSocket monitoring enabled - Max connections: 1000","service":"trading-intercom","timestamp":"2025-11-18 20:59:59"}
{"level":"info","message":"Matrix service Socket.IO instance set","service":"trading-intercom","timestamp":"2025-11-18 20:59:59"}
{"level":"info","message":"Matrix service Socket.IO instance configured for real-time updates","service":"trading-intercom","timestamp":"2025-11-18 20:59:59"}
{"level":"info","message":"Scheduled room archiving will run daily at 2 AM (first run in 300 minutes)","service":"trading-intercom","timestamp":"2025-11-18 20:59:59"}
{"level":"info","message":"Audio recording service initialized","service":"trading-intercom","timestamp":"2025-11-18 20:59:59"}
{"level":"info","message":"Server role using fallback: publisher","service":"trading-intercom","timestamp":"2025-11-18 20:59:59"}
{"level":"info","message":"Server initialized as: PUBLISHER","service":"trading-intercom","timestamp":"2025-11-18 20:59:59"}
{"level":"info","message":"Publisher subscriber service initialized on port 3002 (path: /subscriber)","service":"trading-intercom","timestamp":"2025-11-18 20:59:59"}
{"level":"info","message":"Retention policy service initialized (check interval: 24 hours)","service":"trading-intercom","timestamp":"2025-11-18 21:00:00"}
{"level":"info","message":"Retention policy scheduler started (interval: 24 hours)","service":"trading-intercom","timestamp":"2025-11-18 21:00:00"}
{"level":"info","message":"Retention policy service initialized","service":"trading-intercom","timestamp":"2025-11-18 21:00:00"}
{"level":"info","message":"Server initialization completed successfully","service":"trading-intercom","timestamp":"2025-11-18 21:00:00"}
{"level":"info","message":"Trading Intercom Server running on port 5000","service":"trading-intercom","timestamp":"2025-11-18 21:00:00"}
{"level":"info","message":"Environment: development","service":"trading-intercom","timestamp":"2025-11-18 21:00:00"}
{"level":"info","message":"Matrix Server: Not configured","service":"trading-intercom","timestamp":"2025-11-18 21:00:00"}
{"level":"info","message":"SIP Gateway: Disabled","service":"trading-intercom","timestamp":"2025-11-18 21:00:00"}
{"code":"ECONNREFUSED","level":"error","message":"Redis error:","service":"trading-intercom","stack":"AggregateError [ECONNREFUSED]: \n    at internalConnectMultiple (node:net:1134:18)\n    at afterConnectMultiple (node:net:1715:7)","timestamp":"2025-11-18 21:00:00"}
{"level":"warn","message":"Redis connection closed","service":"trading-intercom","timestamp":"2025-11-18 21:00:00"}
{"level":"info","message":"Redis reconnecting...","service":"trading-intercom","timestamp":"2025-11-18 21:00:00"}
{"code":"ECONNREFUSED","level":"error","message":"Redis error:","service":"trading-intercom","stack":"AggregateError [ECONNREFUSED]: \n    at internalConnectMultiple (node:net:1134:18)\n    at afterConnectMultiple (node:net:1715:7)","timestamp":"2025-11-18 21:00:00"}
{"level":"warn","message":"Redis connection closed","service":"trading-intercom","timestamp":"2025-11-18 21:00:00"}
{"level":"info","message":"Redis reconnecting...","service":"trading-intercom","timestamp":"2025-11-18 21:00:00"}
{"code":"ECONNREFUSED","level":"error","message":"Redis error:","service":"trading-intercom","stack":"AggregateError [ECONNREFUSED]: \n    at internalConnectMultiple (node:net:1134:18)\n    at afterConnectMultiple (node:net:1715:7)","timestamp":"2025-11-18 21:00:01"}
{"level":"warn","message":"Redis connection closed","service":"trading-intercom","timestamp":"2025-11-18 21:00:01"}
{"level":"info","message":"Redis reconnecting...","service":"trading-intercom","timestamp":"2025-11-18 21:00:01"}
{"code":"ECONNREFUSED","level":"error","message":"Redis error:","service":"trading-intercom","stack":"AggregateError [ECONNREFUSED]: \n    at internalConnectMultiple (node:net:1134:18)\n    at afterConnectMultiple (node:net:1715:7)","timestamp":"2025-11-18 21:00:02"}
{"level":"warn","message":"Redis connection closed","service":"trading-intercom","timestamp":"2025-11-18 21:00:02"}
{"level":"info","message":"Redis reconnecting...","service":"trading-intercom","timestamp":"2025-11-18 21:00:02"}
{"code":"ECONNREFUSED","level":"error","message":"Redis error:","service":"trading-intercom","stack":"AggregateError [ECONNREFUSED]: \n    at internalConnectMultiple (node:net:1134:18)\n    at afterConnectMultiple (node:net:1715:7)","timestamp":"2025-11-18 21:00:03"}
{"level":"warn","message":"Redis connection closed","service":"trading-intercom","timestamp":"2025-11-18 21:00:03"}
{"level":"info","message":"Redis reconnecting...","service":"trading-intercom","timestamp":"2025-11-18 21:00:03"}
{"code":"ECONNREFUSED","level":"error","message":"Redis error:","service":"trading-intercom","stack":"AggregateError [ECONNREFUSED]: \n    at internalConnectMultiple (node:net:1134:18)\n    at afterConnectMultiple (node:net:1715:7)","timestamp":"2025-11-18 21:00:04"}
{"level":"warn","message":"Redis connection closed","service":"trading-intercom","timestamp":"2025-11-18 21:00:04"}
{"level":"info","message":"Redis reconnecting...","service":"trading-intercom","timestamp":"2025-11-18 21:00:04"}
{"code":"ECONNREFUSED","level":"error","message":"Redis error:","service":"trading-intercom","stack":"AggregateError [ECONNREFUSED]: \n    at internalConnectMultiple (node:net:1134:18)\n    at afterConnectMultiple (node:net:1715:7)","timestamp":"2025-11-18 21:00:05"}
{"level":"warn","message":"Redis connection closed","service":"trading-intercom","timestamp":"2025-11-18 21:00:05"}
{"level":"info","message":"Redis reconnecting...","service":"trading-intercom","timestamp":"2025-11-18 21:00:05"}
{"code":"ECONNREFUSED","level":"error","message":"Redis error:","service":"trading-intercom","stack":"AggregateError [ECONNREFUSED]: \n    at internalConnectMultiple (node:net:1134:18)\n    at afterConnectMultiple (node:net:1715:7)","timestamp":"2025-11-18 21:00:06"}
{"level":"warn","message":"Redis connection closed","service":"trading-intercom","timestamp":"2025-11-18 21:00:06"}
{"level":"info","message":"Redis reconnecting...","service":"trading-intercom","timestamp":"2025-11-18 21:00:06"}
{"code":"ECONNREFUSED","level":"error","message":"Redis error:","service":"trading-intercom","stack":"AggregateError [ECONNREFUSED]: \n    at internalConnectMultiple (node:net:1134:18)\n    at afterConnectMultiple (node:net:1715:7)","timestamp":"2025-11-18 21:00:07"}
{"level":"warn","message":"Redis connection closed","service":"trading-intercom","timestamp":"2025-11-18 21:00:07"}
{"level":"info","message":"Redis reconnecting...","service":"trading-intercom","timestamp":"2025-11-18 21:00:07"}
{"code":"ECONNREFUSED","level":"error","message":"Redis error:","service":"trading-intercom","stack":"AggregateError [ECONNREFUSED]: \n    at internalConnectMultiple (node:net:1134:18)\n    at afterConnectMultiple (node:net:1715:7)","timestamp":"2025-11-18 21:00:08"}
{"level":"warn","message":"Redis connection closed","service":"trading-intercom","timestamp":"2025-11-18 21:00:08"}
{"level":"info","message":"Redis reconnecting...","service":"trading-intercom","timestamp":"2025-11-18 21:00:08"}
{"code":"ECONNREFUSED","level":"error","message":"Redis error:","service":"trading-intercom","stack":"AggregateError [ECONNREFUSED]: \n    at internalConnectMultiple (node:net:1134:18)\n    at afterConnectMultiple (node:net:1715:7)","timestamp":"2025-11-18 21:00:09"}
{"level":"warn","message":"Redis connection closed","service":"trading-intercom","timestamp":"2025-11-18 21:00:09"}
{"level":"info","message":"Redis reconnecting...","service":"trading-intercom","timestamp":"2025-11-18 21:00:09"}
{"code":"ECONNREFUSED","level":"error","message":"Redis error:","service":"trading-intercom","stack":"AggregateError [ECONNREFUSED]: \n    at internalConnectMultiple (node:net:1134:18)\n    at afterConnectMultiple (node:net:1715:7)","timestamp":"2025-11-18 21:00:10"}
{"level":"warn","message":"Redis connection closed","service":"trading-intercom","timestamp":"2025-11-18 21:00:10"}
{"level":"info","message":"Redis reconnecting...","service":"trading-intercom","timestamp":"2025-11-18 21:00:10"}
{"code":"ECONNREFUSED","level":"error","message":"Redis error:","service":"trading-intercom","stack":"AggregateError [ECONNREFUSED]: \n    at internalConnectMultiple (node:net:1134:18)\n    at afterConnectMultiple (node:net:1715:7)","timestamp":"2025-11-18 21:00:11"}
{"level":"warn","message":"Redis connection closed","service":"trading-intercom","timestamp":"2025-11-18 21:00:12"}
{"level":"info","message":"Redis reconnecting...","service":"trading-intercom","timestamp":"2025-11-18 21:00:12"}
{"code":"ECONNREFUSED","level":"error","message":"Redis error:","service":"trading-intercom","stack":"AggregateError [ECONNREFUSED]: \n    at internalConnectMultiple (node:net:1134:18)\n    at afterConnectMultiple (node:net:1715:7)","timestamp":"2025-11-18 21:00:13"}
{"level":"warn","message":"Redis connection closed","service":"trading-intercom","timestamp":"2025-11-18 21:00:13"}
{"level":"info","message":"Redis reconnecting...","service":"trading-intercom","timestamp":"2025-11-18 21:00:13"}
{"code":"ECONNREFUSED","level":"error","message":"Redis error:","service":"trading-intercom","stack":"AggregateError [ECONNREFUSED]: \n    at internalConnectMultiple (node:net:1134:18)\n    at afterConnectMultiple (node:net:1715:7)","timestamp":"2025-11-18 21:00:14"}
{"level":"warn","message":"Redis connection closed","service":"trading-intercom","timestamp":"2025-11-18 21:00:14"}
{"level":"info","message":"Redis reconnecting...","service":"trading-intercom","timestamp":"2025-11-18 21:00:14"}
{"code":"ECONNREFUSED","level":"error","message":"Redis error:","service":"trading-intercom","stack":"AggregateError [ECONNREFUSED]: \n    at internalConnectMultiple (node:net:1134:18)\n    at afterConnectMultiple (node:net:1715:7)","timestamp":"2025-11-18 21:00:15"}
{"level":"warn","message":"Redis connection closed","service":"trading-intercom","timestamp":"2025-11-18 21:00:16"}
{"level":"info","message":"Redis reconnecting...","service":"trading-intercom","timestamp":"2025-11-18 21:00:16"}
{"code":"ECONNREFUSED","level":"error","message":"Redis error:","service":"trading-intercom","stack":"AggregateError [ECONNREFUSED]: \n    at internalConnectMultiple (node:net:1134:18)\n    at afterConnectMultiple (node:net:1715:7)","timestamp":"2025-11-18 21:00:17"}
{"level":"warn","message":"Redis connection closed","service":"trading-intercom","timestamp":"2025-11-18 21:00:17"}
{"level":"info","message":"Redis reconnecting...","service":"trading-intercom","timestamp":"2025-11-18 21:00:17"}
{"code":"ECONNREFUSED","level":"error","message":"Redis error:","service":"trading-intercom","stack":"AggregateError [ECONNREFUSED]: \n    at internalConnectMultiple (node:net:1134:18)\n    at afterConnectMultiple (node:net:1715:7)","timestamp":"2025-11-18 21:00:18"}
{"level":"warn","message":"Redis connection closed","service":"trading-intercom","timestamp":"2025-11-18 21:00:19"}
{"level":"info","message":"Redis reconnecting...","service":"trading-intercom","timestamp":"2025-11-18 21:00:19"}
{"code":"ECONNREFUSED","level":"error","message":"Redis error:","service":"trading-intercom","stack":"AggregateError [ECONNREFUSED]: \n    at internalConnectMultiple (node:net:1134:18)\n    at afterConnectMultiple (node:net:1715:7)","timestamp":"2025-11-18 21:00:20"}
{"level":"warn","message":"Redis connection closed","service":"trading-intercom","timestamp":"2025-11-18 21:00:20"}
{"level":"info","message":"Redis reconnecting...","service":"trading-intercom","timestamp":"2025-11-18 21:00:20"}
{"code":"ECONNREFUSED","level":"error","message":"Redis error:","service":"trading-intercom","stack":"AggregateError [ECONNREFUSED]: \n    at internalConnectMultiple (node:net:1134:18)\n    at afterConnectMultiple (node:net:1715:7)","timestamp":"2025-11-18 21:00:22"}
{"level":"warn","message":"Redis connection closed","service":"trading-intercom","timestamp":"2025-11-18 21:00:22"}
{"level":"info","message":"Redis reconnecting...","service":"trading-intercom","timestamp":"2025-11-18 21:00:22"}
{"code":"ECONNREFUSED","level":"error","message":"Redis error:","service":"trading-intercom","stack":"AggregateError [ECONNREFUSED]: \n    at internalConnectMultiple (node:net:1134:18)\n    at afterConnectMultiple (node:net:1715:7)","timestamp":"2025-11-18 21:00:23"}
{"level":"warn","message":"Redis connection closed","service":"trading-intercom","timestamp":"2025-11-18 21:00:23"}
{"level":"info","message":"Redis reconnecting...","service":"trading-intercom","timestamp":"2025-11-18 21:00:23"}
{"code":"ECONNREFUSED","level":"error","message":"Redis error:","service":"trading-intercom","stack":"AggregateError [ECONNREFUSED]: \n    at internalConnectMultiple (node:net:1134:18)\n    at afterConnectMultiple (node:net:1715:7)","timestamp":"2025-11-18 21:00:25"}
{"level":"warn","message":"Redis connection closed","service":"trading-intercom","timestamp":"2025-11-18 21:00:25"}
{"level":"info","message":"Redis reconnecting...","service":"trading-intercom","timestamp":"2025-11-18 21:00:25"}
{"code":"ECONNREFUSED","level":"error","message":"Redis error:","service":"trading-intercom","stack":"AggregateError [ECONNREFUSED]: \n    at internalConnectMultiple (node:net:1134:18)\n    at afterConnectMultiple (node:net:1715:7)","timestamp":"2025-11-18 21:00:26"}
{"level":"warn","message":"Redis connection closed","service":"trading-intercom","timestamp":"2025-11-18 21:00:27"}
{"level":"info","message":"Redis reconnecting...","service":"trading-intercom","timestamp":"2025-11-18 21:00:27"}
{"code":"ECONNREFUSED","level":"error","message":"Redis error:","service":"trading-intercom","stack":"AggregateError [ECONNREFUSED]: \n    at internalConnectMultiple (node:net:1134:18)\n    at afterConnectMultiple (node:net:1715:7)","timestamp":"2025-11-18 21:00:28"}
{"level":"warn","message":"Redis connection closed","service":"trading-intercom","timestamp":"2025-11-18 21:00:28"}
{"level":"info","message":"Redis reconnecting...","service":"trading-intercom","timestamp":"2025-11-18 21:00:28"}
{"code":"ECONNREFUSED","level":"error","message":"Redis error:","service":"trading-intercom","stack":"AggregateError [ECONNREFUSED]: \n    at internalConnectMultiple (node:net:1134:18)\n    at afterConnectMultiple (node:net:1715:7)","timestamp":"2025-11-18 21:00:30"}
{"level":"warn","message":"Redis connection closed","service":"trading-intercom","timestamp":"2025-11-18 21:00:30"}
{"level":"info","message":"Redis reconnecting...","service":"trading-intercom","timestamp":"2025-11-18 21:00:30"}
{"code":"ECONNREFUSED","level":"error","message":"Redis error:","service":"trading-intercom","stack":"AggregateError [ECONNREFUSED]: \n    at internalConnectMultiple (node:net:1134:18)\n    at afterConnectMultiple (node:net:1715:7)","timestamp":"2025-11-18 21:00:32"}
{"level":"warn","message":"Redis connection closed","service":"trading-intercom","timestamp":"2025-11-18 21:00:32"}
{"level":"info","message":"Redis reconnecting...","service":"trading-intercom","timestamp":"2025-11-18 21:00:32"}
{"code":"ECONNREFUSED","level":"error","message":"Redis error:","service":"trading-intercom","stack":"AggregateError [ECONNREFUSED]: \n    at internalConnectMultiple (node:net:1134:18)\n    at afterConnectMultiple (node:net:1715:7)","timestamp":"2025-11-18 21:00:34"}
{"level":"warn","message":"Redis connection closed","service":"trading-intercom","timestamp":"2025-11-18 21:00:34"}
{"level":"info","message":"Redis reconnecting...","service":"trading-intercom","timestamp":"2025-11-18 21:00:34"}
{"code":"ECONNREFUSED","level":"error","message":"Redis error:","service":"trading-intercom","stack":"AggregateError [ECONNREFUSED]: \n    at internalConnectMultiple (node:net:1134:18)\n    at afterConnectMultiple (node:net:1715:7)","timestamp":"2025-11-18 21:00:36"}
{"level":"warn","message":"Redis connection closed","service":"trading-intercom","timestamp":"2025-11-18 21:00:36"}
{"level":"info","message":"Redis reconnecting...","service":"trading-intercom","timestamp":"2025-11-18 21:00:36"}
{"code":"ECONNREFUSED","level":"error","message":"Redis error:","service":"trading-intercom","stack":"AggregateError [ECONNREFUSED]: \n    at internalConnectMultiple (node:net:1134:18)\n    at afterConnectMultiple (node:net:1715:7)","timestamp":"2025-11-18 21:00:38"}
{"level":"warn","message":"Redis connection closed","service":"trading-intercom","timestamp":"2025-11-18 21:00:38"}
{"level":"info","message":"Redis reconnecting...","service":"trading-intercom","timestamp":"2025-11-18 21:00:38"}
{"code":"ECONNREFUSED","level":"error","message":"Redis error:","service":"trading-intercom","stack":"AggregateError [ECONNREFUSED]: \n    at internalConnectMultiple (node:net:1134:18)\n    at afterConnectMultiple (node:net:1715:7)","timestamp":"2025-11-18 21:00:40"}
{"level":"warn","message":"Redis connection closed","service":"trading-intercom","timestamp":"2025-11-18 21:00:40"}
{"level":"info","message":"Redis reconnecting...","service":"trading-intercom","timestamp":"2025-11-18 21:00:40"}
{"code":"ECONNREFUSED","level":"error","message":"Redis error:","service":"trading-intercom","stack":"AggregateError [ECONNREFUSED]: \n    at internalConnectMultiple (node:net:1134:18)\n    at afterConnectMultiple (node:net:1715:7)","timestamp":"2025-11-18 21:00:42"}
{"level":"warn","message":"Redis connection closed","service":"trading-intercom","timestamp":"2025-11-18 21:00:42"}
{"level":"info","message":"Redis reconnecting...","service":"trading-intercom","timestamp":"2025-11-18 21:00:42"}
{"code":"ECONNREFUSED","level":"error","message":"Redis error:","service":"trading-intercom","stack":"AggregateError [ECONNREFUSED]: \n    at internalConnectMultiple (node:net:1134:18)\n    at afterConnectMultiple (node:net:1715:7)","timestamp":"2025-11-18 21:00:44"}
{"level":"warn","message":"Redis connection closed","service":"trading-intercom","timestamp":"2025-11-18 21:00:44"}
{"level":"info","message":"Redis reconnecting...","service":"trading-intercom","timestamp":"2025-11-18 21:00:44"}
{"code":"ECONNREFUSED","level":"error","message":"Redis error:","service":"trading-intercom","stack":"AggregateError [ECONNREFUSED]: \n    at internalConnectMultiple (node:net:1134:18)\n    at afterConnectMultiple (node:net:1715:7)","timestamp":"2025-11-18 21:00:46"}
{"level":"warn","message":"Redis connection closed","service":"trading-intercom","timestamp":"2025-11-18 21:00:46"}
{"level":"info","message":"Redis reconnecting...","service":"trading-intercom","timestamp":"2025-11-18 21:00:46"}
{"code":"ECONNREFUSED","level":"error","message":"Redis error:","service":"trading-intercom","stack":"AggregateError [ECONNREFUSED]: \n    at internalConnectMultiple (node:net:1134:18)\n    at afterConnectMultiple (node:net:1715:7)","timestamp":"2025-11-18 21:00:48"}
{"level":"warn","message":"Redis connection closed","service":"trading-intercom","timestamp":"2025-11-18 21:00:48"}
{"level":"info","message":"Redis reconnecting...","service":"trading-intercom","timestamp":"2025-11-18 21:00:48"}
{"code":"ECONNREFUSED","level":"error","message":"Redis error:","service":"trading-intercom","stack":"AggregateError [ECONNREFUSED]: \n    at internalConnectMultiple (node:net:1134:18)\n    at afterConnectMultiple (node:net:1715:7)","timestamp":"2025-11-18 21:00:50"}
{"level":"warn","message":"Redis connection closed","service":"trading-intercom","timestamp":"2025-11-18 21:00:50"}
{"level":"info","message":"Redis reconnecting...","service":"trading-intercom","timestamp":"2025-11-18 21:00:50"}
{"code":"ECONNREFUSED","level":"error","message":"Redis error:","service":"trading-intercom","stack":"AggregateError [ECONNREFUSED]: \n    at internalConnectMultiple (node:net:1134:18)\n    at afterConnectMultiple (node:net:1715:7)","timestamp":"2025-11-18 21:00:52"}
{"level":"warn","message":"Redis connection closed","service":"trading-intercom","timestamp":"2025-11-18 21:00:52"}
{"level":"info","message":"Redis reconnecting...","service":"trading-intercom","timestamp":"2025-11-18 21:00:52"}
{"code":"ECONNREFUSED","level":"error","message":"Redis error:","service":"trading-intercom","stack":"AggregateError [ECONNREFUSED]: \n    at internalConnectMultiple (node:net:1134:18)\n    at afterConnectMultiple (node:net:1715:7)","timestamp":"2025-11-18 21:00:54"}
{"level":"warn","message":"Redis connection closed","service":"trading-intercom","timestamp":"2025-11-18 21:00:54"}
{"level":"info","message":"Redis reconnecting...","service":"trading-intercom","timestamp":"2025-11-18 21:00:54"}
{"code":"ECONNREFUSED","level":"error","message":"Redis error:","service":"trading-intercom","stack":"AggregateError [ECONNREFUSED]: \n    at internalConnectMultiple (node:net:1134:18)\n    at afterConnectMultiple (node:net:1715:7)","timestamp":"2025-11-18 21:00:56"}
{"level":"warn","message":"Redis connection closed","service":"trading-intercom","timestamp":"2025-11-18 21:00:56"}
{"level":"info","message":"Redis reconnecting...","service":"trading-intercom","timestamp":"2025-11-18 21:00:56"}
{"code":"ECONNREFUSED","level":"error","message":"Redis error:","service":"trading-intercom","stack":"AggregateError [ECONNREFUSED]: \n    at internalConnectMultiple (node:net:1134:18)\n    at afterConnectMultiple (node:net:1715:7)","timestamp":"2025-11-18 21:00:58"}
{"level":"warn","message":"Redis connection closed","service":"trading-intercom","timestamp":"2025-11-18 21:00:58"}
{"level":"info","message":"Redis reconnecting...","service":"trading-intercom","timestamp":"2025-11-18 21:00:58"}
{"level":"info","message":"Starting retention policy check...","service":"trading-intercom","timestamp":"2025-11-18 21:01:00"}
{"level":"info","message":"Processing voice recordings for retention...","service":"trading-intercom","timestamp":"2025-11-18 21:01:00"}
{"level":"info","message":"Voice recordings processed: 0 deleted, 0 protected by legal hold","service":"trading-intercom","timestamp":"2025-11-18 21:01:00"}
{"level":"info","message":"Processing messaging data for retention...","service":"trading-intercom","timestamp":"2025-11-18 21:01:00"}
{"level":"info","message":"Messaging data processed: 0 rooms archived, 0 protected by legal hold","service":"trading-intercom","timestamp":"2025-11-18 21:01:00"}
{"level":"info","message":"Processing other data for retention...","service":"trading-intercom","timestamp":"2025-11-18 21:01:00"}
{"level":"info","message":"Other data retention processing completed","service":"trading-intercom","timestamp":"2025-11-18 21:01:00"}
{"level":"info","message":"Retention policy check completed. Stats: {\"totalChecks\":1,\"recordingsDeleted\":0,\"messagesDeleted\":0,\"dataDeleted\":0,\"legalHoldProtected\":0,\"errors\":0}","service":"trading-intercom","timestamp":"2025-11-18 21:01:00"}
{"code":"ECONNREFUSED","level":"error","message":"Redis error:","service":"trading-intercom","stack":"AggregateError [ECONNREFUSED]: \n    at internalConnectMultiple (node:net:1134:18)\n    at afterConnectMultiple (node:net:1715:7)","timestamp":"2025-11-18 21:01:00"}
{"level":"warn","message":"Redis connection closed","service":"trading-intercom","timestamp":"2025-11-18 21:01:00"}
{"level":"info","message":"Redis reconnecting...","service":"trading-intercom","timestamp":"2025-11-18 21:01:00"}
{"code":"ECONNREFUSED","level":"error","message":"Redis error:","service":"trading-intercom","stack":"AggregateError [ECONNREFUSED]: \n    at internalConnectMultiple (node:net:1134:18)\n    at afterConnectMultiple (node:net:1715:7)","timestamp":"2025-11-18 21:01:02"}
{"level":"warn","message":"Redis connection closed","service":"trading-intercom","timestamp":"2025-11-18 21:01:02"}
{"level":"info","message":"Redis reconnecting...","service":"trading-intercom","timestamp":"2025-11-18 21:01:02"}
{"code":"ECONNREFUSED","level":"error","message":"Redis error:","service":"trading-intercom","stack":"AggregateError [ECONNREFUSED]: \n    at internalConnectMultiple (node:net:1134:18)\n    at afterConnectMultiple (node:net:1715:7)","timestamp":"2025-11-18 21:01:04"}
{"level":"warn","message":"Redis connection closed","service":"trading-intercom","timestamp":"2025-11-18 21:01:04"}
{"level":"info","message":"Redis reconnecting...","service":"trading-intercom","timestamp":"2025-11-18 21:01:04"}
{"code":"ECONNREFUSED","level":"error","message":"Redis error:","service":"trading-intercom","stack":"AggregateError [ECONNREFUSED]: \n    at internalConnectMultiple (node:net:1134:18)\n    at afterConnectMultiple (node:net:1715:7)","timestamp":"2025-11-18 21:01:06"}
{"level":"warn","message":"Redis connection closed","service":"trading-intercom","timestamp":"2025-11-18 21:01:07"}
{"level":"info","message":"Redis reconnecting...","service":"trading-intercom","timestamp":"2025-11-18 21:01:07"}
{"code":"ECONNREFUSED","level":"error","message":"Redis error:","service":"trading-intercom","stack":"AggregateError [ECONNREFUSED]: \n    at internalConnectMultiple (node:net:1134:18)\n    at afterConnectMultiple (node:net:1715:7)","timestamp":"2025-11-18 21:01:09"}
{"level":"warn","message":"Redis connection closed","service":"trading-intercom","timestamp":"2025-11-18 21:01:09"}
{"level":"info","message":"Redis reconnecting...","service":"trading-intercom","timestamp":"2025-11-18 21:01:09"}
{"code":"ECONNREFUSED","level":"error","message":"Redis error:","service":"trading-intercom","stack":"AggregateError [ECONNREFUSED]: \n    at internalConnectMultiple (node:net:1134:18)\n    at afterConnectMultiple (node:net:1715:7)","timestamp":"2025-11-18 21:01:11"}
{"level":"warn","message":"Redis connection closed","service":"trading-intercom","timestamp":"2025-11-18 21:01:11"}
{"level":"info","message":"Redis reconnecting...","service":"trading-intercom","timestamp":"2025-11-18 21:01:11"}
{"code":"ECONNREFUSED","level":"error","message":"Redis error:","service":"trading-intercom","stack":"AggregateError [ECONNREFUSED]: \n    at internalConnectMultiple (node:net:1134:18)\n    at afterConnectMultiple (node:net:1715:7)","timestamp":"2025-11-18 21:01:13"}
{"level":"warn","message":"Redis connection closed","service":"trading-intercom","timestamp":"2025-11-18 21:01:13"}
{"level":"info","message":"Redis reconnecting...","service":"trading-intercom","timestamp":"2025-11-18 21:01:13"}
{"code":"ECONNREFUSED","level":"error","message":"Redis error:","service":"trading-intercom","stack":"AggregateError [ECONNREFUSED]: \n    at internalConnectMultiple (node:net:1134:18)\n    at afterConnectMultiple (node:net:1715:7)","timestamp":"2025-11-18 21:01:15"}
{"level":"warn","message":"Redis connection closed","service":"trading-intercom","timestamp":"2025-11-18 21:01:15"}
{"level":"info","message":"Redis reconnecting...","service":"trading-intercom","timestamp":"2025-11-18 21:01:15"}
{"code":"ECONNREFUSED","level":"error","message":"Redis error:","service":"trading-intercom","stack":"AggregateError [ECONNREFUSED]: \n    at internalConnectMultiple (node:net:1134:18)\n    at afterConnectMultiple (node:net:1715:7)","timestamp":"2025-11-18 21:01:17"}
{"level":"warn","message":"Redis connection closed","service":"trading-intercom","timestamp":"2025-11-18 21:01:17"}
{"level":"info","message":"Redis reconnecting...","service":"trading-intercom","timestamp":"2025-11-18 21:01:17"}
{"code":"ECONNREFUSED","level":"error","message":"Redis error:","service":"trading-intercom","stack":"AggregateError [ECONNREFUSED]: \n    at internalConnectMultiple (node:net:1134:18)\n    at afterConnectMultiple (node:net:1715:7)","timestamp":"2025-11-18 21:01:19"}
{"level":"warn","message":"Redis connection closed","service":"trading-intercom","timestamp":"2025-11-18 21:01:19"}
{"level":"info","message":"Redis reconnecting...","service":"trading-intercom","timestamp":"2025-11-18 21:01:19"}
{"code":"ECONNREFUSED","level":"error","message":"Redis error:","service":"trading-intercom","stack":"AggregateError [ECONNREFUSED]: \n    at internalConnectMultiple (node:net:1134:18)\n    at afterConnectMultiple (node:net:1715:7)","timestamp":"2025-11-18 21:01:21"}
{"level":"warn","message":"Redis connection closed","service":"trading-intercom","timestamp":"2025-11-18 21:01:21"}
{"level":"info","message":"Redis reconnecting...","service":"trading-intercom","timestamp":"2025-11-18 21:01:21"}
{"code":"ECONNREFUSED","level":"error","message":"Redis error:","service":"trading-intercom","stack":"AggregateError [ECONNREFUSED]: \n    at internalConnectMultiple (node:net:1134:18)\n    at afterConnectMultiple (node:net:1715:7)","timestamp":"2025-11-18 21:01:23"}
{"level":"warn","message":"Redis connection closed","service":"trading-intercom","timestamp":"2025-11-18 21:01:23"}
{"level":"info","message":"Redis reconnecting...","service":"trading-intercom","timestamp":"2025-11-18 21:01:23"}
{"code":"ECONNREFUSED","level":"error","message":"Redis error:","service":"trading-intercom","stack":"AggregateError [ECONNREFUSED]: \n    at internalConnectMultiple (node:net:1134:18)\n    at afterConnectMultiple (node:net:1715:7)","timestamp":"2025-11-18 21:01:25"}
{"level":"warn","message":"Redis connection closed","service":"trading-intercom","timestamp":"2025-11-18 21:01:25"}
{"level":"info","message":"Redis reconnecting...","service":"trading-intercom","timestamp":"2025-11-18 21:01:25"}
{"code":"ECONNREFUSED","level":"error","message":"Redis error:","service":"trading-intercom","stack":"AggregateError [ECONNREFUSED]: \n    at internalConnectMultiple (node:net:1134:18)\n    at afterConnectMultiple (node:net:1715:7)","timestamp":"2025-11-18 21:01:27"}
{"level":"warn","message":"Redis connection closed","service":"trading-intercom","timestamp":"2025-11-18 21:01:27"}
{"level":"info","message":"Redis reconnecting...","service":"trading-intercom","timestamp":"2025-11-18 21:01:27"}
{"code":"ECONNREFUSED","level":"error","message":"Redis error:","service":"trading-intercom","stack":"AggregateError [ECONNREFUSED]: \n    at internalConnectMultiple (node:net:1134:18)\n    at afterConnectMultiple (node:net:1715:7)","timestamp":"2025-11-18 21:01:29"}
{"level":"warn","message":"Redis connection closed","service":"trading-intercom","timestamp":"2025-11-18 21:01:29"}
{"level":"info","message":"Redis reconnecting...","service":"trading-intercom","timestamp":"2025-11-18 21:01:29"}
{"code":"ECONNREFUSED","level":"error","message":"Redis error:","service":"trading-intercom","stack":"AggregateError [ECONNREFUSED]: \n    at internalConnectMultiple (node:net:1134:18)\n    at afterConnectMultiple (node:net:1715:7)","timestamp":"2025-11-18 21:01:31"}
{"level":"warn","message":"Redis connection closed","service":"trading-intercom","timestamp":"2025-11-18 21:01:31"}
{"level":"info","message":"Redis reconnecting...","service":"trading-intercom","timestamp":"2025-11-18 21:01:31"}
{"code":"ECONNREFUSED","level":"error","message":"Redis error:","service":"trading-intercom","stack":"AggregateError [ECONNREFUSED]: \n    at internalConnectMultiple (node:net:1134:18)\n    at afterConnectMultiple (node:net:1715:7)","timestamp":"2025-11-18 21:01:33"}
{"level":"warn","message":"Redis connection closed","service":"trading-intercom","timestamp":"2025-11-18 21:01:33"}
{"level":"info","message":"Redis reconnecting...","service":"trading-intercom","timestamp":"2025-11-18 21:01:34"}
{"code":"ECONNREFUSED","level":"error","message":"Redis error:","service":"trading-intercom","stack":"AggregateError [ECONNREFUSED]: \n    at internalConnectMultiple (node:net:1134:18)\n    at afterConnectMultiple (node:net:1715:7)","timestamp":"2025-11-18 21:01:35"}
{"level":"warn","message":"Redis connection closed","service":"trading-intercom","timestamp":"2025-11-18 21:01:35"}
{"level":"info","message":"Redis reconnecting...","service":"trading-intercom","timestamp":"2025-11-18 21:01:35"}
{"code":"ECONNREFUSED","level":"error","message":"Redis error:","service":"trading-intercom","stack":"AggregateError [ECONNREFUSED]: \n    at internalConnectMultiple (node:net:1134:18)\n    at afterConnectMultiple (node:net:1715:7)","timestamp":"2025-11-18 21:01:38"}
{"level":"warn","message":"Redis connection closed","service":"trading-intercom","timestamp":"2025-11-18 21:01:38"}
{"level":"info","message":"Redis reconnecting...","service":"trading-intercom","timestamp":"2025-11-18 21:01:38"}
{"code":"ECONNREFUSED","level":"error","message":"Redis error:","service":"trading-intercom","stack":"AggregateError [ECONNREFUSED]: \n    at internalConnectMultiple (node:net:1134:18)\n    at afterConnectMultiple (node:net:1715:7)","timestamp":"2025-11-18 21:01:40"}
{"level":"warn","message":"Redis connection closed","service":"trading-intercom","timestamp":"2025-11-18 21:01:40"}
{"level":"info","message":"Redis reconnecting...","service":"trading-intercom","timestamp":"2025-11-18 21:01:40"}
{"code":"ECONNREFUSED","level":"error","message":"Redis error:","service":"trading-intercom","stack":"AggregateError [ECONNREFUSED]: \n    at internalConnectMultiple (node:net:1134:18)\n    at afterConnectMultiple (node:net:1715:7)","timestamp":"2025-11-18 21:01:42"}
{"level":"warn","message":"Redis connection closed","service":"trading-intercom","timestamp":"2025-11-18 21:01:42"}
{"level":"info","message":"Redis reconnecting...","service":"trading-intercom","timestamp":"2025-11-18 21:01:42"}
{"code":"ECONNREFUSED","level":"error","message":"Redis error:","service":"trading-intercom","stack":"AggregateError [ECONNREFUSED]: \n    at internalConnectMultiple (node:net:1134:18)\n    at afterConnectMultiple (node:net:1715:7)","timestamp":"2025-11-18 21:01:44"}
{"level":"warn","message":"Redis connection closed","service":"trading-intercom","timestamp":"2025-11-18 21:01:46"}
{"level":"info","message":"Redis reconnecting...","service":"trading-intercom","timestamp":"2025-11-18 21:01:46"}
{"code":"ECONNREFUSED","level":"error","message":"Redis error:","service":"trading-intercom","stack":"AggregateError [ECONNREFUSED]: \n    at internalConnectMultiple (node:net:1134:18)\n    at afterConnectMultiple (node:net:1715:7)","timestamp":"2025-11-18 21:01:48"}
{"level":"warn","message":"Redis connection closed","service":"trading-intercom","timestamp":"2025-11-18 21:01:48"}
{"level":"info","message":"Redis reconnecting...","service":"trading-intercom","timestamp":"2025-11-18 21:01:48"}
{"code":"ECONNREFUSED","level":"error","message":"Redis error:","service":"trading-intercom","stack":"AggregateError [ECONNREFUSED]: \n    at internalConnectMultiple (node:net:1134:18)\n    at afterConnectMultiple (node:net:1715:7)","timestamp":"2025-11-18 21:01:50"}
{"level":"warn","message":"Redis connection closed","service":"trading-intercom","timestamp":"2025-11-18 21:01:50"}
{"level":"info","message":"Redis reconnecting...","service":"trading-intercom","timestamp":"2025-11-18 21:01:50"}
{"code":"ECONNREFUSED","level":"error","message":"Redis error:","service":"trading-intercom","stack":"AggregateError [ECONNREFUSED]: \n    at internalConnectMultiple (node:net:1134:18)\n    at afterConnectMultiple (node:net:1715:7)","timestamp":"2025-11-18 21:01:52"}
{"level":"warn","message":"Redis connection closed","service":"trading-intercom","timestamp":"2025-11-18 21:01:52"}
{"level":"info","message":"Redis reconnecting...","service":"trading-intercom","timestamp":"2025-11-18 21:01:52"}
{"code":"ECONNREFUSED","level":"error","message":"Redis error:","service":"trading-intercom","stack":"AggregateError [ECONNREFUSED]: \n    at internalConnectMultiple (node:net:1134:18)\n    at afterConnectMultiple (node:net:1715:7)","timestamp":"2025-11-18 21:01:54"}
{"level":"warn","message":"Redis connection closed","service":"trading-intercom","timestamp":"2025-11-18 21:01:54"}
{"level":"info","message":"Redis reconnecting...","service":"trading-intercom","timestamp":"2025-11-18 21:01:54"}
{"code":"ECONNREFUSED","level":"error","message":"Redis error:","service":"trading-intercom","stack":"AggregateError [ECONNREFUSED]: \n    at internalConnectMultiple (node:net:1134:18)\n    at afterConnectMultiple (node:net:1715:7)","timestamp":"2025-11-18 21:01:56"}
{"level":"warn","message":"Redis connection closed","service":"trading-intercom","timestamp":"2025-11-18 21:01:56"}
{"level":"info","message":"Redis reconnecting...","service":"trading-intercom","timestamp":"2025-11-18 21:01:56"}
{"code":"ECONNREFUSED","level":"error","message":"Redis error:","service":"trading-intercom","stack":"AggregateError [ECONNREFUSED]: \n    at internalConnectMultiple (node:net:1134:18)\n    at afterConnectMultiple (node:net:1715:7)","timestamp":"2025-11-18 21:01:58"}
{"level":"warn","message":"Redis connection closed","service":"trading-intercom","timestamp":"2025-11-18 21:01:58"}
{"level":"info","message":"Redis reconnecting...","service":"trading-intercom","timestamp":"2025-11-18 21:01:58"}
{"code":"ECONNREFUSED","level":"error","message":"Redis error:","service":"trading-intercom","stack":"AggregateError [ECONNREFUSED]: \n    at internalConnectMultiple (node:net:1134:18)\n    at afterConnectMultiple (node:net:1715:7)","timestamp":"2025-11-18 21:02:00"}
{"level":"warn","message":"Redis connection closed","service":"trading-intercom","timestamp":"2025-11-18 21:02:01"}
{"level":"info","message":"Redis reconnecting...","service":"trading-intercom","timestamp":"2025-11-18 21:02:01"}
{"code":"ECONNREFUSED","level":"error","message":"Redis error:","service":"trading-intercom","stack":"AggregateError [ECONNREFUSED]: \n    at internalConnectMultiple (node:net:1134:18)\n    at afterConnectMultiple (node:net:1715:7)","timestamp":"2025-11-18 21:02:03"}
{"level":"warn","message":"Redis connection closed","service":"trading-intercom","timestamp":"2025-11-18 21:02:03"}
{"level":"info","message":"Redis reconnecting...","service":"trading-intercom","timestamp":"2025-11-18 21:02:03"}
{"code":"ECONNREFUSED","level":"error","message":"Redis error:","service":"trading-intercom","stack":"AggregateError [ECONNREFUSED]: \n    at internalConnectMultiple (node:net:1134:18)\n    at afterConnectMultiple (node:net:1715:7)","timestamp":"2025-11-18 21:02:05"}
{"level":"warn","message":"Redis connection closed","service":"trading-intercom","timestamp":"2025-11-18 21:02:05"}
{"level":"info","message":"Redis reconnecting...","service":"trading-intercom","timestamp":"2025-11-18 21:02:05"}
{"code":"ECONNREFUSED","level":"error","message":"Redis error:","service":"trading-intercom","stack":"AggregateError [ECONNREFUSED]: \n    at internalConnectMultiple (node:net:1134:18)\n    at afterConnectMultiple (node:net:1715:7)","timestamp":"2025-11-18 21:02:07"}
{"level":"warn","message":"Redis connection closed","service":"trading-intercom","timestamp":"2025-11-18 21:02:07"}
{"level":"info","message":"Redis reconnecting...","service":"trading-intercom","timestamp":"2025-11-18 21:02:07"}
{"code":"ECONNREFUSED","level":"error","message":"Redis error:","service":"trading-intercom","stack":"AggregateError [ECONNREFUSED]: \n    at internalConnectMultiple (node:net:1134:18)\n    at afterConnectMultiple (node:net:1715:7)","timestamp":"2025-11-18 21:02:09"}
{"level":"warn","message":"Redis connection closed","service":"trading-intercom","timestamp":"2025-11-18 21:02:09"}
{"level":"info","message":"Redis reconnecting...","service":"trading-intercom","timestamp":"2025-11-18 21:02:09"}
{"code":"ECONNREFUSED","level":"error","message":"Redis error:","service":"trading-intercom","stack":"AggregateError [ECONNREFUSED]: \n    at internalConnectMultiple (node:net:1134:18)\n    at afterConnectMultiple (node:net:1715:7)","timestamp":"2025-11-18 21:02:11"}
{"level":"warn","message":"Redis connection closed","service":"trading-intercom","timestamp":"2025-11-18 21:02:11"}
{"level":"info","message":"Redis reconnecting...","service":"trading-intercom","timestamp":"2025-11-18 21:02:11"}
{"code":"ECONNREFUSED","level":"error","message":"Redis error:","service":"trading-intercom","stack":"AggregateError [ECONNREFUSED]: \n    at internalConnectMultiple (node:net:1134:18)\n    at afterConnectMultiple (node:net:1715:7)","timestamp":"2025-11-18 21:02:13"}
{"level":"warn","message":"Redis connection closed","service":"trading-intercom","timestamp":"2025-11-18 21:02:13"}
{"level":"info","message":"Redis reconnecting...","service":"trading-intercom","timestamp":"2025-11-18 21:02:13"}
{"code":"ECONNREFUSED","level":"error","message":"Redis error:","service":"trading-intercom","stack":"AggregateError [ECONNREFUSED]: \n    at internalConnectMultiple (node:net:1134:18)\n    at afterConnectMultiple (node:net:1715:7)","timestamp":"2025-11-18 21:02:15"}
{"level":"warn","message":"Redis connection closed","service":"trading-intercom","timestamp":"2025-11-18 21:02:15"}
{"level":"info","message":"Redis reconnecting...","service":"trading-intercom","timestamp":"2025-11-18 21:02:15"}
{"code":"ECONNREFUSED","level":"error","message":"Redis error:","service":"trading-intercom","stack":"AggregateError [ECONNREFUSED]: \n    at internalConnectMultiple (node:net:1134:18)\n    at afterConnectMultiple (node:net:1715:7)","timestamp":"2025-11-18 21:02:17"}
{"level":"warn","message":"Redis connection closed","service":"trading-intercom","timestamp":"2025-11-18 21:02:17"}
{"level":"info","message":"Redis reconnecting...","service":"trading-intercom","timestamp":"2025-11-18 21:02:17"}
{"code":"ECONNREFUSED","level":"error","message":"Redis error:","service":"trading-intercom","stack":"AggregateError [ECONNREFUSED]: \n    at internalConnectMultiple (node:net:1134:18)\n    at afterConnectMultiple (node:net:1715:7)","timestamp":"2025-11-18 21:02:19"}
{"level":"warn","message":"Redis connection closed","service":"trading-intercom","timestamp":"2025-11-18 21:02:19"}
{"level":"info","message":"Redis reconnecting...","service":"trading-intercom","timestamp":"2025-11-18 21:02:19"}
{"code":"ECONNREFUSED","level":"error","message":"Redis error:","service":"trading-intercom","stack":"AggregateError [ECONNREFUSED]: \n    at internalConnectMultiple (node:net:1134:18)\n    at afterConnectMultiple (node:net:1715:7)","timestamp":"2025-11-18 21:02:21"}
{"level":"warn","message":"Redis connection closed","service":"trading-intercom","timestamp":"2025-11-18 21:02:21"}
{"level":"info","message":"Redis reconnecting...","service":"trading-intercom","timestamp":"2025-11-18 21:02:21"}
{"code":"ECONNREFUSED","level":"error","message":"Redis error:","service":"trading-intercom","stack":"AggregateError [ECONNREFUSED]: \n    at internalConnectMultiple (node:net:1134:18)\n    at afterConnectMultiple (node:net:1715:7)","timestamp":"2025-11-18 21:02:23"}
{"level":"warn","message":"Redis connection closed","service":"trading-intercom","timestamp":"2025-11-18 21:02:24"}
{"level":"info","message":"Redis reconnecting...","service":"trading-intercom","timestamp":"2025-11-18 21:02:24"}
{"code":"ECONNREFUSED","level":"error","message":"Redis error:","service":"trading-intercom","stack":"AggregateError [ECONNREFUSED]: \n    at internalConnectMultiple (node:net:1134:18)\n    at afterConnectMultiple (node:net:1715:7)","timestamp":"2025-11-18 21:02:26"}
{"level":"warn","message":"Redis connection closed","service":"trading-intercom","timestamp":"2025-11-18 21:02:26"}
{"level":"info","message":"Redis reconnecting...","service":"trading-intercom","timestamp":"2025-11-18 21:02:26"}
{"code":"ECONNREFUSED","level":"error","message":"Redis error:","service":"trading-intercom","stack":"AggregateError [ECONNREFUSED]: \n    at internalConnectMultiple (node:net:1134:18)\n    at afterConnectMultiple (node:net:1715:7)","timestamp":"2025-11-18 21:02:28"}
{"level":"warn","message":"Redis connection closed","service":"trading-intercom","timestamp":"2025-11-18 21:02:28"}
{"level":"info","message":"Redis reconnecting...","service":"trading-intercom","timestamp":"2025-11-18 21:02:28"}
{"code":"ECONNREFUSED","level":"error","message":"Redis error:","service":"trading-intercom","stack":"AggregateError [ECONNREFUSED]: \n    at internalConnectMultiple (node:net:1134:18)\n    at afterConnectMultiple (node:net:1715:7)","timestamp":"2025-11-18 21:02:30"}
{"level":"warn","message":"Redis connection closed","service":"trading-intercom","timestamp":"2025-11-18 21:02:30"}
{"level":"info","message":"Redis reconnecting...","service":"trading-intercom","timestamp":"2025-11-18 21:02:30"}
{"code":"ECONNREFUSED","level":"error","message":"Redis error:","service":"trading-intercom","stack":"AggregateError [ECONNREFUSED]: \n    at internalConnectMultiple (node:net:1134:18)\n    at afterConnectMultiple (node:net:1715:7)","timestamp":"2025-11-18 21:02:32"}
{"level":"warn","message":"Redis connection closed","service":"trading-intercom","timestamp":"2025-11-18 21:02:32"}
{"level":"info","message":"Redis reconnecting...","service":"trading-intercom","timestamp":"2025-11-18 21:02:32"}
{"code":"ECONNREFUSED","level":"error","message":"Redis error:","service":"trading-intercom","stack":"AggregateError [ECONNREFUSED]: \n    at internalConnectMultiple (node:net:1134:18)\n    at afterConnectMultiple (node:net:1715:7)","timestamp":"2025-11-18 21:02:34"}
{"level":"warn","message":"Redis connection closed","service":"trading-intercom","timestamp":"2025-11-18 21:02:34"}
{"level":"info","message":"Redis reconnecting...","service":"trading-intercom","timestamp":"2025-11-18 21:02:34"}
{"code":"ECONNREFUSED","level":"error","message":"Redis error:","service":"trading-intercom","stack":"AggregateError [ECONNREFUSED]: \n    at internalConnectMultiple (node:net:1134:18)\n    at afterConnectMultiple (node:net:1715:7)","timestamp":"2025-11-18 21:02:36"}
{"level":"warn","message":"Redis connection closed","service":"trading-intercom","timestamp":"2025-11-18 21:02:36"}
{"level":"info","message":"Redis reconnecting...","service":"trading-intercom","timestamp":"2025-11-18 21:02:36"}
{"code":"ECONNREFUSED","level":"error","message":"Redis error:","service":"trading-intercom","stack":"AggregateError [ECONNREFUSED]: \n    at internalConnectMultiple (node:net:1134:18)\n    at afterConnectMultiple (node:net:1715:7)","timestamp":"2025-11-18 21:02:38"}
{"level":"warn","message":"Redis connection closed","service":"trading-intercom","timestamp":"2025-11-18 21:02:38"}
{"level":"info","message":"Redis reconnecting...","service":"trading-intercom","timestamp":"2025-11-18 21:02:38"}
{"code":"ECONNREFUSED","level":"error","message":"Redis error:","service":"trading-intercom","stack":"AggregateError [ECONNREFUSED]: \n    at internalConnectMultiple (node:net:1134:18)\n    at afterConnectMultiple (node:net:1715:7)","timestamp":"2025-11-18 21:02:40"}
{"level":"warn","message":"Redis connection closed","service":"trading-intercom","timestamp":"2025-11-18 21:02:40"}
{"level":"info","message":"Redis reconnecting...","service":"trading-intercom","timestamp":"2025-11-18 21:02:40"}
{"code":"ECONNREFUSED","level":"error","message":"Redis error:","service":"trading-intercom","stack":"AggregateError [ECONNREFUSED]: \n    at internalConnectMultiple (node:net:1134:18)\n    at afterConnectMultiple (node:net:1715:7)","timestamp":"2025-11-18 21:02:42"}
{"level":"warn","message":"Redis connection closed","service":"trading-intercom","timestamp":"2025-11-18 21:02:42"}
{"level":"info","message":"Redis reconnecting...","service":"trading-intercom","timestamp":"2025-11-18 21:02:42"}
{"code":"ECONNREFUSED","level":"error","message":"Redis error:","service":"trading-intercom","stack":"AggregateError [ECONNREFUSED]: \n    at internalConnectMultiple (node:net:1134:18)\n    at afterConnectMultiple (node:net:1715:7)","timestamp":"2025-11-18 21:02:44"}
{"level":"warn","message":"Redis connection closed","service":"trading-intercom","timestamp":"2025-11-18 21:02:44"}
{"level":"info","message":"Redis reconnecting...","service":"trading-intercom","timestamp":"2025-11-18 21:02:44"}
{"code":"ECONNREFUSED","level":"error","message":"Redis error:","service":"trading-intercom","stack":"AggregateError [ECONNREFUSED]: \n    at internalConnectMultiple (node:net:1134:18)\n    at afterConnectMultiple (node:net:1715:7)","timestamp":"2025-11-18 21:02:46"}
{"level":"warn","message":"Redis connection closed","service":"trading-intercom","timestamp":"2025-11-18 21:02:46"}
{"level":"info","message":"Redis reconnecting...","service":"trading-intercom","timestamp":"2025-11-18 21:02:46"}
{"code":"ECONNREFUSED","level":"error","message":"Redis error:","service":"trading-intercom","stack":"AggregateError [ECONNREFUSED]: \n    at internalConnectMultiple (node:net:1134:18)\n    at afterConnectMultiple (node:net:1715:7)","timestamp":"2025-11-18 21:02:48"}
{"level":"warn","message":"Redis connection closed","service":"trading-intercom","timestamp":"2025-11-18 21:02:48"}
{"level":"info","message":"Redis reconnecting...","service":"trading-intercom","timestamp":"2025-11-18 21:02:48"}
{"code":"ECONNREFUSED","level":"error","message":"Redis error:","service":"trading-intercom","stack":"AggregateError [ECONNREFUSED]: \n    at internalConnectMultiple (node:net:1134:18)\n    at afterConnectMultiple (node:net:1715:7)","timestamp":"2025-11-18 21:02:50"}
{"level":"warn","message":"Redis connection closed","service":"trading-intercom","timestamp":"2025-11-18 21:02:50"}
{"level":"info","message":"Redis reconnecting...","service":"trading-intercom","timestamp":"2025-11-18 21:02:51"}
{"code":"ECONNREFUSED","level":"error","message":"Redis error:","service":"trading-intercom","stack":"AggregateError [ECONNREFUSED]: \n    at internalConnectMultiple (node:net:1134:18)\n    at afterConnectMultiple (node:net:1715:7)","timestamp":"2025-11-18 21:02:52"}
{"level":"warn","message":"Redis connection closed","service":"trading-intercom","timestamp":"2025-11-18 21:02:53"}
{"level":"info","message":"Redis reconnecting...","service":"trading-intercom","timestamp":"2025-11-18 21:02:53"}
{"code":"ECONNREFUSED","level":"error","message":"Redis error:","service":"trading-intercom","stack":"AggregateError [ECONNREFUSED]: \n    at internalConnectMultiple (node:net:1134:18)\n    at afterConnectMultiple (node:net:1715:7)","timestamp":"2025-11-18 21:02:55"}
{"level":"warn","message":"Redis connection closed","service":"trading-intercom","timestamp":"2025-11-18 21:02:55"}
{"level":"info","message":"Redis reconnecting...","service":"trading-intercom","timestamp":"2025-11-18 21:02:55"}
{"code":"ECONNREFUSED","level":"error","message":"Redis error:","service":"trading-intercom","stack":"AggregateError [ECONNREFUSED]: \n    at internalConnectMultiple (node:net:1134:18)\n    at afterConnectMultiple (node:net:1715:7)","timestamp":"2025-11-18 21:02:57"}
{"level":"warn","message":"Redis connection closed","service":"trading-intercom","timestamp":"2025-11-18 21:02:57"}
{"level":"info","message":"Redis reconnecting...","service":"trading-intercom","timestamp":"2025-11-18 21:02:57"}
{"code":"ECONNREFUSED","level":"error","message":"Redis error:","service":"trading-intercom","stack":"AggregateError [ECONNREFUSED]: \n    at internalConnectMultiple (node:net:1134:18)\n    at afterConnectMultiple (node:net:1715:7)","timestamp":"2025-11-18 21:02:59"}
{"level":"warn","message":"Redis connection closed","service":"trading-intercom","timestamp":"2025-11-18 21:02:59"}
{"level":"info","message":"Redis reconnecting...","service":"trading-intercom","timestamp":"2025-11-18 21:02:59"}
{"code":"ECONNREFUSED","level":"error","message":"Redis error:","service":"trading-intercom","stack":"AggregateError [ECONNREFUSED]: \n    at internalConnectMultiple (node:net:1134:18)\n    at afterConnectMultiple (node:net:1715:7)","timestamp":"2025-11-18 21:03:01"}
{"level":"warn","message":"Redis connection closed","service":"trading-intercom","timestamp":"2025-11-18 21:03:01"}
{"level":"info","message":"Redis reconnecting...","service":"trading-intercom","timestamp":"2025-11-18 21:03:01"}
{"code":"ECONNREFUSED","level":"error","message":"Redis error:","service":"trading-intercom","stack":"AggregateError [ECONNREFUSED]: \n    at internalConnectMultiple (node:net:1134:18)\n    at afterConnectMultiple (node:net:1715:7)","timestamp":"2025-11-18 21:03:03"}
{"level":"warn","message":"Redis connection closed","service":"trading-intercom","timestamp":"2025-11-18 21:03:03"}
{"level":"info","message":"Redis reconnecting...","service":"trading-intercom","timestamp":"2025-11-18 21:03:03"}
{"code":"ECONNREFUSED","level":"error","message":"Redis error:","service":"trading-intercom","stack":"AggregateError [ECONNREFUSED]: \n    at internalConnectMultiple (node:net:1134:18)\n    at afterConnectMultiple (node:net:1715:7)","timestamp":"2025-11-18 21:03:05"}
{"level":"warn","message":"Redis connection closed","service":"trading-intercom","timestamp":"2025-11-18 21:03:05"}
{"level":"info","message":"Redis reconnecting...","service":"trading-intercom","timestamp":"2025-11-18 21:03:05"}
{"code":"ECONNREFUSED","level":"error","message":"Redis error:","service":"trading-intercom","stack":"AggregateError [ECONNREFUSED]: \n    at internalConnectMultiple (node:net:1134:18)\n    at afterConnectMultiple (node:net:1715:7)","timestamp":"2025-11-18 21:03:07"}
{"level":"warn","message":"Redis connection closed","service":"trading-intercom","timestamp":"2025-11-18 21:03:07"}
{"level":"info","message":"Redis reconnecting...","service":"trading-intercom","timestamp":"2025-11-18 21:03:07"}
{"code":"ECONNREFUSED","level":"error","message":"Redis error:","service":"trading-intercom","stack":"AggregateError [ECONNREFUSED]: \n    at internalConnectMultiple (node:net:1134:18)\n    at afterConnectMultiple (node:net:1715:7)","timestamp":"2025-11-18 21:03:09"}
{"level":"warn","message":"Redis connection closed","service":"trading-intercom","timestamp":"2025-11-18 21:03:09"}
{"level":"info","message":"Redis reconnecting...","service":"trading-intercom","timestamp":"2025-11-18 21:03:09"}
{"code":"ECONNREFUSED","level":"error","message":"Redis error:","service":"trading-intercom","stack":"AggregateError [ECONNREFUSED]: \n    at internalConnectMultiple (node:net:1134:18)\n    at afterConnectMultiple (node:net:1715:7)","timestamp":"2025-11-18 21:03:11"}
{"level":"warn","message":"Redis connection closed","service":"trading-intercom","timestamp":"2025-11-18 21:03:11"}
{"level":"info","message":"Redis reconnecting...","service":"trading-intercom","timestamp":"2025-11-18 21:03:12"}
{"code":"ECONNREFUSED","level":"error","message":"Redis error:","service":"trading-intercom","stack":"AggregateError [ECONNREFUSED]: \n    at internalConnectMultiple (node:net:1134:18)\n    at afterConnectMultiple (node:net:1715:7)","timestamp":"2025-11-18 21:03:13"}
{"level":"warn","message":"Redis connection closed","service":"trading-intercom","timestamp":"2025-11-18 21:03:14"}
{"level":"info","message":"Redis reconnecting...","service":"trading-intercom","timestamp":"2025-11-18 21:03:14"}
{"code":"ECONNREFUSED","level":"error","message":"Redis error:","service":"trading-intercom","stack":"AggregateError [ECONNREFUSED]: \n    at internalConnectMultiple (node:net:1134:18)\n    at afterConnectMultiple (node:net:1715:7)","timestamp":"2025-11-18 21:03:16"}
{"level":"warn","message":"Redis connection closed","service":"trading-intercom","timestamp":"2025-11-18 21:03:16"}
{"level":"info","message":"Redis reconnecting...","service":"trading-intercom","timestamp":"2025-11-18 21:03:16"}
{"code":"ECONNREFUSED","level":"error","message":"Redis error:","service":"trading-intercom","stack":"AggregateError [ECONNREFUSED]: \n    at internalConnectMultiple (node:net:1134:18)\n    at afterConnectMultiple (node:net:1715:7)","timestamp":"2025-11-18 21:03:18"}
{"level":"warn","message":"Redis connection closed","service":"trading-intercom","timestamp":"2025-11-18 21:03:18"}
{"level":"info","message":"Redis reconnecting...","service":"trading-intercom","timestamp":"2025-11-18 21:03:18"}
{"code":"ECONNREFUSED","level":"error","message":"Redis error:","service":"trading-intercom","stack":"AggregateError [ECONNREFUSED]: \n    at internalConnectMultiple (node:net:1134:18)\n    at afterConnectMultiple (node:net:1715:7)","timestamp":"2025-11-18 21:03:20"}
{"level":"warn","message":"Redis connection closed","service":"trading-intercom","timestamp":"2025-11-18 21:03:20"}
{"level":"info","message":"Redis reconnecting...","service":"trading-intercom","timestamp":"2025-11-18 21:03:20"}
{"code":"ECONNREFUSED","level":"error","message":"Redis error:","service":"trading-intercom","stack":"AggregateError [ECONNREFUSED]: \n    at internalConnectMultiple (node:net:1134:18)\n    at afterConnectMultiple (node:net:1715:7)","timestamp":"2025-11-18 21:03:22"}
{"level":"warn","message":"Redis connection closed","service":"trading-intercom","timestamp":"2025-11-18 21:03:22"}
{"level":"info","message":"Redis reconnecting...","service":"trading-intercom","timestamp":"2025-11-18 21:03:22"}
{"code":"ECONNREFUSED","level":"error","message":"Redis error:","service":"trading-intercom","stack":"AggregateError [ECONNREFUSED]: \n    at internalConnectMultiple (node:net:1134:18)\n    at afterConnectMultiple (node:net:1715:7)","timestamp":"2025-11-18 21:03:24"}
{"level":"warn","message":"Redis connection closed","service":"trading-intercom","timestamp":"2025-11-18 21:03:24"}
{"level":"info","message":"Redis reconnecting...","service":"trading-intercom","timestamp":"2025-11-18 21:03:24"}
{"code":"ECONNREFUSED","level":"error","message":"Redis error:","service":"trading-intercom","stack":"AggregateError [ECONNREFUSED]: \n    at internalConnectMultiple (node:net:1134:18)\n    at afterConnectMultiple (node:net:1715:7)","timestamp":"2025-11-18 21:03:26"}
{"level":"warn","message":"Redis connection closed","service":"trading-intercom","timestamp":"2025-11-18 21:03:26"}
{"level":"info","message":"Redis reconnecting...","service":"trading-intercom","timestamp":"2025-11-18 21:03:26"}
{"code":"ECONNREFUSED","level":"error","message":"Redis error:","service":"trading-intercom","stack":"AggregateError [ECONNREFUSED]: \n    at internalConnectMultiple (node:net:1134:18)\n    at afterConnectMultiple (node:net:1715:7)","timestamp":"2025-11-18 21:03:28"}
{"level":"warn","message":"Redis connection closed","service":"trading-intercom","timestamp":"2025-11-18 21:03:29"}
{"level":"info","message":"Redis reconnecting...","service":"trading-intercom","timestamp":"2025-11-18 21:03:29"}
{"code":"ECONNREFUSED","level":"error","message":"Redis error:","service":"trading-intercom","stack":"AggregateError [ECONNREFUSED]: \n    at internalConnectMultiple (node:net:1134:18)\n    at afterConnectMultiple (node:net:1715:7)","timestamp":"2025-11-18 21:03:31"}
{"level":"warn","message":"Redis connection closed","service":"trading-intercom","timestamp":"2025-11-18 21:03:31"}
{"level":"info","message":"Redis reconnecting...","service":"trading-intercom","timestamp":"2025-11-18 21:03:31"}
{"code":"ECONNREFUSED","level":"error","message":"Redis error:","service":"trading-intercom","stack":"AggregateError [ECONNREFUSED]: \n    at internalConnectMultiple (node:net:1134:18)\n    at afterConnectMultiple (node:net:1715:7)","timestamp":"2025-11-18 21:03:33"}
{"level":"warn","message":"Redis connection closed","service":"trading-intercom","timestamp":"2025-11-18 21:03:33"}
{"level":"info","message":"Redis reconnecting...","service":"trading-intercom","timestamp":"2025-11-18 21:03:33"}
{"code":"ECONNREFUSED","level":"error","message":"Redis error:","service":"trading-intercom","stack":"AggregateError [ECONNREFUSED]: \n    at internalConnectMultiple (node:net:1134:18)\n    at afterConnectMultiple (node:net:1715:7)","timestamp":"2025-11-18 21:03:35"}
{"level":"warn","message":"Matrix integration is disabled","service":"trading-intercom","timestamp":"2025-11-18 21:03:30"}
{"level":"warn","message":"Redis connection closed","service":"trading-intercom","timestamp":"2025-11-18 21:03:35"}
{"level":"info","message":"Redis reconnecting...","service":"trading-intercom","timestamp":"2025-11-18 21:03:35"}
{"level":"warn","message":"Active Directory integration is disabled","service":"trading-intercom","timestamp":"2025-11-18 21:03:34"}
{"level":"warn","message":"Encryption service is disabled","service":"trading-intercom","timestamp":"2025-11-18 21:03:35"}
{"level":"warn","message":"Encryption service is disabled","service":"trading-intercom","timestamp":"2025-11-18 21:03:35"}
{"level":"warn","message":"Compliance service is disabled","service":"trading-intercom","timestamp":"2025-11-18 21:03:35"}
{"level":"warn","message":"Compliance service is disabled","service":"trading-intercom","timestamp":"2025-11-18 21:03:35"}
{"level":"warn","message":"Federation service is disabled","service":"trading-intercom","timestamp":"2025-11-18 21:03:35"}
{"level":"warn","message":"Federation service is disabled","service":"trading-intercom","timestamp":"2025-11-18 21:03:35"}
{"level":"info","message":"Starting HTTPS server using cert: C:\\Projects\\intercom\\dev-cert.pem","service":"trading-intercom","timestamp":"2025-11-18 21:03:35"}
{"level":"info","message":"Initializing Trading Intercom Server...","service":"trading-intercom","timestamp":"2025-11-18 21:03:35"}
{"level":"info","message":"Recording directory initialized: C:\\Projects\\intercom\\recordings","service":"trading-intercom","timestamp":"2025-11-18 21:03:35"}
{"level":"info","message":"Loading 32 recordings from disk...","service":"trading-intercom","timestamp":"2025-11-18 21:03:35"}
{"level":"info","message":"Loaded 20 recordings from disk","service":"trading-intercom","timestamp":"2025-11-18 21:03:36"}
{"level":"info","message":"Postgres database ready","service":"trading-intercom","timestamp":"2025-11-18 21:03:36"}
{"level":"info","message":"Loaded 4 existing groups from database","service":"trading-intercom","timestamp":"2025-11-18 21:03:36"}
{"code":"ECONNREFUSED","level":"error","message":"Redis error:","service":"trading-intercom","stack":"AggregateError [ECONNREFUSED]: \n    at internalConnectMultiple (node:net:1134:18)\n    at afterConnectMultiple (node:net:1715:7)","timestamp":"2025-11-18 21:03:36"}
{"level":"warn","message":"Redis connection closed","service":"trading-intercom","timestamp":"2025-11-18 21:03:36"}
{"level":"info","message":"Redis reconnecting...","service":"trading-intercom","timestamp":"2025-11-18 21:03:36"}
{"level":"error","message":"Failed to initialize Redis single instance: Connection is closed.","service":"trading-intercom","stack":"Error: Connection is closed.\n    at EventEmitter.connectionCloseHandler (C:\\Projects\\intercom\\node_modules\\ioredis\\built\\Redis.js:208:28)\n    at Object.onceWrapper (node:events:623:26)\n    at EventEmitter.emit (node:events:520:35)\n    at process.processTicksAndRejections (node:internal/process/task_queues:84:11)","timestamp":"2025-11-18 21:03:36"}
{"level":"error","message":"Failed to initialize Redis: Connection is closed.","service":"trading-intercom","stack":"Error: Connection is closed.\n    at EventEmitter.connectionCloseHandler (C:\\Projects\\intercom\\node_modules\\ioredis\\built\\Redis.js:208:28)\n    at Object.onceWrapper (node:events:623:26)\n    at EventEmitter.emit (node:events:520:35)\n    at process.processTicksAndRejections (node:internal/process/task_queues:84:11)","timestamp":"2025-11-18 21:03:37"}
{"level":"error","message":"Failed to initialize Redis service: Connection is closed.","service":"trading-intercom","stack":"Error: Connection is closed.\n    at EventEmitter.connectionCloseHandler (C:\\Projects\\intercom\\node_modules\\ioredis\\built\\Redis.js:208:28)\n    at Object.onceWrapper (node:events:623:26)\n    at EventEmitter.emit (node:events:520:35)\n    at process.processTicksAndRejections (node:internal/process/task_queues:84:11)","timestamp":"2025-11-18 21:03:37"}
{"level":"warn","message":"Redis initialization failed:","service":"trading-intercom","timestamp":"2025-11-18 21:03:37"}
{"level":"info","message":"Session manager initialized","service":"trading-intercom","timestamp":"2025-11-18 21:03:37"}
{"level":"info","message":"Using port configuration from environment/default: 10000-10200","service":"trading-intercom","timestamp":"2025-11-18 21:03:37"}
{"announcedIp":null,"level":"info","listenIp":"0.0.0.0","message":"Initializing MediaSoup SFU...","numWorkers":4,"rtcPorts":"10000-10200","service":"trading-intercom","timestamp":"2025-11-18 21:03:37"}
{"level":"info","message":"Synced 4 users to local storage","service":"trading-intercom","timestamp":"2025-11-18 21:03:37"}
{"code":"ECONNREFUSED","level":"error","message":"Redis error:","service":"trading-intercom","stack":"AggregateError [ECONNREFUSED]: \n    at internalConnectMultiple (node:net:1134:18)\n    at afterConnectMultiple (node:net:1715:7)","timestamp":"2025-11-18 21:03:37"}
{"level":"warn","message":"Redis connection closed","service":"trading-intercom","timestamp":"2025-11-18 21:03:37"}
{"level":"info","message":"Redis reconnecting...","service":"trading-intercom","timestamp":"2025-11-18 21:03:37"}
{"code":"ECONNREFUSED","level":"error","message":"Redis error:","service":"trading-intercom","stack":"AggregateError [ECONNREFUSED]: \n    at internalConnectMultiple (node:net:1134:18)\n    at afterConnectMultiple (node:net:1715:7)","timestamp":"2025-11-18 21:03:37"}
{"code":"ECONNREFUSED","level":"error","message":"Redis error:","service":"trading-intercom","stack":"AggregateError [ECONNREFUSED]: \n    at internalConnectMultiple (node:net:1134:18)\n    at afterConnectMultiple (node:net:1715:7)","timestamp":"2025-11-18 21:03:37"}
{"level":"warn","message":"Redis connection closed","service":"trading-intercom","timestamp":"2025-11-18 21:03:37"}
{"level":"info","message":"Redis reconnecting...","service":"trading-intercom","timestamp":"2025-11-18 21:03:37"}
{"code":"ECONNREFUSED","level":"error","message":"Redis error:","service":"trading-intercom","stack":"AggregateError [ECONNREFUSED]: \n    at internalConnectMultiple (node:net:1134:18)\n    at afterConnectMultiple (node:net:1715:7)","timestamp":"2025-11-18 21:03:37"}
{"level":"warn","message":"Redis connection closed","service":"trading-intercom","timestamp":"2025-11-18 21:03:37"}
{"level":"info","message":"Redis reconnecting...","service":"trading-intercom","timestamp":"2025-11-18 21:03:38"}
{"level":"info","message":"MediaSoup worker 1 created","service":"trading-intercom","timestamp":"2025-11-18 21:03:38"}
{"code":"ECONNREFUSED","level":"error","message":"Redis error:","service":"trading-intercom","stack":"AggregateError [ECONNREFUSED]: \n    at internalConnectMultiple (node:net:1134:18)\n    at afterConnectMultiple (node:net:1715:7)","timestamp":"2025-11-18 21:03:38"}
{"level":"warn","message":"Redis connection closed","service":"trading-intercom","timestamp":"2025-11-18 21:03:37"}
{"level":"info","message":"Redis reconnecting...","service":"trading-intercom","timestamp":"2025-11-18 21:03:38"}
{"level":"warn","message":"Redis connection closed","service":"trading-intercom","timestamp":"2025-11-18 21:03:38"}
{"level":"info","message":"Redis reconnecting...","service":"trading-intercom","timestamp":"2025-11-18 21:03:38"}
{"level":"info","message":"MediaSoup worker 2 created","service":"trading-intercom","timestamp":"2025-11-18 21:03:38"}
{"code":"ECONNREFUSED","level":"error","message":"Redis error:","service":"trading-intercom","stack":"AggregateError [ECONNREFUSED]: \n    at internalConnectMultiple (node:net:1134:18)\n    at afterConnectMultiple (node:net:1715:7)","timestamp":"2025-11-18 21:03:38"}
{"level":"warn","message":"Redis connection closed","service":"trading-intercom","timestamp":"2025-11-18 21:03:38"}
{"level":"info","message":"Redis reconnecting...","service":"trading-intercom","timestamp":"2025-11-18 21:03:38"}
{"level":"info","message":"MediaSoup worker 3 created","service":"trading-intercom","timestamp":"2025-11-18 21:03:38"}
{"code":"ECONNREFUSED","level":"error","message":"Redis error:","service":"trading-intercom","stack":"AggregateError [ECONNREFUSED]: \n    at internalConnectMultiple (node:net:1134:18)\n    at afterConnectMultiple (node:net:1715:7)","timestamp":"2025-11-18 21:03:38"}
{"level":"warn","message":"Redis connection closed","service":"trading-intercom","timestamp":"2025-11-18 21:03:39"}
{"level":"info","message":"Redis reconnecting...","service":"trading-intercom","timestamp":"2025-11-18 21:03:39"}
{"level":"info","message":"MediaSoup worker 4 created","service":"trading-intercom","timestamp":"2025-11-18 21:03:39"}
{"code":"ECONNREFUSED","level":"error","message":"Redis error:","service":"trading-intercom","stack":"AggregateError [ECONNREFUSED]: \n    at internalConnectMultiple (node:net:1134:18)\n    at afterConnectMultiple (node:net:1715:7)","timestamp":"2025-11-18 21:03:39"}
{"level":"warn","message":"Redis connection closed","service":"trading-intercom","timestamp":"2025-11-18 21:03:40"}
{"level":"info","message":"Redis reconnecting...","service":"trading-intercom","timestamp":"2025-11-18 21:03:40"}
{"level":"info","message":"MediaSoup SFU initialized successfully","rtcPorts":"10000-10200","service":"trading-intercom","timestamp":"2025-11-18 21:03:39","workers":4}
{"audioProcessing":{"autoGainControl":false,"echoCancellation":false,"noiseReduction":false,"voiceActivityDetection":false},"config":{"adaptiveBitrate":false,"audioLevelThreshold":-50,"bandwidthLimit":64000,"maxConcurrentSpeakers":3,"silenceTimeout":2000},"level":"info","message":"Audio routing service initialized","service":"trading-intercom","timestamp":"2025-11-18 21:03:39"}
{"level":"warn","message":"Matrix integration is disabled","service":"trading-intercom","timestamp":"2025-11-18 21:03:39"}
{"level":"warn","message":"Matrix AppService is disabled","service":"trading-intercom","timestamp":"2025-11-18 21:03:39"}
{"level":"warn","message":"Matrix user sync disabled - Matrix service not enabled","service":"trading-intercom","timestamp":"2025-11-18 21:03:39"}
{"level":"info","message":"SIP Gateway disabled","service":"trading-intercom","timestamp":"2025-11-18 21:03:39"}
{"level":"info","message":"Zoom integration disabled","service":"trading-intercom","timestamp":"2025-11-18 21:03:39"}
{"level":"info","message":"Zoom service initialized","service":"trading-intercom","timestamp":"2025-11-18 21:03:40"}
{"level":"info","message":"Zoom-Matrix bridge service initialized","service":"trading-intercom","timestamp":"2025-11-18 21:03:40"}
{"level":"info","message":"Microsoft Teams integration disabled","service":"trading-intercom","timestamp":"2025-11-18 21:03:40"}
{"level":"info","message":"Teams service initialized","service":"trading-intercom","timestamp":"2025-11-18 21:03:40"}
{"level":"info","message":"Teams-Matrix bridge service initialized","service":"trading-intercom","timestamp":"2025-11-18 21:03:40"}
{"level":"info","message":"WebSocket monitoring enabled - Max connections: 1000","service":"trading-intercom","timestamp":"2025-11-18 21:03:40"}
{"level":"info","message":"Matrix service Socket.IO instance set","service":"trading-intercom","timestamp":"2025-11-18 21:03:40"}
{"level":"info","message":"Matrix service Socket.IO instance configured for real-time updates","service":"trading-intercom","timestamp":"2025-11-18 21:03:40"}
{"level":"info","message":"Scheduled room archiving will run daily at 2 AM (first run in 296 minutes)","service":"trading-intercom","timestamp":"2025-11-18 21:03:40"}
{"level":"info","message":"Audio recording service initialized","service":"trading-intercom","timestamp":"2025-11-18 21:03:40"}
{"level":"info","message":"Server role using fallback: publisher","service":"trading-intercom","timestamp":"2025-11-18 21:03:40"}
{"level":"info","message":"Server initialized as: PUBLISHER","service":"trading-intercom","timestamp":"2025-11-18 21:03:41"}
{"code":"ECONNREFUSED","level":"error","message":"Redis error:","service":"trading-intercom","stack":"AggregateError [ECONNREFUSED]: \n    at internalConnectMultiple (node:net:1134:18)\n    at afterConnectMultiple (node:net:1715:7)","timestamp":"2025-11-18 21:03:42"}
{"level":"warn","message":"Redis connection closed","service":"trading-intercom","timestamp":"2025-11-18 21:03:42"}
{"level":"info","message":"Redis reconnecting...","service":"trading-intercom","timestamp":"2025-11-18 21:03:42"}
{"code":"ECONNREFUSED","level":"error","message":"Redis error:","service":"trading-intercom","stack":"AggregateError [ECONNREFUSED]: \n    at internalConnectMultiple (node:net:1134:18)\n    at afterConnectMultiple (node:net:1715:7)","timestamp":"2025-11-18 21:03:44"}
{"level":"warn","message":"Redis connection closed","service":"trading-intercom","timestamp":"2025-11-18 21:03:44"}
{"level":"info","message":"Redis reconnecting...","service":"trading-intercom","timestamp":"2025-11-18 21:03:44"}
{"code":"ECONNREFUSED","level":"error","message":"Redis error:","service":"trading-intercom","stack":"AggregateError [ECONNREFUSED]: \n    at internalConnectMultiple (node:net:1134:18)\n    at afterConnectMultiple (node:net:1715:7)","timestamp":"2025-11-18 21:03:46"}
{"level":"warn","message":"Redis connection closed","service":"trading-intercom","timestamp":"2025-11-18 21:03:51"}
{"level":"info","message":"Redis reconnecting...","service":"trading-intercom","timestamp":"2025-11-18 21:03:51"}
{"code":"ECONNREFUSED","level":"error","message":"Redis error:","service":"trading-intercom","stack":"AggregateError [ECONNREFUSED]: \n    at internalConnectMultiple (node:net:1134:18)\n    at afterConnectMultiple (node:net:1715:7)","timestamp":"2025-11-18 21:03:53"}
{"level":"warn","message":"Redis connection closed","service":"trading-intercom","timestamp":"2025-11-18 21:03:54"}
{"level":"info","message":"Redis reconnecting...","service":"trading-intercom","timestamp":"2025-11-18 21:03:54"}
{"code":"ECONNREFUSED","level":"error","message":"Redis error:","service":"trading-intercom","stack":"AggregateError [ECONNREFUSED]: \n    at internalConnectMultiple (node:net:1134:18)\n    at afterConnectMultiple (node:net:1715:7)","timestamp":"2025-11-18 21:03:56"}
{"level":"warn","message":"Redis connection closed","service":"trading-intercom","timestamp":"2025-11-18 21:03:56"}
{"level":"info","message":"Redis reconnecting...","service":"trading-intercom","timestamp":"2025-11-18 21:03:56"}
{"code":"ECONNREFUSED","level":"error","message":"Redis error:","service":"trading-intercom","stack":"AggregateError [ECONNREFUSED]: \n    at internalConnectMultiple (node:net:1134:18)\n    at afterConnectMultiple (node:net:1715:7)","timestamp":"2025-11-18 21:03:58"}
{"level":"warn","message":"Redis connection closed","service":"trading-intercom","timestamp":"2025-11-18 21:03:58"}
{"level":"info","message":"Redis reconnecting...","service":"trading-intercom","timestamp":"2025-11-18 21:03:58"}
{"code":"ECONNREFUSED","level":"error","message":"Redis error:","service":"trading-intercom","stack":"AggregateError [ECONNREFUSED]: \n    at internalConnectMultiple (node:net:1134:18)\n    at afterConnectMultiple (node:net:1715:7)","timestamp":"2025-11-18 21:04:00"}
{"level":"warn","message":"Redis connection closed","service":"trading-intercom","timestamp":"2025-11-18 21:04:00"}
{"level":"info","message":"Redis reconnecting...","service":"trading-intercom","timestamp":"2025-11-18 21:04:00"}
{"code":"ECONNREFUSED","level":"error","message":"Redis error:","service":"trading-intercom","stack":"AggregateError [ECONNREFUSED]: \n    at internalConnectMultiple (node:net:1134:18)\n    at afterConnectMultiple (node:net:1715:7)","timestamp":"2025-11-18 21:04:02"}
{"level":"warn","message":"Redis connection closed","service":"trading-intercom","timestamp":"2025-11-18 21:04:02"}
{"level":"info","message":"Redis reconnecting...","service":"trading-intercom","timestamp":"2025-11-18 21:04:02"}
{"code":"ECONNREFUSED","level":"error","message":"Redis error:","service":"trading-intercom","stack":"AggregateError [ECONNREFUSED]: \n    at internalConnectMultiple (node:net:1134:18)\n    at afterConnectMultiple (node:net:1715:7)","timestamp":"2025-11-18 21:04:04"}
{"level":"warn","message":"Redis connection closed","service":"trading-intercom","timestamp":"2025-11-18 21:04:04"}
{"level":"info","message":"Redis reconnecting...","service":"trading-intercom","timestamp":"2025-11-18 21:04:04"}
{"code":"ECONNREFUSED","level":"error","message":"Redis error:","service":"trading-intercom","stack":"AggregateError [ECONNREFUSED]: \n    at internalConnectMultiple (node:net:1134:18)\n    at afterConnectMultiple (node:net:1715:7)","timestamp":"2025-11-18 21:04:06"}
{"level":"warn","message":"Redis connection closed","service":"trading-intercom","timestamp":"2025-11-18 21:04:06"}
{"level":"info","message":"Redis reconnecting...","service":"trading-intercom","timestamp":"2025-11-18 21:04:06"}
{"code":"ECONNREFUSED","level":"error","message":"Redis error:","service":"trading-intercom","stack":"AggregateError [ECONNREFUSED]: \n    at internalConnectMultiple (node:net:1134:18)\n    at afterConnectMultiple (node:net:1715:7)","timestamp":"2025-11-18 21:04:08"}
{"level":"warn","message":"Redis connection closed","service":"trading-intercom","timestamp":"2025-11-18 21:04:08"}
{"level":"info","message":"Redis reconnecting...","service":"trading-intercom","timestamp":"2025-11-18 21:04:08"}
{"code":"ECONNREFUSED","level":"error","message":"Redis error:","service":"trading-intercom","stack":"AggregateError [ECONNREFUSED]: \n    at internalConnectMultiple (node:net:1134:18)\n    at afterConnectMultiple (node:net:1715:7)","timestamp":"2025-11-18 21:04:10"}
{"level":"warn","message":"Redis connection closed","service":"trading-intercom","timestamp":"2025-11-18 21:04:10"}
{"level":"info","message":"Redis reconnecting...","service":"trading-intercom","timestamp":"2025-11-18 21:04:10"}
{"code":"ECONNREFUSED","level":"error","message":"Redis error:","service":"trading-intercom","stack":"AggregateError [ECONNREFUSED]: \n    at internalConnectMultiple (node:net:1134:18)\n    at afterConnectMultiple (node:net:1715:7)","timestamp":"2025-11-18 21:04:12"}
{"level":"warn","message":"Redis connection closed","service":"trading-intercom","timestamp":"2025-11-18 21:04:12"}
{"level":"info","message":"Redis reconnecting...","service":"trading-intercom","timestamp":"2025-11-18 21:04:12"}
{"code":"ECONNREFUSED","level":"error","message":"Redis error:","service":"trading-intercom","stack":"AggregateError [ECONNREFUSED]: \n    at internalConnectMultiple (node:net:1134:18)\n    at afterConnectMultiple (node:net:1715:7)","timestamp":"2025-11-18 21:04:14"}
{"level":"warn","message":"Redis connection closed","service":"trading-intercom","timestamp":"2025-11-18 21:04:14"}
{"level":"info","message":"Redis reconnecting...","service":"trading-intercom","timestamp":"2025-11-18 21:04:14"}
{"code":"ECONNREFUSED","level":"error","message":"Redis error:","service":"trading-intercom","stack":"AggregateError [ECONNREFUSED]: \n    at internalConnectMultiple (node:net:1134:18)\n    at afterConnectMultiple (node:net:1715:7)","timestamp":"2025-11-18 21:04:16"}
{"level":"warn","message":"Redis connection closed","service":"trading-intercom","timestamp":"2025-11-18 21:04:16"}
{"level":"info","message":"Redis reconnecting...","service":"trading-intercom","timestamp":"2025-11-18 21:04:16"}
{"code":"ECONNREFUSED","level":"error","message":"Redis error:","service":"trading-intercom","stack":"AggregateError [ECONNREFUSED]: \n    at internalConnectMultiple (node:net:1134:18)\n    at afterConnectMultiple (node:net:1715:7)","timestamp":"2025-11-18 21:04:18"}
{"level":"warn","message":"Redis connection closed","service":"trading-intercom","timestamp":"2025-11-18 21:04:18"}
{"level":"info","message":"Redis reconnecting...","service":"trading-intercom","timestamp":"2025-11-18 21:04:18"}
{"code":"ECONNREFUSED","level":"error","message":"Redis error:","service":"trading-intercom","stack":"AggregateError [ECONNREFUSED]: \n    at internalConnectMultiple (node:net:1134:18)\n    at afterConnectMultiple (node:net:1715:7)","timestamp":"2025-11-18 21:04:20"}
{"level":"warn","message":"Redis connection closed","service":"trading-intercom","timestamp":"2025-11-18 21:04:20"}
{"level":"info","message":"Redis reconnecting...","service":"trading-intercom","timestamp":"2025-11-18 21:04:20"}
{"code":"ECONNREFUSED","level":"error","message":"Redis error:","service":"trading-intercom","stack":"AggregateError [ECONNREFUSED]: \n    at internalConnectMultiple (node:net:1134:18)\n    at afterConnectMultiple (node:net:1715:7)","timestamp":"2025-11-18 21:04:22"}
{"level":"warn","message":"Redis connection closed","service":"trading-intercom","timestamp":"2025-11-18 21:04:23"}
{"level":"info","message":"Redis reconnecting...","service":"trading-intercom","timestamp":"2025-11-18 21:04:23"}
{"code":"ECONNREFUSED","level":"error","message":"Redis error:","service":"trading-intercom","stack":"AggregateError [ECONNREFUSED]: \n    at internalConnectMultiple (node:net:1134:18)\n    at afterConnectMultiple (node:net:1715:7)","timestamp":"2025-11-18 21:04:25"}
{"level":"warn","message":"Redis connection closed","service":"trading-intercom","timestamp":"2025-11-18 21:04:25"}
{"level":"info","message":"Redis reconnecting...","service":"trading-intercom","timestamp":"2025-11-18 21:04:25"}
{"code":"ECONNREFUSED","level":"error","message":"Redis error:","service":"trading-intercom","stack":"AggregateError [ECONNREFUSED]: \n    at internalConnectMultiple (node:net:1134:18)\n    at afterConnectMultiple (node:net:1715:7)","timestamp":"2025-11-18 21:04:27"}
{"level":"warn","message":"Redis connection closed","service":"trading-intercom","timestamp":"2025-11-18 21:04:27"}
{"level":"info","message":"Redis reconnecting...","service":"trading-intercom","timestamp":"2025-11-18 21:04:27"}
{"code":"ECONNREFUSED","level":"error","message":"Redis error:","service":"trading-intercom","stack":"AggregateError [ECONNREFUSED]: \n    at internalConnectMultiple (node:net:1134:18)\n    at afterConnectMultiple (node:net:1715:7)","timestamp":"2025-11-18 21:04:29"}
{"level":"warn","message":"Redis connection closed","service":"trading-intercom","timestamp":"2025-11-18 21:04:29"}
{"level":"info","message":"Redis reconnecting...","service":"trading-intercom","timestamp":"2025-11-18 21:04:29"}
{"code":"ECONNREFUSED","level":"error","message":"Redis error:","service":"trading-intercom","stack":"AggregateError [ECONNREFUSED]: \n    at internalConnectMultiple (node:net:1134:18)\n    at afterConnectMultiple (node:net:1715:7)","timestamp":"2025-11-18 21:04:31"}
{"level":"warn","message":"Redis connection closed","service":"trading-intercom","timestamp":"2025-11-18 21:04:31"}
{"level":"info","message":"Redis reconnecting...","service":"trading-intercom","timestamp":"2025-11-18 21:04:31"}
{"code":"ECONNREFUSED","level":"error","message":"Redis error:","service":"trading-intercom","stack":"AggregateError [ECONNREFUSED]: \n    at internalConnectMultiple (node:net:1134:18)\n    at afterConnectMultiple (node:net:1715:7)","timestamp":"2025-11-18 21:04:33"}
{"level":"warn","message":"Redis connection closed","service":"trading-intercom","timestamp":"2025-11-18 21:04:33"}
{"level":"info","message":"Redis reconnecting...","service":"trading-intercom","timestamp":"2025-11-18 21:04:33"}
{"code":"ECONNREFUSED","level":"error","message":"Redis error:","service":"trading-intercom","stack":"AggregateError [ECONNREFUSED]: \n    at internalConnectMultiple (node:net:1134:18)\n    at afterConnectMultiple (node:net:1715:7)","timestamp":"2025-11-18 21:04:35"}
{"level":"warn","message":"Redis connection closed","service":"trading-intercom","timestamp":"2025-11-18 21:04:35"}
{"level":"info","message":"Redis reconnecting...","service":"trading-intercom","timestamp":"2025-11-18 21:04:35"}
{"code":"ECONNREFUSED","level":"error","message":"Redis error:","service":"trading-intercom","stack":"AggregateError [ECONNREFUSED]: \n    at internalConnectMultiple (node:net:1134:18)\n    at afterConnectMultiple (node:net:1715:7)","timestamp":"2025-11-18 21:04:37"}
{"level":"warn","message":"Redis connection closed","service":"trading-intercom","timestamp":"2025-11-18 21:04:37"}
{"level":"info","message":"Redis reconnecting...","service":"trading-intercom","timestamp":"2025-11-18 21:04:37"}
{"code":"ECONNREFUSED","level":"error","message":"Redis error:","service":"trading-intercom","stack":"AggregateError [ECONNREFUSED]: \n    at internalConnectMultiple (node:net:1134:18)\n    at afterConnectMultiple (node:net:1715:7)","timestamp":"2025-11-18 21:04:39"}
{"level":"warn","message":"Redis connection closed","service":"trading-intercom","timestamp":"2025-11-18 21:04:39"}
{"level":"info","message":"Redis reconnecting...","service":"trading-intercom","timestamp":"2025-11-18 21:04:39"}
{"code":"ECONNREFUSED","level":"error","message":"Redis error:","service":"trading-intercom","stack":"AggregateError [ECONNREFUSED]: \n    at internalConnectMultiple (node:net:1134:18)\n    at afterConnectMultiple (node:net:1715:7)","timestamp":"2025-11-18 21:04:41"}
{"level":"warn","message":"Redis connection closed","service":"trading-intercom","timestamp":"2025-11-18 21:04:41"}
{"level":"info","message":"Redis reconnecting...","service":"trading-intercom","timestamp":"2025-11-18 21:04:41"}
{"code":"ECONNREFUSED","level":"error","message":"Redis error:","service":"trading-intercom","stack":"AggregateError [ECONNREFUSED]: \n    at internalConnectMultiple (node:net:1134:18)\n    at afterConnectMultiple (node:net:1715:7)","timestamp":"2025-11-18 21:04:43"}
{"level":"warn","message":"Redis connection closed","service":"trading-intercom","timestamp":"2025-11-18 21:04:43"}
{"level":"info","message":"Redis reconnecting...","service":"trading-intercom","timestamp":"2025-11-18 21:04:43"}
{"code":"ECONNREFUSED","level":"error","message":"Redis error:","service":"trading-intercom","stack":"AggregateError [ECONNREFUSED]: \n    at internalConnectMultiple (node:net:1134:18)\n    at afterConnectMultiple (node:net:1715:7)","timestamp":"2025-11-18 21:04:45"}
{"level":"warn","message":"Redis connection closed","service":"trading-intercom","timestamp":"2025-11-18 21:04:45"}
{"level":"info","message":"Redis reconnecting...","service":"trading-intercom","timestamp":"2025-11-18 21:04:45"}
{"code":"ECONNREFUSED","level":"error","message":"Redis error:","service":"trading-intercom","stack":"AggregateError [ECONNREFUSED]: \n    at internalConnectMultiple (node:net:1134:18)\n    at afterConnectMultiple (node:net:1715:7)","timestamp":"2025-11-18 21:04:47"}
{"level":"warn","message":"Redis connection closed","service":"trading-intercom","timestamp":"2025-11-18 21:04:47"}
{"level":"info","message":"Redis reconnecting...","service":"trading-intercom","timestamp":"2025-11-18 21:04:47"}
{"code":"ECONNREFUSED","level":"error","message":"Redis error:","service":"trading-intercom","stack":"AggregateError [ECONNREFUSED]: \n    at internalConnectMultiple (node:net:1134:18)\n    at afterConnectMultiple (node:net:1715:7)","timestamp":"2025-11-18 21:04:49"}
{"level":"warn","message":"Redis connection closed","service":"trading-intercom","timestamp":"2025-11-18 21:04:49"}
{"level":"info","message":"Redis reconnecting...","service":"trading-intercom","timestamp":"2025-11-18 21:04:49"}
{"code":"ECONNREFUSED","level":"error","message":"Redis error:","service":"trading-intercom","stack":"AggregateError [ECONNREFUSED]: \n    at internalConnectMultiple (node:net:1134:18)\n    at afterConnectMultiple (node:net:1715:7)","timestamp":"2025-11-18 21:04:51"}
{"level":"warn","message":"Redis connection closed","service":"trading-intercom","timestamp":"2025-11-18 21:04:52"}
{"level":"info","message":"Redis reconnecting...","service":"trading-intercom","timestamp":"2025-11-18 21:04:52"}
{"code":"ECONNREFUSED","level":"error","message":"Redis error:","service":"trading-intercom","stack":"AggregateError [ECONNREFUSED]: \n    at internalConnectMultiple (node:net:1134:18)\n    at afterConnectMultiple (node:net:1715:7)","timestamp":"2025-11-18 21:04:54"}
{"level":"warn","message":"Redis connection closed","service":"trading-intercom","timestamp":"2025-11-18 21:04:54"}
{"level":"info","message":"Redis reconnecting...","service":"trading-intercom","timestamp":"2025-11-18 21:04:54"}
{"code":"ECONNREFUSED","level":"error","message":"Redis error:","service":"trading-intercom","stack":"AggregateError [ECONNREFUSED]: \n    at internalConnectMultiple (node:net:1134:18)\n    at afterConnectMultiple (node:net:1715:7)","timestamp":"2025-11-18 21:04:56"}
{"level":"warn","message":"Redis connection closed","service":"trading-intercom","timestamp":"2025-11-18 21:04:56"}
{"level":"info","message":"Redis reconnecting...","service":"trading-intercom","timestamp":"2025-11-18 21:04:57"}
{"code":"ECONNREFUSED","level":"error","message":"Redis error:","service":"trading-intercom","stack":"AggregateError [ECONNREFUSED]: \n    at internalConnectMultiple (node:net:1134:18)\n    at afterConnectMultiple (node:net:1715:7)","timestamp":"2025-11-18 21:04:58"}
{"level":"warn","message":"Redis connection closed","service":"trading-intercom","timestamp":"2025-11-18 21:04:59"}
{"level":"info","message":"Redis reconnecting...","service":"trading-intercom","timestamp":"2025-11-18 21:04:59"}
{"code":"ECONNREFUSED","level":"error","message":"Redis error:","service":"trading-intercom","stack":"AggregateError [ECONNREFUSED]: \n    at internalConnectMultiple (node:net:1134:18)\n    at afterConnectMultiple (node:net:1715:7)","timestamp":"2025-11-18 21:05:01"}
{"level":"warn","message":"Redis connection closed","service":"trading-intercom","timestamp":"2025-11-18 21:05:01"}
{"level":"info","message":"Redis reconnecting...","service":"trading-intercom","timestamp":"2025-11-18 21:05:01"}
{"code":"ECONNREFUSED","level":"error","message":"Redis error:","service":"trading-intercom","stack":"AggregateError [ECONNREFUSED]: \n    at internalConnectMultiple (node:net:1134:18)\n    at afterConnectMultiple (node:net:1715:7)","timestamp":"2025-11-18 21:05:03"}
{"level":"warn","message":"Redis connection closed","service":"trading-intercom","timestamp":"2025-11-18 21:05:03"}
{"level":"info","message":"Redis reconnecting...","service":"trading-intercom","timestamp":"2025-11-18 21:05:03"}
{"code":"ECONNREFUSED","level":"error","message":"Redis error:","service":"trading-intercom","stack":"AggregateError [ECONNREFUSED]: \n    at internalConnectMultiple (node:net:1134:18)\n    at afterConnectMultiple (node:net:1715:7)","timestamp":"2025-11-18 21:05:05"}
{"level":"warn","message":"Redis connection closed","service":"trading-intercom","timestamp":"2025-11-18 21:05:05"}
{"level":"info","message":"Redis reconnecting...","service":"trading-intercom","timestamp":"2025-11-18 21:05:05"}
{"code":"ECONNREFUSED","level":"error","message":"Redis error:","service":"trading-intercom","stack":"AggregateError [ECONNREFUSED]: \n    at internalConnectMultiple (node:net:1134:18)\n    at afterConnectMultiple (node:net:1715:7)","timestamp":"2025-11-18 21:05:07"}
{"level":"warn","message":"Redis connection closed","service":"trading-intercom","timestamp":"2025-11-18 21:05:07"}
{"level":"info","message":"Redis reconnecting...","service":"trading-intercom","timestamp":"2025-11-18 21:05:07"}
{"code":"ECONNREFUSED","level":"error","message":"Redis error:","service":"trading-intercom","stack":"AggregateError [ECONNREFUSED]: \n    at internalConnectMultiple (node:net:1134:18)\n    at afterConnectMultiple (node:net:1715:7)","timestamp":"2025-11-18 21:05:09"}
{"level":"warn","message":"Redis connection closed","service":"trading-intercom","timestamp":"2025-11-18 21:05:09"}
{"level":"info","message":"Redis reconnecting...","service":"trading-intercom","timestamp":"2025-11-18 21:05:09"}
{"code":"ECONNREFUSED","level":"error","message":"Redis error:","service":"trading-intercom","stack":"AggregateError [ECONNREFUSED]: \n    at internalConnectMultiple (node:net:1134:18)\n    at afterConnectMultiple (node:net:1715:7)","timestamp":"2025-11-18 21:05:11"}
{"level":"warn","message":"Redis connection closed","service":"trading-intercom","timestamp":"2025-11-18 21:05:11"}
{"level":"info","message":"Redis reconnecting...","service":"trading-intercom","timestamp":"2025-11-18 21:05:11"}
{"code":"ECONNREFUSED","level":"error","message":"Redis error:","service":"trading-intercom","stack":"AggregateError [ECONNREFUSED]: \n    at internalConnectMultiple (node:net:1134:18)\n    at afterConnectMultiple (node:net:1715:7)","timestamp":"2025-11-18 21:05:13"}
{"level":"warn","message":"Redis connection closed","service":"trading-intercom","timestamp":"2025-11-18 21:05:13"}
{"level":"info","message":"Redis reconnecting...","service":"trading-intercom","timestamp":"2025-11-18 21:05:13"}
{"code":"ECONNREFUSED","level":"error","message":"Redis error:","service":"trading-intercom","stack":"AggregateError [ECONNREFUSED]: \n    at internalConnectMultiple (node:net:1134:18)\n    at afterConnectMultiple (node:net:1715:7)","timestamp":"2025-11-18 21:05:15"}
{"level":"warn","message":"Redis connection closed","service":"trading-intercom","timestamp":"2025-11-18 21:05:19"}
{"level":"info","message":"Redis reconnecting...","service":"trading-intercom","timestamp":"2025-11-18 21:05:19"}
{"code":"ECONNREFUSED","level":"error","message":"Redis error:","service":"trading-intercom","stack":"AggregateError [ECONNREFUSED]: \n    at internalConnectMultiple (node:net:1134:18)\n    at afterConnectMultiple (node:net:1715:7)","timestamp":"2025-11-18 21:05:21"}
{"level":"warn","message":"Redis connection closed","service":"trading-intercom","timestamp":"2025-11-18 21:05:21"}
{"level":"info","message":"Redis reconnecting...","service":"trading-intercom","timestamp":"2025-11-18 21:05:21"}
{"code":"ECONNREFUSED","level":"error","message":"Redis error:","service":"trading-intercom","stack":"AggregateError [ECONNREFUSED]: \n    at internalConnectMultiple (node:net:1134:18)\n    at afterConnectMultiple (node:net:1715:7)","timestamp":"2025-11-18 21:05:23"}
{"level":"warn","message":"Redis connection closed","service":"trading-intercom","timestamp":"2025-11-18 21:05:23"}
{"level":"info","message":"Redis reconnecting...","service":"trading-intercom","timestamp":"2025-11-18 21:05:23"}
{"code":"ECONNREFUSED","level":"error","message":"Redis error:","service":"trading-intercom","stack":"AggregateError [ECONNREFUSED]: \n    at internalConnectMultiple (node:net:1134:18)\n    at afterConnectMultiple (node:net:1715:7)","timestamp":"2025-11-18 21:05:25"}
{"level":"warn","message":"Redis connection closed","service":"trading-intercom","timestamp":"2025-11-18 21:05:25"}
{"level":"info","message":"Redis reconnecting...","service":"trading-intercom","timestamp":"2025-11-18 21:05:25"}
{"code":"ECONNREFUSED","level":"error","message":"Redis error:","service":"trading-intercom","stack":"AggregateError [ECONNREFUSED]: \n    at internalConnectMultiple (node:net:1134:18)\n    at afterConnectMultiple (node:net:1715:7)","timestamp":"2025-11-18 21:05:27"}
{"level":"warn","message":"Redis connection closed","service":"trading-intercom","timestamp":"2025-11-18 21:05:27"}
{"level":"info","message":"Redis reconnecting...","service":"trading-intercom","timestamp":"2025-11-18 21:05:27"}
{"code":"ECONNREFUSED","level":"error","message":"Redis error:","service":"trading-intercom","stack":"AggregateError [ECONNREFUSED]: \n    at internalConnectMultiple (node:net:1134:18)\n    at afterConnectMultiple (node:net:1715:7)","timestamp":"2025-11-18 21:05:29"}
{"level":"warn","message":"Redis connection closed","service":"trading-intercom","timestamp":"2025-11-18 21:05:29"}
{"level":"info","message":"Redis reconnecting...","service":"trading-intercom","timestamp":"2025-11-18 21:05:29"}
{"code":"ECONNREFUSED","level":"error","message":"Redis error:","service":"trading-intercom","stack":"AggregateError [ECONNREFUSED]: \n    at internalConnectMultiple (node:net:1134:18)\n    at afterConnectMultiple (node:net:1715:7)","timestamp":"2025-11-18 21:05:31"}
{"level":"warn","message":"Redis connection closed","service":"trading-intercom","timestamp":"2025-11-18 21:05:31"}
{"level":"info","message":"Redis reconnecting...","service":"trading-intercom","timestamp":"2025-11-18 21:05:31"}
{"code":"ECONNREFUSED","level":"error","message":"Redis error:","service":"trading-intercom","stack":"AggregateError [ECONNREFUSED]: \n    at internalConnectMultiple (node:net:1134:18)\n    at afterConnectMultiple (node:net:1715:7)","timestamp":"2025-11-18 21:05:33"}
{"level":"warn","message":"Redis connection closed","service":"trading-intercom","timestamp":"2025-11-18 21:05:34"}
{"level":"info","message":"Redis reconnecting...","service":"trading-intercom","timestamp":"2025-11-18 21:05:34"}
{"code":"ECONNREFUSED","level":"error","message":"Redis error:","service":"trading-intercom","stack":"AggregateError [ECONNREFUSED]: \n    at internalConnectMultiple (node:net:1134:18)\n    at afterConnectMultiple (node:net:1715:7)","timestamp":"2025-11-18 21:05:36"}
{"level":"warn","message":"Redis connection closed","service":"trading-intercom","timestamp":"2025-11-18 21:05:36"}
{"level":"info","message":"Redis reconnecting...","service":"trading-intercom","timestamp":"2025-11-18 21:05:36"}
{"code":"ECONNREFUSED","level":"error","message":"Redis error:","service":"trading-intercom","stack":"AggregateError [ECONNREFUSED]: \n    at internalConnectMultiple (node:net:1134:18)\n    at afterConnectMultiple (node:net:1715:7)","timestamp":"2025-11-18 21:05:38"}
{"level":"warn","message":"Redis connection closed","service":"trading-intercom","timestamp":"2025-11-18 21:05:38"}
{"level":"info","message":"Redis reconnecting...","service":"trading-intercom","timestamp":"2025-11-18 21:05:38"}
{"code":"ECONNREFUSED","level":"error","message":"Redis error:","service":"trading-intercom","stack":"AggregateError [ECONNREFUSED]: \n    at internalConnectMultiple (node:net:1134:18)\n    at afterConnectMultiple (node:net:1715:7)","timestamp":"2025-11-18 21:05:40"}
{"level":"warn","message":"Redis connection closed","service":"trading-intercom","timestamp":"2025-11-18 21:05:40"}
{"level":"info","message":"Redis reconnecting...","service":"trading-intercom","timestamp":"2025-11-18 21:05:40"}
{"code":"ECONNREFUSED","level":"error","message":"Redis error:","service":"trading-intercom","stack":"AggregateError [ECONNREFUSED]: \n    at internalConnectMultiple (node:net:1134:18)\n    at afterConnectMultiple (node:net:1715:7)","timestamp":"2025-11-18 21:05:42"}
{"level":"warn","message":"Redis connection closed","service":"trading-intercom","timestamp":"2025-11-18 21:05:42"}
{"level":"info","message":"Redis reconnecting...","service":"trading-intercom","timestamp":"2025-11-18 21:05:42"}
{"code":"ECONNREFUSED","level":"error","message":"Redis error:","service":"trading-intercom","stack":"AggregateError [ECONNREFUSED]: \n    at internalConnectMultiple (node:net:1134:18)\n    at afterConnectMultiple (node:net:1715:7)","timestamp":"2025-11-18 21:05:44"}
{"level":"warn","message":"Redis connection closed","service":"trading-intercom","timestamp":"2025-11-18 21:05:44"}
{"level":"info","message":"Redis reconnecting...","service":"trading-intercom","timestamp":"2025-11-18 21:05:44"}
{"code":"ECONNREFUSED","level":"error","message":"Redis error:","service":"trading-intercom","stack":"AggregateError [ECONNREFUSED]: \n    at internalConnectMultiple (node:net:1134:18)\n    at afterConnectMultiple (node:net:1715:7)","timestamp":"2025-11-18 21:05:46"}
{"level":"warn","message":"Redis connection closed","service":"trading-intercom","timestamp":"2025-11-18 21:05:46"}
{"level":"info","message":"Redis reconnecting...","service":"trading-intercom","timestamp":"2025-11-18 21:05:46"}
{"code":"ECONNREFUSED","level":"error","message":"Redis error:","service":"trading-intercom","stack":"AggregateError [ECONNREFUSED]: \n    at internalConnectMultiple (node:net:1134:18)\n    at afterConnectMultiple (node:net:1715:7)","timestamp":"2025-11-18 21:05:48"}
{"level":"warn","message":"Redis connection closed","service":"trading-intercom","timestamp":"2025-11-18 21:05:48"}
{"level":"info","message":"Redis reconnecting...","service":"trading-intercom","timestamp":"2025-11-18 21:05:49"}
{"code":"ECONNREFUSED","level":"error","message":"Redis error:","service":"trading-intercom","stack":"AggregateError [ECONNREFUSED]: \n    at internalConnectMultiple (node:net:1134:18)\n    at afterConnectMultiple (node:net:1715:7)","timestamp":"2025-11-18 21:05:50"}
{"level":"warn","message":"Redis connection closed","service":"trading-intercom","timestamp":"2025-11-18 21:05:53"}
{"level":"info","message":"Redis reconnecting...","service":"trading-intercom","timestamp":"2025-11-18 21:05:54"}
{"code":"ECONNREFUSED","level":"error","message":"Redis error:","service":"trading-intercom","stack":"AggregateError [ECONNREFUSED]: \n    at internalConnectMultiple (node:net:1134:18)\n    at afterConnectMultiple (node:net:1715:7)","timestamp":"2025-11-18 21:05:55"}
{"level":"warn","message":"Redis connection closed","service":"trading-intercom","timestamp":"2025-11-18 21:05:55"}
{"level":"info","message":"Redis reconnecting...","service":"trading-intercom","timestamp":"2025-11-18 21:05:55"}
{"code":"ECONNREFUSED","level":"error","message":"Redis error:","service":"trading-intercom","stack":"AggregateError [ECONNREFUSED]: \n    at internalConnectMultiple (node:net:1134:18)\n    at afterConnectMultiple (node:net:1715:7)","timestamp":"2025-11-18 21:05:57"}
{"level":"warn","message":"Redis connection closed","service":"trading-intercom","timestamp":"2025-11-18 21:05:57"}
{"level":"info","message":"Redis reconnecting...","service":"trading-intercom","timestamp":"2025-11-18 21:05:57"}
{"code":"ECONNREFUSED","level":"error","message":"Redis error:","service":"trading-intercom","stack":"AggregateError [ECONNREFUSED]: \n    at internalConnectMultiple (node:net:1134:18)\n    at afterConnectMultiple (node:net:1715:7)","timestamp":"2025-11-18 21:05:59"}
{"level":"warn","message":"Redis connection closed","service":"trading-intercom","timestamp":"2025-11-18 21:06:00"}
{"level":"info","message":"Redis reconnecting...","service":"trading-intercom","timestamp":"2025-11-18 21:06:00"}
{"code":"ECONNREFUSED","level":"error","message":"Redis error:","service":"trading-intercom","stack":"AggregateError [ECONNREFUSED]: \n    at internalConnectMultiple (node:net:1134:18)\n    at afterConnectMultiple (node:net:1715:7)","timestamp":"2025-11-18 21:06:02"}
{"level":"warn","message":"Redis connection closed","service":"trading-intercom","timestamp":"2025-11-18 21:06:02"}
{"level":"info","message":"Redis reconnecting...","service":"trading-intercom","timestamp":"2025-11-18 21:06:02"}
{"code":"ECONNREFUSED","level":"error","message":"Redis error:","service":"trading-intercom","stack":"AggregateError [ECONNREFUSED]: \n    at internalConnectMultiple (node:net:1134:18)\n    at afterConnectMultiple (node:net:1715:7)","timestamp":"2025-11-18 21:06:04"}
{"level":"warn","message":"Redis connection closed","service":"trading-intercom","timestamp":"2025-11-18 21:06:04"}
{"level":"info","message":"Redis reconnecting...","service":"trading-intercom","timestamp":"2025-11-18 21:06:04"}
{"code":"ECONNREFUSED","level":"error","message":"Redis error:","service":"trading-intercom","stack":"AggregateError [ECONNREFUSED]: \n    at internalConnectMultiple (node:net:1134:18)\n    at afterConnectMultiple (node:net:1715:7)","timestamp":"2025-11-18 21:06:06"}
{"level":"warn","message":"Redis connection closed","service":"trading-intercom","timestamp":"2025-11-18 21:06:06"}
{"level":"info","message":"Redis reconnecting...","service":"trading-intercom","timestamp":"2025-11-18 21:06:06"}
{"code":"ECONNREFUSED","level":"error","message":"Redis error:","service":"trading-intercom","stack":"AggregateError [ECONNREFUSED]: \n    at internalConnectMultiple (node:net:1134:18)\n    at afterConnectMultiple (node:net:1715:7)","timestamp":"2025-11-18 21:06:08"}
{"level":"warn","message":"Redis connection closed","service":"trading-intercom","timestamp":"2025-11-18 21:06:08"}
{"level":"info","message":"Redis reconnecting...","service":"trading-intercom","timestamp":"2025-11-18 21:06:08"}
{"code":"ECONNREFUSED","level":"error","message":"Redis error:","service":"trading-intercom","stack":"AggregateError [ECONNREFUSED]: \n    at internalConnectMultiple (node:net:1134:18)\n    at afterConnectMultiple (node:net:1715:7)","timestamp":"2025-11-18 21:06:10"}
{"level":"warn","message":"Redis connection closed","service":"trading-intercom","timestamp":"2025-11-18 21:06:10"}
{"level":"info","message":"Redis reconnecting...","service":"trading-intercom","timestamp":"2025-11-18 21:06:10"}
{"code":"ECONNREFUSED","level":"error","message":"Redis error:","service":"trading-intercom","stack":"AggregateError [ECONNREFUSED]: \n    at internalConnectMultiple (node:net:1134:18)\n    at afterConnectMultiple (node:net:1715:7)","timestamp":"2025-11-18 21:06:12"}
{"level":"warn","message":"Redis connection closed","service":"trading-intercom","timestamp":"2025-11-18 21:06:12"}
{"level":"info","message":"Redis reconnecting...","service":"trading-intercom","timestamp":"2025-11-18 21:06:12"}
{"code":"ECONNREFUSED","level":"error","message":"Redis error:","service":"trading-intercom","stack":"AggregateError [ECONNREFUSED]: \n    at internalConnectMultiple (node:net:1134:18)\n    at afterConnectMultiple (node:net:1715:7)","timestamp":"2025-11-18 21:06:14"}
{"level":"warn","message":"Redis connection closed","service":"trading-intercom","timestamp":"2025-11-18 21:06:14"}
{"level":"info","message":"Redis reconnecting...","service":"trading-intercom","timestamp":"2025-11-18 21:06:14"}
{"code":"ECONNREFUSED","level":"error","message":"Redis error:","service":"trading-intercom","stack":"AggregateError [ECONNREFUSED]: \n    at internalConnectMultiple (node:net:1134:18)\n    at afterConnectMultiple (node:net:1715:7)","timestamp":"2025-11-18 21:06:16"}
{"level":"warn","message":"Redis connection closed","service":"trading-intercom","timestamp":"2025-11-18 21:06:16"}
{"level":"info","message":"Redis reconnecting...","service":"trading-intercom","timestamp":"2025-11-18 21:06:16"}
{"code":"ECONNREFUSED","level":"error","message":"Redis error:","service":"trading-intercom","stack":"AggregateError [ECONNREFUSED]: \n    at internalConnectMultiple (node:net:1134:18)\n    at afterConnectMultiple (node:net:1715:7)","timestamp":"2025-11-18 21:06:18"}
{"level":"warn","message":"Redis connection closed","service":"trading-intercom","timestamp":"2025-11-18 21:06:18"}
{"level":"info","message":"Redis reconnecting...","service":"trading-intercom","timestamp":"2025-11-18 21:06:18"}
{"code":"ECONNREFUSED","level":"error","message":"Redis error:","service":"trading-intercom","stack":"AggregateError [ECONNREFUSED]: \n    at internalConnectMultiple (node:net:1134:18)\n    at afterConnectMultiple (node:net:1715:7)","timestamp":"2025-11-18 21:06:20"}
{"level":"warn","message":"Redis connection closed","service":"trading-intercom","timestamp":"2025-11-18 21:06:20"}
{"level":"info","message":"Redis reconnecting...","service":"trading-intercom","timestamp":"2025-11-18 21:06:20"}
{"code":"ECONNREFUSED","level":"error","message":"Redis error:","service":"trading-intercom","stack":"AggregateError [ECONNREFUSED]: \n    at internalConnectMultiple (node:net:1134:18)\n    at afterConnectMultiple (node:net:1715:7)","timestamp":"2025-11-18 21:06:22"}
{"level":"warn","message":"Redis connection closed","service":"trading-intercom","timestamp":"2025-11-18 21:06:23"}
{"level":"info","message":"Redis reconnecting...","service":"trading-intercom","timestamp":"2025-11-18 21:06:23"}
{"code":"ECONNREFUSED","level":"error","message":"Redis error:","service":"trading-intercom","stack":"AggregateError [ECONNREFUSED]: \n    at internalConnectMultiple (node:net:1134:18)\n    at afterConnectMultiple (node:net:1715:7)","timestamp":"2025-11-18 21:06:25"}
{"level":"warn","message":"Redis connection closed","service":"trading-intercom","timestamp":"2025-11-18 21:06:25"}
{"level":"info","message":"Redis reconnecting...","service":"trading-intercom","timestamp":"2025-11-18 21:06:25"}
{"code":"ECONNREFUSED","level":"error","message":"Redis error:","service":"trading-intercom","stack":"AggregateError [ECONNREFUSED]: \n    at internalConnectMultiple (node:net:1134:18)\n    at afterConnectMultiple (node:net:1715:7)","timestamp":"2025-11-18 21:06:27"}
{"level":"warn","message":"Redis connection closed","service":"trading-intercom","timestamp":"2025-11-18 21:06:27"}
{"level":"info","message":"Redis reconnecting...","service":"trading-intercom","timestamp":"2025-11-18 21:06:27"}
{"code":"ECONNREFUSED","level":"error","message":"Redis error:","service":"trading-intercom","stack":"AggregateError [ECONNREFUSED]: \n    at internalConnectMultiple (node:net:1134:18)\n    at afterConnectMultiple (node:net:1715:7)","timestamp":"2025-11-18 21:06:29"}
{"level":"warn","message":"Redis connection closed","service":"trading-intercom","timestamp":"2025-11-18 21:06:29"}
{"level":"info","message":"Redis reconnecting...","service":"trading-intercom","timestamp":"2025-11-18 21:06:29"}
{"code":"ECONNREFUSED","level":"error","message":"Redis error:","service":"trading-intercom","stack":"AggregateError [ECONNREFUSED]: \n    at internalConnectMultiple (node:net:1134:18)\n    at afterConnectMultiple (node:net:1715:7)","timestamp":"2025-11-18 21:06:31"}
{"level":"warn","message":"Redis connection closed","service":"trading-intercom","timestamp":"2025-11-18 21:06:35"}
{"level":"info","message":"Redis reconnecting...","service":"trading-intercom","timestamp":"2025-11-18 21:06:35"}
{"code":"ECONNREFUSED","level":"error","message":"Redis error:","service":"trading-intercom","stack":"AggregateError [ECONNREFUSED]: \n    at internalConnectMultiple (node:net:1134:18)\n    at afterConnectMultiple (node:net:1715:7)","timestamp":"2025-11-18 21:06:37"}
{"level":"warn","message":"Redis connection closed","service":"trading-intercom","timestamp":"2025-11-18 21:06:37"}
{"level":"info","message":"Redis reconnecting...","service":"trading-intercom","timestamp":"2025-11-18 21:06:37"}
{"code":"ECONNREFUSED","level":"error","message":"Redis error:","service":"trading-intercom","stack":"AggregateError [ECONNREFUSED]: \n    at internalConnectMultiple (node:net:1134:18)\n    at afterConnectMultiple (node:net:1715:7)","timestamp":"2025-11-18 21:06:39"}
{"level":"warn","message":"Redis connection closed","service":"trading-intercom","timestamp":"2025-11-18 21:06:39"}
{"level":"info","message":"Redis reconnecting...","service":"trading-intercom","timestamp":"2025-11-18 21:06:39"}
{"code":"ECONNREFUSED","level":"error","message":"Redis error:","service":"trading-intercom","stack":"AggregateError [ECONNREFUSED]: \n    at internalConnectMultiple (node:net:1134:18)\n    at afterConnectMultiple (node:net:1715:7)","timestamp":"2025-11-18 21:06:41"}
{"level":"warn","message":"Redis connection closed","service":"trading-intercom","timestamp":"2025-11-18 21:06:41"}
{"level":"info","message":"Redis reconnecting...","service":"trading-intercom","timestamp":"2025-11-18 21:06:41"}
{"code":"ECONNREFUSED","level":"error","message":"Redis error:","service":"trading-intercom","stack":"AggregateError [ECONNREFUSED]: \n    at internalConnectMultiple (node:net:1134:18)\n    at afterConnectMultiple (node:net:1715:7)","timestamp":"2025-11-18 21:06:43"}
{"level":"warn","message":"Redis connection closed","service":"trading-intercom","timestamp":"2025-11-18 21:06:43"}
{"level":"info","message":"Redis reconnecting...","service":"trading-intercom","timestamp":"2025-11-18 21:06:43"}
{"code":"ECONNREFUSED","level":"error","message":"Redis error:","service":"trading-intercom","stack":"AggregateError [ECONNREFUSED]: \n    at internalConnectMultiple (node:net:1134:18)\n    at afterConnectMultiple (node:net:1715:7)","timestamp":"2025-11-18 21:06:45"}
{"level":"warn","message":"Redis connection closed","service":"trading-intercom","timestamp":"2025-11-18 21:06:45"}
{"level":"info","message":"Redis reconnecting...","service":"trading-intercom","timestamp":"2025-11-18 21:06:46"}
{"code":"ECONNREFUSED","level":"error","message":"Redis error:","service":"trading-intercom","stack":"AggregateError [ECONNREFUSED]: \n    at internalConnectMultiple (node:net:1134:18)\n    at afterConnectMultiple (node:net:1715:7)","timestamp":"2025-11-18 21:06:48"}
{"level":"warn","message":"Redis connection closed","service":"trading-intercom","timestamp":"2025-11-18 21:06:48"}
{"level":"info","message":"Redis reconnecting...","service":"trading-intercom","timestamp":"2025-11-18 21:06:48"}
{"code":"ECONNREFUSED","level":"error","message":"Redis error:","service":"trading-intercom","stack":"AggregateError [ECONNREFUSED]: \n    at internalConnectMultiple (node:net:1134:18)\n    at afterConnectMultiple (node:net:1715:7)","timestamp":"2025-11-18 21:06:50"}
{"level":"warn","message":"Redis connection closed","service":"trading-intercom","timestamp":"2025-11-18 21:06:50"}
{"level":"info","message":"Redis reconnecting...","service":"trading-intercom","timestamp":"2025-11-18 21:06:50"}
{"code":"ECONNREFUSED","level":"error","message":"Redis error:","service":"trading-intercom","stack":"AggregateError [ECONNREFUSED]: \n    at internalConnectMultiple (node:net:1134:18)\n    at afterConnectMultiple (node:net:1715:7)","timestamp":"2025-11-18 21:06:52"}
{"level":"warn","message":"Redis connection closed","service":"trading-intercom","timestamp":"2025-11-18 21:06:52"}
{"level":"info","message":"Redis reconnecting...","service":"trading-intercom","timestamp":"2025-11-18 21:06:52"}
{"code":"ECONNREFUSED","level":"error","message":"Redis error:","service":"trading-intercom","stack":"AggregateError [ECONNREFUSED]: \n    at internalConnectMultiple (node:net:1134:18)\n    at afterConnectMultiple (node:net:1715:7)","timestamp":"2025-11-18 21:06:54"}
{"level":"warn","message":"Redis connection closed","service":"trading-intercom","timestamp":"2025-11-18 21:06:54"}
{"level":"info","message":"Redis reconnecting...","service":"trading-intercom","timestamp":"2025-11-18 21:06:54"}
{"code":"ECONNREFUSED","level":"error","message":"Redis error:","service":"trading-intercom","stack":"AggregateError [ECONNREFUSED]: \n    at internalConnectMultiple (node:net:1134:18)\n    at afterConnectMultiple (node:net:1715:7)","timestamp":"2025-11-18 21:06:56"}
{"level":"warn","message":"Redis connection closed","service":"trading-intercom","timestamp":"2025-11-18 21:06:56"}
{"level":"info","message":"Redis reconnecting...","service":"trading-intercom","timestamp":"2025-11-18 21:06:56"}
{"code":"ECONNREFUSED","level":"error","message":"Redis error:","service":"trading-intercom","stack":"AggregateError [ECONNREFUSED]: \n    at internalConnectMultiple (node:net:1134:18)\n    at afterConnectMultiple (node:net:1715:7)","timestamp":"2025-11-18 21:07:00"}
{"level":"warn","message":"Redis connection closed","service":"trading-intercom","timestamp":"2025-11-18 21:07:00"}
{"level":"info","message":"Redis reconnecting...","service":"trading-intercom","timestamp":"2025-11-18 21:07:00"}
{"code":"ECONNREFUSED","level":"error","message":"Redis error:","service":"trading-intercom","stack":"AggregateError [ECONNREFUSED]: \n    at internalConnectMultiple (node:net:1134:18)\n    at afterConnectMultiple (node:net:1715:7)","timestamp":"2025-11-18 21:07:02"}
{"level":"warn","message":"Redis connection closed","service":"trading-intercom","timestamp":"2025-11-18 21:07:02"}
{"level":"info","message":"Redis reconnecting...","service":"trading-intercom","timestamp":"2025-11-18 21:07:02"}
{"code":"ECONNREFUSED","level":"error","message":"Redis error:","service":"trading-intercom","stack":"AggregateError [ECONNREFUSED]: \n    at internalConnectMultiple (node:net:1134:18)\n    at afterConnectMultiple (node:net:1715:7)","timestamp":"2025-11-18 21:07:04"}
{"level":"warn","message":"Redis connection closed","service":"trading-intercom","timestamp":"2025-11-18 21:07:04"}
{"level":"info","message":"Redis reconnecting...","service":"trading-intercom","timestamp":"2025-11-18 21:07:04"}
{"code":"ECONNREFUSED","level":"error","message":"Redis error:","service":"trading-intercom","stack":"AggregateError [ECONNREFUSED]: \n    at internalConnectMultiple (node:net:1134:18)\n    at afterConnectMultiple (node:net:1715:7)","timestamp":"2025-11-18 21:07:06"}
{"level":"warn","message":"Redis connection closed","service":"trading-intercom","timestamp":"2025-11-18 21:07:06"}
{"level":"info","message":"Redis reconnecting...","service":"trading-intercom","timestamp":"2025-11-18 21:07:06"}
{"code":"ECONNREFUSED","level":"error","message":"Redis error:","service":"trading-intercom","stack":"AggregateError [ECONNREFUSED]: \n    at internalConnectMultiple (node:net:1134:18)\n    at afterConnectMultiple (node:net:1715:7)","timestamp":"2025-11-18 21:07:08"}
{"level":"warn","message":"Redis connection closed","service":"trading-intercom","timestamp":"2025-11-18 21:07:08"}
{"level":"info","message":"Redis reconnecting...","service":"trading-intercom","timestamp":"2025-11-18 21:07:08"}
{"code":"ECONNREFUSED","level":"error","message":"Redis error:","service":"trading-intercom","stack":"AggregateError [ECONNREFUSED]: \n    at internalConnectMultiple (node:net:1134:18)\n    at afterConnectMultiple (node:net:1715:7)","timestamp":"2025-11-18 21:07:10"}
{"level":"warn","message":"Redis connection closed","service":"trading-intercom","timestamp":"2025-11-18 21:07:10"}
{"level":"info","message":"Redis reconnecting...","service":"trading-intercom","timestamp":"2025-11-18 21:07:10"}
{"code":"ECONNREFUSED","level":"error","message":"Redis error:","service":"trading-intercom","stack":"AggregateError [ECONNREFUSED]: \n    at internalConnectMultiple (node:net:1134:18)\n    at afterConnectMultiple (node:net:1715:7)","timestamp":"2025-11-18 21:07:12"}
{"level":"warn","message":"Redis connection closed","service":"trading-intercom","timestamp":"2025-11-18 21:07:12"}
{"level":"info","message":"Redis reconnecting...","service":"trading-intercom","timestamp":"2025-11-18 21:07:12"}
{"code":"ECONNREFUSED","level":"error","message":"Redis error:","service":"trading-intercom","stack":"AggregateError [ECONNREFUSED]: \n    at internalConnectMultiple (node:net:1134:18)\n    at afterConnectMultiple (node:net:1715:7)","timestamp":"2025-11-18 21:07:14"}
{"level":"warn","message":"Redis connection closed","service":"trading-intercom","timestamp":"2025-11-18 21:07:14"}
{"level":"info","message":"Redis reconnecting...","service":"trading-intercom","timestamp":"2025-11-18 21:07:14"}
{"code":"ECONNREFUSED","level":"error","message":"Redis error:","service":"trading-intercom","stack":"AggregateError [ECONNREFUSED]: \n    at internalConnectMultiple (node:net:1134:18)\n    at afterConnectMultiple (node:net:1715:7)","timestamp":"2025-11-18 21:07:16"}
{"level":"warn","message":"Redis connection closed","service":"trading-intercom","timestamp":"2025-11-18 21:07:16"}
{"level":"info","message":"Redis reconnecting...","service":"trading-intercom","timestamp":"2025-11-18 21:07:17"}
{"code":"ECONNREFUSED","level":"error","message":"Redis error:","service":"trading-intercom","stack":"AggregateError [ECONNREFUSED]: \n    at internalConnectMultiple (node:net:1134:18)\n    at afterConnectMultiple (node:net:1715:7)","timestamp":"2025-11-18 21:07:18"}
{"level":"warn","message":"Redis connection closed","service":"trading-intercom","timestamp":"2025-11-18 21:07:19"}
{"level":"info","message":"Redis reconnecting...","service":"trading-intercom","timestamp":"2025-11-18 21:07:19"}
{"code":"ECONNREFUSED","level":"error","message":"Redis error:","service":"trading-intercom","stack":"AggregateError [ECONNREFUSED]: \n    at internalConnectMultiple (node:net:1134:18)\n    at afterConnectMultiple (node:net:1715:7)","timestamp":"2025-11-18 21:07:21"}
{"level":"warn","message":"Redis connection closed","service":"trading-intercom","timestamp":"2025-11-18 21:07:21"}
{"level":"info","message":"Redis reconnecting...","service":"trading-intercom","timestamp":"2025-11-18 21:07:21"}
{"code":"ECONNREFUSED","level":"error","message":"Redis error:","service":"trading-intercom","stack":"AggregateError [ECONNREFUSED]: \n    at internalConnectMultiple (node:net:1134:18)\n    at afterConnectMultiple (node:net:1715:7)","timestamp":"2025-11-18 21:07:23"}
{"level":"warn","message":"Redis connection closed","service":"trading-intercom","timestamp":"2025-11-18 21:07:23"}
{"level":"info","message":"Redis reconnecting...","service":"trading-intercom","timestamp":"2025-11-18 21:07:23"}
{"code":"ECONNREFUSED","level":"error","message":"Redis error:","service":"trading-intercom","stack":"AggregateError [ECONNREFUSED]: \n    at internalConnectMultiple (node:net:1134:18)\n    at afterConnectMultiple (node:net:1715:7)","timestamp":"2025-11-18 21:07:25"}
{"level":"warn","message":"Redis connection closed","service":"trading-intercom","timestamp":"2025-11-18 21:07:25"}
{"level":"info","message":"Redis reconnecting...","service":"trading-intercom","timestamp":"2025-11-18 21:07:25"}
{"code":"ECONNREFUSED","level":"error","message":"Redis error:","service":"trading-intercom","stack":"AggregateError [ECONNREFUSED]: \n    at internalConnectMultiple (node:net:1134:18)\n    at afterConnectMultiple (node:net:1715:7)","timestamp":"2025-11-18 21:07:27"}
{"level":"warn","message":"Redis connection closed","service":"trading-intercom","timestamp":"2025-11-18 21:07:27"}
{"level":"info","message":"Redis reconnecting...","service":"trading-intercom","timestamp":"2025-11-18 21:07:27"}
{"code":"ECONNREFUSED","level":"error","message":"Redis error:","service":"trading-intercom","stack":"AggregateError [ECONNREFUSED]: \n    at internalConnectMultiple (node:net:1134:18)\n    at afterConnectMultiple (node:net:1715:7)","timestamp":"2025-11-18 21:07:29"}
{"level":"warn","message":"Redis connection closed","service":"trading-intercom","timestamp":"2025-11-18 21:07:29"}
{"level":"info","message":"Redis reconnecting...","service":"trading-intercom","timestamp":"2025-11-18 21:07:29"}
{"code":"ECONNREFUSED","level":"error","message":"Redis error:","service":"trading-intercom","stack":"AggregateError [ECONNREFUSED]: \n    at internalConnectMultiple (node:net:1134:18)\n    at afterConnectMultiple (node:net:1715:7)","timestamp":"2025-11-18 21:07:31"}
{"level":"warn","message":"Redis connection closed","service":"trading-intercom","timestamp":"2025-11-18 21:07:31"}
{"level":"info","message":"Redis reconnecting...","service":"trading-intercom","timestamp":"2025-11-18 21:07:31"}
{"code":"ECONNREFUSED","level":"error","message":"Redis error:","service":"trading-intercom","stack":"AggregateError [ECONNREFUSED]: \n    at internalConnectMultiple (node:net:1134:18)\n    at afterConnectMultiple (node:net:1715:7)","timestamp":"2025-11-18 21:07:33"}
{"level":"warn","message":"Redis connection closed","service":"trading-intercom","timestamp":"2025-11-18 21:07:33"}
{"level":"info","message":"Redis reconnecting...","service":"trading-intercom","timestamp":"2025-11-18 21:07:33"}
{"code":"ECONNREFUSED","level":"error","message":"Redis error:","service":"trading-intercom","stack":"AggregateError [ECONNREFUSED]: \n    at internalConnectMultiple (node:net:1134:18)\n    at afterConnectMultiple (node:net:1715:7)","timestamp":"2025-11-18 21:07:35"}
{"level":"warn","message":"Redis connection closed","service":"trading-intercom","timestamp":"2025-11-18 21:07:35"}
{"level":"info","message":"Redis reconnecting...","service":"trading-intercom","timestamp":"2025-11-18 21:07:35"}
{"code":"ECONNREFUSED","level":"error","message":"Redis error:","service":"trading-intercom","stack":"AggregateError [ECONNREFUSED]: \n    at internalConnectMultiple (node:net:1134:18)\n    at afterConnectMultiple (node:net:1715:7)","timestamp":"2025-11-18 21:07:37"}
{"level":"warn","message":"Redis connection closed","service":"trading-intercom","timestamp":"2025-11-18 21:07:37"}
{"level":"info","message":"Redis reconnecting...","service":"trading-intercom","timestamp":"2025-11-18 21:07:37"}
{"code":"ECONNREFUSED","level":"error","message":"Redis error:","service":"trading-intercom","stack":"AggregateError [ECONNREFUSED]: \n    at internalConnectMultiple (node:net:1134:18)\n    at afterConnectMultiple (node:net:1715:7)","timestamp":"2025-11-18 21:07:39"}
{"level":"warn","message":"Redis connection closed","service":"trading-intercom","timestamp":"2025-11-18 21:07:39"}
{"level":"info","message":"Redis reconnecting...","service":"trading-intercom","timestamp":"2025-11-18 21:07:39"}
{"code":"ECONNREFUSED","level":"error","message":"Redis error:","service":"trading-intercom","stack":"AggregateError [ECONNREFUSED]: \n    at internalConnectMultiple (node:net:1134:18)\n    at afterConnectMultiple (node:net:1715:7)","timestamp":"2025-11-18 21:07:41"}
{"level":"warn","message":"Redis connection closed","service":"trading-intercom","timestamp":"2025-11-18 21:07:41"}
{"level":"info","message":"Redis reconnecting...","service":"trading-intercom","timestamp":"2025-11-18 21:07:41"}
{"code":"ECONNREFUSED","level":"error","message":"Redis error:","service":"trading-intercom","stack":"AggregateError [ECONNREFUSED]: \n    at internalConnectMultiple (node:net:1134:18)\n    at afterConnectMultiple (node:net:1715:7)","timestamp":"2025-11-18 21:07:43"}
{"level":"warn","message":"Redis connection closed","service":"trading-intercom","timestamp":"2025-11-18 21:07:44"}
{"level":"info","message":"Redis reconnecting...","service":"trading-intercom","timestamp":"2025-11-18 21:07:44"}
{"code":"ECONNREFUSED","level":"error","message":"Redis error:","service":"trading-intercom","stack":"AggregateError [ECONNREFUSED]: \n    at internalConnectMultiple (node:net:1134:18)\n    at afterConnectMultiple (node:net:1715:7)","timestamp":"2025-11-18 21:07:46"}
{"level":"warn","message":"Redis connection closed","service":"trading-intercom","timestamp":"2025-11-18 21:07:46"}
{"level":"info","message":"Redis reconnecting...","service":"trading-intercom","timestamp":"2025-11-18 21:07:46"}
{"code":"ECONNREFUSED","level":"error","message":"Redis error:","service":"trading-intercom","stack":"AggregateError [ECONNREFUSED]: \n    at internalConnectMultiple (node:net:1134:18)\n    at afterConnectMultiple (node:net:1715:7)","timestamp":"2025-11-18 21:07:48"}
{"level":"warn","message":"Redis connection closed","service":"trading-intercom","timestamp":"2025-11-18 21:07:48"}
{"level":"info","message":"Redis reconnecting...","service":"trading-intercom","timestamp":"2025-11-18 21:07:48"}
{"code":"ECONNREFUSED","level":"error","message":"Redis error:","service":"trading-intercom","stack":"AggregateError [ECONNREFUSED]: \n    at internalConnectMultiple (node:net:1134:18)\n    at afterConnectMultiple (node:net:1715:7)","timestamp":"2025-11-18 21:07:50"}
{"level":"warn","message":"Redis connection closed","service":"trading-intercom","timestamp":"2025-11-18 21:07:50"}
{"level":"info","message":"Redis reconnecting...","service":"trading-intercom","timestamp":"2025-11-18 21:07:50"}
{"code":"ECONNREFUSED","level":"error","message":"Redis error:","service":"trading-intercom","stack":"AggregateError [ECONNREFUSED]: \n    at internalConnectMultiple (node:net:1134:18)\n    at afterConnectMultiple (node:net:1715:7)","timestamp":"2025-11-18 21:07:52"}
{"level":"warn","message":"Redis connection closed","service":"trading-intercom","timestamp":"2025-11-18 21:07:52"}
{"level":"info","message":"Redis reconnecting...","service":"trading-intercom","timestamp":"2025-11-18 21:07:52"}
{"code":"ECONNREFUSED","level":"error","message":"Redis error:","service":"trading-intercom","stack":"AggregateError [ECONNREFUSED]: \n    at internalConnectMultiple (node:net:1134:18)\n    at afterConnectMultiple (node:net:1715:7)","timestamp":"2025-11-18 21:07:54"}
{"level":"warn","message":"Redis connection closed","service":"trading-intercom","timestamp":"2025-11-18 21:07:54"}
{"level":"info","message":"Redis reconnecting...","service":"trading-intercom","timestamp":"2025-11-18 21:07:54"}
{"code":"ECONNREFUSED","level":"error","message":"Redis error:","service":"trading-intercom","stack":"AggregateError [ECONNREFUSED]: \n    at internalConnectMultiple (node:net:1134:18)\n    at afterConnectMultiple (node:net:1715:7)","timestamp":"2025-11-18 21:07:56"}
{"level":"warn","message":"Redis connection closed","service":"trading-intercom","timestamp":"2025-11-18 21:07:57"}
{"level":"info","message":"Redis reconnecting...","service":"trading-intercom","timestamp":"2025-11-18 21:07:57"}
{"code":"ECONNREFUSED","level":"error","message":"Redis error:","service":"trading-intercom","stack":"AggregateError [ECONNREFUSED]: \n    at internalConnectMultiple (node:net:1134:18)\n    at afterConnectMultiple (node:net:1715:7)","timestamp":"2025-11-18 21:07:59"}
{"level":"warn","message":"Redis connection closed","service":"trading-intercom","timestamp":"2025-11-18 21:07:59"}
{"level":"info","message":"Redis reconnecting...","service":"trading-intercom","timestamp":"2025-11-18 21:07:59"}
{"code":"ECONNREFUSED","level":"error","message":"Redis error:","service":"trading-intercom","stack":"AggregateError [ECONNREFUSED]: \n    at internalConnectMultiple (node:net:1134:18)\n    at afterConnectMultiple (node:net:1715:7)","timestamp":"2025-11-18 21:08:01"}
{"level":"warn","message":"Redis connection closed","service":"trading-intercom","timestamp":"2025-11-18 21:08:01"}
{"level":"info","message":"Redis reconnecting...","service":"trading-intercom","timestamp":"2025-11-18 21:08:01"}
{"level":"warn","message":"Matrix integration is disabled","service":"trading-intercom","timestamp":"2025-12-09 11:21:47"}
{"level":"warn","message":"Active Directory integration is disabled","service":"trading-intercom","timestamp":"2025-12-09 11:22:07"}
{"level":"warn","message":"Encryption service is disabled","service":"trading-intercom","timestamp":"2025-12-09 11:22:07"}
{"level":"warn","message":"Encryption service is disabled","service":"trading-intercom","timestamp":"2025-12-09 11:22:07"}
{"level":"warn","message":"Compliance service is disabled","service":"trading-intercom","timestamp":"2025-12-09 11:22:07"}
{"level":"warn","message":"Compliance service is disabled","service":"trading-intercom","timestamp":"2025-12-09 11:22:07"}
{"level":"warn","message":"Federation service is disabled","service":"trading-intercom","timestamp":"2025-12-09 11:22:07"}
{"level":"warn","message":"Federation service is disabled","service":"trading-intercom","timestamp":"2025-12-09 11:22:07"}
{"level":"info","message":"Starting HTTPS server using cert: C:\\Projects\\intercom\\dev-cert.pem","service":"trading-intercom","timestamp":"2025-12-09 11:22:08"}
{"level":"info","message":"Initializing Trading Intercom Server...","service":"trading-intercom","timestamp":"2025-12-09 11:22:08"}
{"level":"info","message":"Recording directory initialized: C:\\Projects\\intercom\\recordings","service":"trading-intercom","timestamp":"2025-12-09 11:22:08"}
{"level":"info","message":"Loading 32 recordings from disk...","service":"trading-intercom","timestamp":"2025-12-09 11:22:08"}
{"level":"info","message":"Loaded 20 recordings from disk","service":"trading-intercom","timestamp":"2025-12-09 11:22:09"}
{"level":"info","message":"Synced 4 users to local storage","service":"trading-intercom","timestamp":"2025-12-09 11:22:09"}
{"level":"info","message":"Postgres database ready","service":"trading-intercom","timestamp":"2025-12-09 11:22:10"}
{"level":"info","message":"Loaded 4 existing groups from database","service":"trading-intercom","timestamp":"2025-12-09 11:22:10"}
{"code":"ECONNREFUSED","level":"error","message":"Redis error:","service":"trading-intercom","stack":"AggregateError [ECONNREFUSED]: \n    at internalConnectMultiple (node:net:1134:18)\n    at afterConnectMultiple (node:net:1715:7)","timestamp":"2025-12-09 11:22:10"}
{"level":"warn","message":"Redis connection closed","service":"trading-intercom","timestamp":"2025-12-09 11:22:10"}
{"level":"info","message":"Redis reconnecting...","service":"trading-intercom","timestamp":"2025-12-09 11:22:10"}
{"level":"error","message":"Failed to initialize Redis single instance: Connection is closed.","service":"trading-intercom","stack":"Error: Connection is closed.\n    at EventEmitter.connectionCloseHandler (C:\\Projects\\intercom\\node_modules\\ioredis\\built\\Redis.js:208:28)\n    at Object.onceWrapper (node:events:623:26)\n    at EventEmitter.emit (node:events:520:35)\n    at process.processTicksAndRejections (node:internal/process/task_queues:84:11)","timestamp":"2025-12-09 11:22:10"}
{"level":"error","message":"Failed to initialize Redis: Connection is closed.","service":"trading-intercom","stack":"Error: Connection is closed.\n    at EventEmitter.connectionCloseHandler (C:\\Projects\\intercom\\node_modules\\ioredis\\built\\Redis.js:208:28)\n    at Object.onceWrapper (node:events:623:26)\n    at EventEmitter.emit (node:events:520:35)\n    at process.processTicksAndRejections (node:internal/process/task_queues:84:11)","timestamp":"2025-12-09 11:22:10"}
{"level":"error","message":"Failed to initialize Redis service: Connection is closed.","service":"trading-intercom","stack":"Error: Connection is closed.\n    at EventEmitter.connectionCloseHandler (C:\\Projects\\intercom\\node_modules\\ioredis\\built\\Redis.js:208:28)\n    at Object.onceWrapper (node:events:623:26)\n    at EventEmitter.emit (node:events:520:35)\n    at process.processTicksAndRejections (node:internal/process/task_queues:84:11)","timestamp":"2025-12-09 11:22:10"}
{"level":"warn","message":"Redis initialization failed:","service":"trading-intercom","timestamp":"2025-12-09 11:22:10"}
{"level":"info","message":"Session manager initialized","service":"trading-intercom","timestamp":"2025-12-09 11:22:10"}
{"code":"ECONNREFUSED","level":"error","message":"Redis error:","service":"trading-intercom","stack":"AggregateError [ECONNREFUSED]: \n    at internalConnectMultiple (node:net:1134:18)\n    at afterConnectMultiple (node:net:1715:7)","timestamp":"2025-12-09 11:22:10"}
{"level":"warn","message":"Redis connection closed","service":"trading-intercom","timestamp":"2025-12-09 11:22:10"}
{"level":"info","message":"Redis reconnecting...","service":"trading-intercom","timestamp":"2025-12-09 11:22:10"}
{"level":"info","message":"Using port configuration from environment/default: 10000-10200","service":"trading-intercom","timestamp":"2025-12-09 11:22:10"}
{"announcedIp":null,"level":"info","listenIp":"0.0.0.0","message":"Initializing MediaSoup SFU...","numWorkers":4,"rtcPorts":"10000-10200","service":"trading-intercom","timestamp":"2025-12-09 11:22:10"}
{"code":"ECONNREFUSED","level":"error","message":"Redis error:","service":"trading-intercom","stack":"AggregateError [ECONNREFUSED]: \n    at internalConnectMultiple (node:net:1134:18)\n    at afterConnectMultiple (node:net:1715:7)","timestamp":"2025-12-09 11:22:11"}
{"level":"warn","message":"Redis connection closed","service":"trading-intercom","timestamp":"2025-12-09 11:22:11"}
{"level":"info","message":"Redis reconnecting...","service":"trading-intercom","timestamp":"2025-12-09 11:22:11"}
{"code":"ECONNREFUSED","level":"error","message":"Redis error:","service":"trading-intercom","stack":"AggregateError [ECONNREFUSED]: \n    at internalConnectMultiple (node:net:1134:18)\n    at afterConnectMultiple (node:net:1715:7)","timestamp":"2025-12-09 11:22:11"}
{"level":"warn","message":"Redis connection closed","service":"trading-intercom","timestamp":"2025-12-09 11:22:11"}
{"level":"info","message":"Redis reconnecting...","service":"trading-intercom","timestamp":"2025-12-09 11:22:11"}
{"level":"info","message":"MediaSoup worker 1 created","service":"trading-intercom","timestamp":"2025-12-09 11:22:11"}
{"code":"ECONNREFUSED","level":"error","message":"Redis error:","service":"trading-intercom","stack":"AggregateError [ECONNREFUSED]: \n    at internalConnectMultiple (node:net:1134:18)\n    at afterConnectMultiple (node:net:1715:7)","timestamp":"2025-12-09 11:22:11"}
{"level":"warn","message":"Redis connection closed","service":"trading-intercom","timestamp":"2025-12-09 11:22:11"}
{"level":"info","message":"Redis reconnecting...","service":"trading-intercom","timestamp":"2025-12-09 11:22:11"}
{"level":"info","message":"MediaSoup worker 2 created","service":"trading-intercom","timestamp":"2025-12-09 11:22:11"}
{"level":"info","message":"MediaSoup worker 3 created","service":"trading-intercom","timestamp":"2025-12-09 11:22:11"}
{"code":"ECONNREFUSED","level":"error","message":"Redis error:","service":"trading-intercom","stack":"AggregateError [ECONNREFUSED]: \n    at internalConnectMultiple (node:net:1134:18)\n    at afterConnectMultiple (node:net:1715:7)","timestamp":"2025-12-09 11:22:11"}
{"level":"warn","message":"Redis connection closed","service":"trading-intercom","timestamp":"2025-12-09 11:22:11"}
{"level":"info","message":"Redis reconnecting...","service":"trading-intercom","timestamp":"2025-12-09 11:22:11"}
{"level":"info","message":"MediaSoup worker 4 created","service":"trading-intercom","timestamp":"2025-12-09 11:22:11"}
{"level":"info","message":"MediaSoup SFU initialized successfully","rtcPorts":"10000-10200","service":"trading-intercom","timestamp":"2025-12-09 11:22:12","workers":4}
{"audioProcessing":{"autoGainControl":false,"echoCancellation":false,"noiseReduction":false,"voiceActivityDetection":false},"config":{"adaptiveBitrate":false,"audioLevelThreshold":-50,"bandwidthLimit":64000,"maxConcurrentSpeakers":3,"silenceTimeout":2000},"level":"info","message":"Audio routing service initialized","service":"trading-intercom","timestamp":"2025-12-09 11:22:12"}
{"level":"warn","message":"Matrix integration is disabled","service":"trading-intercom","timestamp":"2025-12-09 11:22:12"}
{"level":"warn","message":"Matrix AppService is disabled","service":"trading-intercom","timestamp":"2025-12-09 11:22:12"}
{"level":"warn","message":"Matrix user sync disabled - Matrix service not enabled","service":"trading-intercom","timestamp":"2025-12-09 11:22:12"}
{"level":"info","message":"SIP Gateway disabled","service":"trading-intercom","timestamp":"2025-12-09 11:22:12"}
{"level":"info","message":"Zoom integration disabled","service":"trading-intercom","timestamp":"2025-12-09 11:22:12"}
{"level":"info","message":"Zoom service initialized","service":"trading-intercom","timestamp":"2025-12-09 11:22:12"}
{"level":"info","message":"Zoom-Matrix bridge service initialized","service":"trading-intercom","timestamp":"2025-12-09 11:22:12"}
{"level":"info","message":"Microsoft Teams integration disabled","service":"trading-intercom","timestamp":"2025-12-09 11:22:12"}
{"level":"info","message":"Teams service initialized","service":"trading-intercom","timestamp":"2025-12-09 11:22:12"}
{"level":"info","message":"Teams-Matrix bridge service initialized","service":"trading-intercom","timestamp":"2025-12-09 11:22:12"}
{"level":"info","message":"WebSocket monitoring enabled - Max connections: 1000","service":"trading-intercom","timestamp":"2025-12-09 11:22:12"}
{"level":"info","message":"Matrix service Socket.IO instance set","service":"trading-intercom","timestamp":"2025-12-09 11:22:12"}
{"level":"info","message":"Matrix service Socket.IO instance configured for real-time updates","service":"trading-intercom","timestamp":"2025-12-09 11:22:12"}
{"level":"info","message":"Scheduled room archiving will run daily at 2 AM (first run in 878 minutes)","service":"trading-intercom","timestamp":"2025-12-09 11:22:12"}
{"level":"info","message":"Audio recording service initialized","service":"trading-intercom","timestamp":"2025-12-09 11:22:12"}
{"level":"info","message":"Server role using fallback: publisher","service":"trading-intercom","timestamp":"2025-12-09 11:22:12"}
{"level":"info","message":"Server initialized as: PUBLISHER","service":"trading-intercom","timestamp":"2025-12-09 11:22:12"}
{"level":"info","message":"Publisher subscriber service initialized on port 3002 (path: /subscriber)","service":"trading-intercom","timestamp":"2025-12-09 11:22:12"}
{"level":"info","message":"Retention policy service initialized (check interval: 24 hours)","service":"trading-intercom","timestamp":"2025-12-09 11:22:12"}
{"level":"info","message":"Retention policy scheduler started (interval: 24 hours)","service":"trading-intercom","timestamp":"2025-12-09 11:22:12"}
{"level":"info","message":"Retention policy service initialized","service":"trading-intercom","timestamp":"2025-12-09 11:22:12"}
{"level":"info","message":"Server initialization completed successfully","service":"trading-intercom","timestamp":"2025-12-09 11:22:12"}
{"level":"info","message":"Trading Intercom Server running on port 5000","service":"trading-intercom","timestamp":"2025-12-09 11:22:12"}
{"level":"info","message":"Environment: development","service":"trading-intercom","timestamp":"2025-12-09 11:22:12"}
{"level":"info","message":"Matrix Server: Not configured","service":"trading-intercom","timestamp":"2025-12-09 11:22:12"}
{"level":"info","message":"SIP Gateway: Disabled","service":"trading-intercom","timestamp":"2025-12-09 11:22:12"}
{"code":"ECONNREFUSED","level":"error","message":"Redis error:","service":"trading-intercom","stack":"AggregateError [ECONNREFUSED]: \n    at internalConnectMultiple (node:net:1134:18)\n    at afterConnectMultiple (node:net:1715:7)","timestamp":"2025-12-09 11:22:12"}
{"level":"warn","message":"Redis connection closed","service":"trading-intercom","timestamp":"2025-12-09 11:22:12"}
{"level":"info","message":"Redis reconnecting...","service":"trading-intercom","timestamp":"2025-12-09 11:22:12"}
{"code":"ECONNREFUSED","level":"error","message":"Redis error:","service":"trading-intercom","stack":"AggregateError [ECONNREFUSED]: \n    at internalConnectMultiple (node:net:1134:18)\n    at afterConnectMultiple (node:net:1715:7)","timestamp":"2025-12-09 11:22:12"}
{"level":"warn","message":"Redis connection closed","service":"trading-intercom","timestamp":"2025-12-09 11:22:12"}
{"level":"info","message":"Redis reconnecting...","service":"trading-intercom","timestamp":"2025-12-09 11:22:12"}
{"code":"ECONNREFUSED","level":"error","message":"Redis error:","service":"trading-intercom","stack":"AggregateError [ECONNREFUSED]: \n    at internalConnectMultiple (node:net:1134:18)\n    at afterConnectMultiple (node:net:1715:7)","timestamp":"2025-12-09 11:22:12"}
{"level":"warn","message":"Redis connection closed","service":"trading-intercom","timestamp":"2025-12-09 11:22:12"}
{"level":"info","message":"Redis reconnecting...","service":"trading-intercom","timestamp":"2025-12-09 11:22:12"}
{"code":"ECONNREFUSED","level":"error","message":"Redis error:","service":"trading-intercom","stack":"AggregateError [ECONNREFUSED]: \n    at internalConnectMultiple (node:net:1134:18)\n    at afterConnectMultiple (node:net:1715:7)","timestamp":"2025-12-09 11:22:13"}
{"level":"warn","message":"Redis connection closed","service":"trading-intercom","timestamp":"2025-12-09 11:22:13"}
{"level":"info","message":"Redis reconnecting...","service":"trading-intercom","timestamp":"2025-12-09 11:22:13"}
{"code":"ECONNREFUSED","level":"error","message":"Redis error:","service":"trading-intercom","stack":"AggregateError [ECONNREFUSED]: \n    at internalConnectMultiple (node:net:1134:18)\n    at afterConnectMultiple (node:net:1715:7)","timestamp":"2025-12-09 11:22:13"}
{"level":"warn","message":"Redis connection closed","service":"trading-intercom","timestamp":"2025-12-09 11:22:13"}
{"level":"info","message":"Redis reconnecting...","service":"trading-intercom","timestamp":"2025-12-09 11:22:13"}
{"code":"ECONNREFUSED","level":"error","message":"Redis error:","service":"trading-intercom","stack":"AggregateError [ECONNREFUSED]: \n    at internalConnectMultiple (node:net:1134:18)\n    at afterConnectMultiple (node:net:1715:7)","timestamp":"2025-12-09 11:22:14"}
{"level":"warn","message":"Redis connection closed","service":"trading-intercom","timestamp":"2025-12-09 11:22:14"}
{"level":"info","message":"Redis reconnecting...","service":"trading-intercom","timestamp":"2025-12-09 11:22:14"}
{"code":"ECONNREFUSED","level":"error","message":"Redis error:","service":"trading-intercom","stack":"AggregateError [ECONNREFUSED]: \n    at internalConnectMultiple (node:net:1134:18)\n    at afterConnectMultiple (node:net:1715:7)","timestamp":"2025-12-09 11:22:15"}
{"level":"warn","message":"Redis connection closed","service":"trading-intercom","timestamp":"2025-12-09 11:22:15"}
{"level":"info","message":"Redis reconnecting...","service":"trading-intercom","timestamp":"2025-12-09 11:22:15"}
{"code":"ECONNREFUSED","level":"error","message":"Redis error:","service":"trading-intercom","stack":"AggregateError [ECONNREFUSED]: \n    at internalConnectMultiple (node:net:1134:18)\n    at afterConnectMultiple (node:net:1715:7)","timestamp":"2025-12-09 11:22:15"}
{"level":"warn","message":"Redis connection closed","service":"trading-intercom","timestamp":"2025-12-09 11:22:15"}
{"level":"info","message":"Redis reconnecting...","service":"trading-intercom","timestamp":"2025-12-09 11:22:15"}
{"code":"ECONNREFUSED","level":"error","message":"Redis error:","service":"trading-intercom","stack":"AggregateError [ECONNREFUSED]: \n    at internalConnectMultiple (node:net:1134:18)\n    at afterConnectMultiple (node:net:1715:7)","timestamp":"2025-12-09 11:22:16"}
{"level":"warn","message":"Redis connection closed","service":"trading-intercom","timestamp":"2025-12-09 11:22:16"}
{"level":"info","message":"Redis reconnecting...","service":"trading-intercom","timestamp":"2025-12-09 11:22:16"}
{"code":"ECONNREFUSED","level":"error","message":"Redis error:","service":"trading-intercom","stack":"AggregateError [ECONNREFUSED]: \n    at internalConnectMultiple (node:net:1134:18)\n    at afterConnectMultiple (node:net:1715:7)","timestamp":"2025-12-09 11:22:17"}
{"level":"warn","message":"Redis connection closed","service":"trading-intercom","timestamp":"2025-12-09 11:22:17"}
{"level":"info","message":"Redis reconnecting...","service":"trading-intercom","timestamp":"2025-12-09 11:22:17"}
{"code":"ECONNREFUSED","level":"error","message":"Redis error:","service":"trading-intercom","stack":"AggregateError [ECONNREFUSED]: \n    at internalConnectMultiple (node:net:1134:18)\n    at afterConnectMultiple (node:net:1715:7)","timestamp":"2025-12-09 11:22:18"}
{"level":"warn","message":"Redis connection closed","service":"trading-intercom","timestamp":"2025-12-09 11:22:18"}
{"level":"info","message":"Redis reconnecting...","service":"trading-intercom","timestamp":"2025-12-09 11:22:18"}
{"code":"ECONNREFUSED","level":"error","message":"Redis error:","service":"trading-intercom","stack":"AggregateError [ECONNREFUSED]: \n    at internalConnectMultiple (node:net:1134:18)\n    at afterConnectMultiple (node:net:1715:7)","timestamp":"2025-12-09 11:22:18"}
{"level":"warn","message":"Redis connection closed","service":"trading-intercom","timestamp":"2025-12-09 11:22:18"}
{"level":"info","message":"Redis reconnecting...","service":"trading-intercom","timestamp":"2025-12-09 11:22:18"}
{"code":"ECONNREFUSED","level":"error","message":"Redis error:","service":"trading-intercom","stack":"AggregateError [ECONNREFUSED]: \n    at internalConnectMultiple (node:net:1134:18)\n    at afterConnectMultiple (node:net:1715:7)","timestamp":"2025-12-09 11:22:19"}
{"level":"warn","message":"Redis connection closed","service":"trading-intercom","timestamp":"2025-12-09 11:22:19"}
{"level":"info","message":"Redis reconnecting...","service":"trading-intercom","timestamp":"2025-12-09 11:22:19"}
{"code":"ECONNREFUSED","level":"error","message":"Redis error:","service":"trading-intercom","stack":"AggregateError [ECONNREFUSED]: \n    at internalConnectMultiple (node:net:1134:18)\n    at afterConnectMultiple (node:net:1715:7)","timestamp":"2025-12-09 11:22:20"}
{"level":"warn","message":"Redis connection closed","service":"trading-intercom","timestamp":"2025-12-09 11:22:20"}
{"level":"info","message":"Redis reconnecting...","service":"trading-intercom","timestamp":"2025-12-09 11:22:20"}
{"code":"ECONNREFUSED","level":"error","message":"Redis error:","service":"trading-intercom","stack":"AggregateError [ECONNREFUSED]: \n    at internalConnectMultiple (node:net:1134:18)\n    at afterConnectMultiple (node:net:1715:7)","timestamp":"2025-12-09 11:22:21"}
{"level":"warn","message":"Redis connection closed","service":"trading-intercom","timestamp":"2025-12-09 11:22:21"}
{"level":"info","message":"Redis reconnecting...","service":"trading-intercom","timestamp":"2025-12-09 11:22:21"}
{"code":"ECONNREFUSED","level":"error","message":"Redis error:","service":"trading-intercom","stack":"AggregateError [ECONNREFUSED]: \n    at internalConnectMultiple (node:net:1134:18)\n    at afterConnectMultiple (node:net:1715:7)","timestamp":"2025-12-09 11:22:22"}
{"level":"warn","message":"Redis connection closed","service":"trading-intercom","timestamp":"2025-12-09 11:22:22"}
{"level":"info","message":"Redis reconnecting...","service":"trading-intercom","timestamp":"2025-12-09 11:22:22"}
{"code":"ECONNREFUSED","level":"error","message":"Redis error:","service":"trading-intercom","stack":"AggregateError [ECONNREFUSED]: \n    at internalConnectMultiple (node:net:1134:18)\n    at afterConnectMultiple (node:net:1715:7)","timestamp":"2025-12-09 11:22:23"}
{"level":"warn","message":"Redis connection closed","service":"trading-intercom","timestamp":"2025-12-09 11:22:23"}
{"level":"info","message":"Redis reconnecting...","service":"trading-intercom","timestamp":"2025-12-09 11:22:23"}
{"code":"ECONNREFUSED","level":"error","message":"Redis error:","service":"trading-intercom","stack":"AggregateError [ECONNREFUSED]: \n    at internalConnectMultiple (node:net:1134:18)\n    at afterConnectMultiple (node:net:1715:7)","timestamp":"2025-12-09 11:22:25"}
{"level":"warn","message":"Redis connection closed","service":"trading-intercom","timestamp":"2025-12-09 11:22:25"}
{"level":"info","message":"Redis reconnecting...","service":"trading-intercom","timestamp":"2025-12-09 11:22:25"}
{"code":"ECONNREFUSED","level":"error","message":"Redis error:","service":"trading-intercom","stack":"AggregateError [ECONNREFUSED]: \n    at internalConnectMultiple (node:net:1134:18)\n    at afterConnectMultiple (node:net:1715:7)","timestamp":"2025-12-09 11:22:26"}
{"level":"warn","message":"Redis connection closed","service":"trading-intercom","timestamp":"2025-12-09 11:22:26"}
{"level":"info","message":"Redis reconnecting...","service":"trading-intercom","timestamp":"2025-12-09 11:22:26"}
{"code":"ECONNREFUSED","level":"error","message":"Redis error:","service":"trading-intercom","stack":"AggregateError [ECONNREFUSED]: \n    at internalConnectMultiple (node:net:1134:18)\n    at afterConnectMultiple (node:net:1715:7)","timestamp":"2025-12-09 11:22:27"}
{"level":"warn","message":"Redis connection closed","service":"trading-intercom","timestamp":"2025-12-09 11:22:27"}
{"level":"info","message":"Redis reconnecting...","service":"trading-intercom","timestamp":"2025-12-09 11:22:27"}
{"code":"ECONNREFUSED","level":"error","message":"Redis error:","service":"trading-intercom","stack":"AggregateError [ECONNREFUSED]: \n    at internalConnectMultiple (node:net:1134:18)\n    at afterConnectMultiple (node:net:1715:7)","timestamp":"2025-12-09 11:22:28"}
{"level":"warn","message":"Redis connection closed","service":"trading-intercom","timestamp":"2025-12-09 11:22:28"}
{"level":"info","message":"Redis reconnecting...","service":"trading-intercom","timestamp":"2025-12-09 11:22:28"}
{"code":"ECONNREFUSED","level":"error","message":"Redis error:","service":"trading-intercom","stack":"AggregateError [ECONNREFUSED]: \n    at internalConnectMultiple (node:net:1134:18)\n    at afterConnectMultiple (node:net:1715:7)","timestamp":"2025-12-09 11:22:30"}
{"level":"warn","message":"Redis connection closed","service":"trading-intercom","timestamp":"2025-12-09 11:22:30"}
{"level":"info","message":"Redis reconnecting...","service":"trading-intercom","timestamp":"2025-12-09 11:22:30"}
{"code":"ECONNREFUSED","level":"error","message":"Redis error:","service":"trading-intercom","stack":"AggregateError [ECONNREFUSED]: \n    at internalConnectMultiple (node:net:1134:18)\n    at afterConnectMultiple (node:net:1715:7)","timestamp":"2025-12-09 11:22:31"}
{"level":"warn","message":"Redis connection closed","service":"trading-intercom","timestamp":"2025-12-09 11:22:31"}
{"level":"info","message":"Redis reconnecting...","service":"trading-intercom","timestamp":"2025-12-09 11:22:31"}
{"code":"ECONNREFUSED","level":"error","message":"Redis error:","service":"trading-intercom","stack":"AggregateError [ECONNREFUSED]: \n    at internalConnectMultiple (node:net:1134:18)\n    at afterConnectMultiple (node:net:1715:7)","timestamp":"2025-12-09 11:22:33"}
{"level":"warn","message":"Redis connection closed","service":"trading-intercom","timestamp":"2025-12-09 11:22:33"}
{"level":"info","message":"Redis reconnecting...","service":"trading-intercom","timestamp":"2025-12-09 11:22:33"}
{"code":"ECONNREFUSED","level":"error","message":"Redis error:","service":"trading-intercom","stack":"AggregateError [ECONNREFUSED]: \n    at internalConnectMultiple (node:net:1134:18)\n    at afterConnectMultiple (node:net:1715:7)","timestamp":"2025-12-09 11:22:34"}
{"level":"warn","message":"Redis connection closed","service":"trading-intercom","timestamp":"2025-12-09 11:22:34"}
{"level":"info","message":"Redis reconnecting...","service":"trading-intercom","timestamp":"2025-12-09 11:22:34"}
{"code":"ECONNREFUSED","level":"error","message":"Redis error:","service":"trading-intercom","stack":"AggregateError [ECONNREFUSED]: \n    at internalConnectMultiple (node:net:1134:18)\n    at afterConnectMultiple (node:net:1715:7)","timestamp":"2025-12-09 11:22:36"}
{"level":"warn","message":"Redis connection closed","service":"trading-intercom","timestamp":"2025-12-09 11:22:36"}
{"level":"info","message":"Redis reconnecting...","service":"trading-intercom","timestamp":"2025-12-09 11:22:36"}
{"code":"ECONNREFUSED","level":"error","message":"Redis error:","service":"trading-intercom","stack":"AggregateError [ECONNREFUSED]: \n    at internalConnectMultiple (node:net:1134:18)\n    at afterConnectMultiple (node:net:1715:7)","timestamp":"2025-12-09 11:22:37"}
{"level":"warn","message":"Redis connection closed","service":"trading-intercom","timestamp":"2025-12-09 11:22:37"}
{"level":"info","message":"Redis reconnecting...","service":"trading-intercom","timestamp":"2025-12-09 11:22:37"}
{"code":"ECONNREFUSED","level":"error","message":"Redis error:","service":"trading-intercom","stack":"AggregateError [ECONNREFUSED]: \n    at internalConnectMultiple (node:net:1134:18)\n    at afterConnectMultiple (node:net:1715:7)","timestamp":"2025-12-09 11:22:39"}
{"level":"warn","message":"Redis connection closed","service":"trading-intercom","timestamp":"2025-12-09 11:22:39"}
{"level":"info","message":"Redis reconnecting...","service":"trading-intercom","timestamp":"2025-12-09 11:22:39"}
{"code":"ECONNREFUSED","level":"error","message":"Redis error:","service":"trading-intercom","stack":"AggregateError [ECONNREFUSED]: \n    at internalConnectMultiple (node:net:1134:18)\n    at afterConnectMultiple (node:net:1715:7)","timestamp":"2025-12-09 11:22:41"}
{"level":"warn","message":"Redis connection closed","service":"trading-intercom","timestamp":"2025-12-09 11:22:41"}
{"level":"info","message":"Redis reconnecting...","service":"trading-intercom","timestamp":"2025-12-09 11:22:41"}
{"code":"ECONNREFUSED","level":"error","message":"Redis error:","service":"trading-intercom","stack":"AggregateError [ECONNREFUSED]: \n    at internalConnectMultiple (node:net:1134:18)\n    at afterConnectMultiple (node:net:1715:7)","timestamp":"2025-12-09 11:22:43"}
{"level":"warn","message":"Redis connection closed","service":"trading-intercom","timestamp":"2025-12-09 11:22:43"}
{"level":"info","message":"Redis reconnecting...","service":"trading-intercom","timestamp":"2025-12-09 11:22:43"}
{"code":"ECONNREFUSED","level":"error","message":"Redis error:","service":"trading-intercom","stack":"AggregateError [ECONNREFUSED]: \n    at internalConnectMultiple (node:net:1134:18)\n    at afterConnectMultiple (node:net:1715:7)","timestamp":"2025-12-09 11:22:44"}
{"level":"warn","message":"Redis connection closed","service":"trading-intercom","timestamp":"2025-12-09 11:22:44"}
{"level":"info","message":"Redis reconnecting...","service":"trading-intercom","timestamp":"2025-12-09 11:22:44"}
{"code":"ECONNREFUSED","level":"error","message":"Redis error:","service":"trading-intercom","stack":"AggregateError [ECONNREFUSED]: \n    at internalConnectMultiple (node:net:1134:18)\n    at afterConnectMultiple (node:net:1715:7)","timestamp":"2025-12-09 11:22:46"}
{"level":"warn","message":"Redis connection closed","service":"trading-intercom","timestamp":"2025-12-09 11:22:46"}
{"level":"info","message":"Redis reconnecting...","service":"trading-intercom","timestamp":"2025-12-09 11:22:46"}
{"code":"ECONNREFUSED","level":"error","message":"Redis error:","service":"trading-intercom","stack":"AggregateError [ECONNREFUSED]: \n    at internalConnectMultiple (node:net:1134:18)\n    at afterConnectMultiple (node:net:1715:7)","timestamp":"2025-12-09 11:22:48"}
{"level":"warn","message":"Redis connection closed","service":"trading-intercom","timestamp":"2025-12-09 11:22:48"}
{"level":"info","message":"Redis reconnecting...","service":"trading-intercom","timestamp":"2025-12-09 11:22:48"}
{"code":"ECONNREFUSED","level":"error","message":"Redis error:","service":"trading-intercom","stack":"AggregateError [ECONNREFUSED]: \n    at internalConnectMultiple (node:net:1134:18)\n    at afterConnectMultiple (node:net:1715:7)","timestamp":"2025-12-09 11:22:50"}
{"level":"warn","message":"Redis connection closed","service":"trading-intercom","timestamp":"2025-12-09 11:22:50"}
{"level":"info","message":"Redis reconnecting...","service":"trading-intercom","timestamp":"2025-12-09 11:22:50"}
{"code":"ECONNREFUSED","level":"error","message":"Redis error:","service":"trading-intercom","stack":"AggregateError [ECONNREFUSED]: \n    at internalConnectMultiple (node:net:1134:18)\n    at afterConnectMultiple (node:net:1715:7)","timestamp":"2025-12-09 11:22:52"}
{"level":"warn","message":"Redis connection closed","service":"trading-intercom","timestamp":"2025-12-09 11:22:52"}
{"level":"info","message":"Redis reconnecting...","service":"trading-intercom","timestamp":"2025-12-09 11:22:52"}
{"code":"ECONNREFUSED","level":"error","message":"Redis error:","service":"trading-intercom","stack":"AggregateError [ECONNREFUSED]: \n    at internalConnectMultiple (node:net:1134:18)\n    at afterConnectMultiple (node:net:1715:7)","timestamp":"2025-12-09 11:22:54"}
{"level":"warn","message":"Redis connection closed","service":"trading-intercom","timestamp":"2025-12-09 11:22:54"}
{"level":"info","message":"Redis reconnecting...","service":"trading-intercom","timestamp":"2025-12-09 11:22:54"}
{"code":"ECONNREFUSED","level":"error","message":"Redis error:","service":"trading-intercom","stack":"AggregateError [ECONNREFUSED]: \n    at internalConnectMultiple (node:net:1134:18)\n    at afterConnectMultiple (node:net:1715:7)","timestamp":"2025-12-09 11:22:56"}
{"level":"warn","message":"Redis connection closed","service":"trading-intercom","timestamp":"2025-12-09 11:22:56"}
{"level":"info","message":"Redis reconnecting...","service":"trading-intercom","timestamp":"2025-12-09 11:22:56"}
{"code":"ECONNREFUSED","level":"error","message":"Redis error:","service":"trading-intercom","stack":"AggregateError [ECONNREFUSED]: \n    at internalConnectMultiple (node:net:1134:18)\n    at afterConnectMultiple (node:net:1715:7)","timestamp":"2025-12-09 11:22:58"}
{"level":"warn","message":"Redis connection closed","service":"trading-intercom","timestamp":"2025-12-09 11:22:58"}
{"level":"info","message":"Redis reconnecting...","service":"trading-intercom","timestamp":"2025-12-09 11:22:58"}
{"code":"ECONNREFUSED","level":"error","message":"Redis error:","service":"trading-intercom","stack":"AggregateError [ECONNREFUSED]: \n    at internalConnectMultiple (node:net:1134:18)\n    at afterConnectMultiple (node:net:1715:7)","timestamp":"2025-12-09 11:23:00"}
{"level":"warn","message":"Redis connection closed","service":"trading-intercom","timestamp":"2025-12-09 11:23:00"}
{"level":"info","message":"Redis reconnecting...","service":"trading-intercom","timestamp":"2025-12-09 11:23:00"}
{"code":"ECONNREFUSED","level":"error","message":"Redis error:","service":"trading-intercom","stack":"AggregateError [ECONNREFUSED]: \n    at internalConnectMultiple (node:net:1134:18)\n    at afterConnectMultiple (node:net:1715:7)","timestamp":"2025-12-09 11:23:02"}
{"level":"warn","message":"Redis connection closed","service":"trading-intercom","timestamp":"2025-12-09 11:23:02"}
{"level":"info","message":"Redis reconnecting...","service":"trading-intercom","timestamp":"2025-12-09 11:23:02"}
{"code":"ECONNREFUSED","level":"error","message":"Redis error:","service":"trading-intercom","stack":"AggregateError [ECONNREFUSED]: \n    at internalConnectMultiple (node:net:1134:18)\n    at afterConnectMultiple (node:net:1715:7)","timestamp":"2025-12-09 11:23:04"}
{"level":"warn","message":"Redis connection closed","service":"trading-intercom","timestamp":"2025-12-09 11:23:04"}
{"level":"info","message":"Redis reconnecting...","service":"trading-intercom","timestamp":"2025-12-09 11:23:04"}
{"code":"ECONNREFUSED","level":"error","message":"Redis error:","service":"trading-intercom","stack":"AggregateError [ECONNREFUSED]: \n    at internalConnectMultiple (node:net:1134:18)\n    at afterConnectMultiple (node:net:1715:7)","timestamp":"2025-12-09 11:23:06"}
{"level":"warn","message":"Redis connection closed","service":"trading-intercom","timestamp":"2025-12-09 11:23:06"}
{"level":"info","message":"Redis reconnecting...","service":"trading-intercom","timestamp":"2025-12-09 11:23:06"}
{"code":"ECONNREFUSED","level":"error","message":"Redis error:","service":"trading-intercom","stack":"AggregateError [ECONNREFUSED]: \n    at internalConnectMultiple (node:net:1134:18)\n    at afterConnectMultiple (node:net:1715:7)","timestamp":"2025-12-09 11:23:08"}
{"level":"warn","message":"Redis connection closed","service":"trading-intercom","timestamp":"2025-12-09 11:23:08"}
{"level":"info","message":"Redis reconnecting...","service":"trading-intercom","timestamp":"2025-12-09 11:23:08"}
{"code":"ECONNREFUSED","level":"error","message":"Redis error:","service":"trading-intercom","stack":"AggregateError [ECONNREFUSED]: \n    at internalConnectMultiple (node:net:1134:18)\n    at afterConnectMultiple (node:net:1715:7)","timestamp":"2025-12-09 11:23:10"}
{"level":"warn","message":"Redis connection closed","service":"trading-intercom","timestamp":"2025-12-09 11:23:10"}
{"level":"info","message":"Redis reconnecting...","service":"trading-intercom","timestamp":"2025-12-09 11:23:10"}
{"level":"info","message":"Starting retention policy check...","service":"trading-intercom","timestamp":"2025-12-09 11:23:12"}
{"level":"info","message":"Processing voice recordings for retention...","service":"trading-intercom","timestamp":"2025-12-09 11:23:12"}
{"level":"info","message":"Voice recordings processed: 0 deleted, 0 protected by legal hold","service":"trading-intercom","timestamp":"2025-12-09 11:23:12"}
{"level":"info","message":"Processing messaging data for retention...","service":"trading-intercom","timestamp":"2025-12-09 11:23:12"}
{"level":"info","message":"Messaging data processed: 0 rooms archived, 0 protected by legal hold","service":"trading-intercom","timestamp":"2025-12-09 11:23:12"}
{"level":"info","message":"Processing other data for retention...","service":"trading-intercom","timestamp":"2025-12-09 11:23:12"}
{"level":"info","message":"Other data retention processing completed","service":"trading-intercom","timestamp":"2025-12-09 11:23:12"}
{"level":"info","message":"Retention policy check completed. Stats: {\"totalChecks\":1,\"recordingsDeleted\":0,\"messagesDeleted\":0,\"dataDeleted\":0,\"legalHoldProtected\":0,\"errors\":0}","service":"trading-intercom","timestamp":"2025-12-09 11:23:12"}
{"code":"ECONNREFUSED","level":"error","message":"Redis error:","service":"trading-intercom","stack":"AggregateError [ECONNREFUSED]: \n    at internalConnectMultiple (node:net:1134:18)\n    at afterConnectMultiple (node:net:1715:7)","timestamp":"2025-12-09 11:23:12"}
{"level":"warn","message":"Redis connection closed","service":"trading-intercom","timestamp":"2025-12-09 11:23:12"}
{"level":"info","message":"Redis reconnecting...","service":"trading-intercom","timestamp":"2025-12-09 11:23:12"}
{"code":"ECONNREFUSED","level":"error","message":"Redis error:","service":"trading-intercom","stack":"AggregateError [ECONNREFUSED]: \n    at internalConnectMultiple (node:net:1134:18)\n    at afterConnectMultiple (node:net:1715:7)","timestamp":"2025-12-09 11:23:14"}
{"level":"warn","message":"Redis connection closed","service":"trading-intercom","timestamp":"2025-12-09 11:23:14"}
{"level":"info","message":"Redis reconnecting...","service":"trading-intercom","timestamp":"2025-12-09 11:23:14"}
{"code":"ECONNREFUSED","level":"error","message":"Redis error:","service":"trading-intercom","stack":"AggregateError [ECONNREFUSED]: \n    at internalConnectMultiple (node:net:1134:18)\n    at afterConnectMultiple (node:net:1715:7)","timestamp":"2025-12-09 11:23:16"}
{"level":"warn","message":"Redis connection closed","service":"trading-intercom","timestamp":"2025-12-09 11:23:16"}
{"level":"info","message":"Redis reconnecting...","service":"trading-intercom","timestamp":"2025-12-09 11:23:16"}
{"code":"ECONNREFUSED","level":"error","message":"Redis error:","service":"trading-intercom","stack":"AggregateError [ECONNREFUSED]: \n    at internalConnectMultiple (node:net:1134:18)\n    at afterConnectMultiple (node:net:1715:7)","timestamp":"2025-12-09 11:23:18"}
{"level":"warn","message":"Redis connection closed","service":"trading-intercom","timestamp":"2025-12-09 11:23:18"}
{"level":"info","message":"Redis reconnecting...","service":"trading-intercom","timestamp":"2025-12-09 11:23:18"}
{"code":"ECONNREFUSED","level":"error","message":"Redis error:","service":"trading-intercom","stack":"AggregateError [ECONNREFUSED]: \n    at internalConnectMultiple (node:net:1134:18)\n    at afterConnectMultiple (node:net:1715:7)","timestamp":"2025-12-09 11:23:20"}
{"level":"warn","message":"Redis connection closed","service":"trading-intercom","timestamp":"2025-12-09 11:23:20"}
{"level":"info","message":"Redis reconnecting...","service":"trading-intercom","timestamp":"2025-12-09 11:23:20"}
{"code":"ECONNREFUSED","level":"error","message":"Redis error:","service":"trading-intercom","stack":"AggregateError [ECONNREFUSED]: \n    at internalConnectMultiple (node:net:1134:18)\n    at afterConnectMultiple (node:net:1715:7)","timestamp":"2025-12-09 11:23:22"}
{"level":"warn","message":"Redis connection closed","service":"trading-intercom","timestamp":"2025-12-09 11:23:22"}
{"level":"info","message":"Redis reconnecting...","service":"trading-intercom","timestamp":"2025-12-09 11:23:22"}
{"code":"ECONNREFUSED","level":"error","message":"Redis error:","service":"trading-intercom","stack":"AggregateError [ECONNREFUSED]: \n    at internalConnectMultiple (node:net:1134:18)\n    at afterConnectMultiple (node:net:1715:7)","timestamp":"2025-12-09 11:23:24"}
{"level":"warn","message":"Redis connection closed","service":"trading-intercom","timestamp":"2025-12-09 11:23:24"}
{"level":"info","message":"Redis reconnecting...","service":"trading-intercom","timestamp":"2025-12-09 11:23:24"}
{"code":"ECONNREFUSED","level":"error","message":"Redis error:","service":"trading-intercom","stack":"AggregateError [ECONNREFUSED]: \n    at internalConnectMultiple (node:net:1134:18)\n    at afterConnectMultiple (node:net:1715:7)","timestamp":"2025-12-09 11:23:26"}
{"level":"warn","message":"Redis connection closed","service":"trading-intercom","timestamp":"2025-12-09 11:23:26"}
{"level":"info","message":"Redis reconnecting...","service":"trading-intercom","timestamp":"2025-12-09 11:23:26"}
{"code":"ECONNREFUSED","level":"error","message":"Redis error:","service":"trading-intercom","stack":"AggregateError [ECONNREFUSED]: \n    at internalConnectMultiple (node:net:1134:18)\n    at afterConnectMultiple (node:net:1715:7)","timestamp":"2025-12-09 11:23:28"}
{"level":"warn","message":"Redis connection closed","service":"trading-intercom","timestamp":"2025-12-09 11:23:28"}
{"level":"info","message":"Redis reconnecting...","service":"trading-intercom","timestamp":"2025-12-09 11:23:28"}
{"code":"ECONNREFUSED","level":"error","message":"Redis error:","service":"trading-intercom","stack":"AggregateError [ECONNREFUSED]: \n    at internalConnectMultiple (node:net:1134:18)\n    at afterConnectMultiple (node:net:1715:7)","timestamp":"2025-12-09 11:23:30"}
{"level":"warn","message":"Redis connection closed","service":"trading-intercom","timestamp":"2025-12-09 11:23:30"}
{"level":"info","message":"Redis reconnecting...","service":"trading-intercom","timestamp":"2025-12-09 11:23:30"}
{"code":"ECONNREFUSED","level":"error","message":"Redis error:","service":"trading-intercom","stack":"AggregateError [ECONNREFUSED]: \n    at internalConnectMultiple (node:net:1134:18)\n    at afterConnectMultiple (node:net:1715:7)","timestamp":"2025-12-09 11:23:32"}
{"level":"warn","message":"Redis connection closed","service":"trading-intercom","timestamp":"2025-12-09 11:23:32"}
{"level":"info","message":"Redis reconnecting...","service":"trading-intercom","timestamp":"2025-12-09 11:23:32"}
{"code":"ECONNREFUSED","level":"error","message":"Redis error:","service":"trading-intercom","stack":"AggregateError [ECONNREFUSED]: \n    at internalConnectMultiple (node:net:1134:18)\n    at afterConnectMultiple (node:net:1715:7)","timestamp":"2025-12-09 11:23:34"}
{"level":"warn","message":"Redis connection closed","service":"trading-intercom","timestamp":"2025-12-09 11:23:34"}
{"level":"info","message":"Redis reconnecting...","service":"trading-intercom","timestamp":"2025-12-09 11:23:34"}
{"code":"ECONNREFUSED","level":"error","message":"Redis error:","service":"trading-intercom","stack":"AggregateError [ECONNREFUSED]: \n    at internalConnectMultiple (node:net:1134:18)\n    at afterConnectMultiple (node:net:1715:7)","timestamp":"2025-12-09 11:23:36"}
{"level":"warn","message":"Redis connection closed","service":"trading-intercom","timestamp":"2025-12-09 11:23:36"}
{"level":"info","message":"Redis reconnecting...","service":"trading-intercom","timestamp":"2025-12-09 11:23:36"}
{"code":"ECONNREFUSED","level":"error","message":"Redis error:","service":"trading-intercom","stack":"AggregateError [ECONNREFUSED]: \n    at internalConnectMultiple (node:net:1134:18)\n    at afterConnectMultiple (node:net:1715:7)","timestamp":"2025-12-09 11:23:38"}
{"level":"warn","message":"Redis connection closed","service":"trading-intercom","timestamp":"2025-12-09 11:23:38"}
{"level":"info","message":"Redis reconnecting...","service":"trading-intercom","timestamp":"2025-12-09 11:23:38"}
{"code":"ECONNREFUSED","level":"error","message":"Redis error:","service":"trading-intercom","stack":"AggregateError [ECONNREFUSED]: \n    at internalConnectMultiple (node:net:1134:18)\n    at afterConnectMultiple (node:net:1715:7)","timestamp":"2025-12-09 11:23:40"}
{"level":"warn","message":"Redis connection closed","service":"trading-intercom","timestamp":"2025-12-09 11:23:40"}
{"level":"info","message":"Redis reconnecting...","service":"trading-intercom","timestamp":"2025-12-09 11:23:40"}
{"code":"ECONNREFUSED","level":"error","message":"Redis error:","service":"trading-intercom","stack":"AggregateError [ECONNREFUSED]: \n    at internalConnectMultiple (node:net:1134:18)\n    at afterConnectMultiple (node:net:1715:7)","timestamp":"2025-12-09 11:23:42"}
{"level":"warn","message":"Redis connection closed","service":"trading-intercom","timestamp":"2025-12-09 11:23:42"}
{"level":"info","message":"Redis reconnecting...","service":"trading-intercom","timestamp":"2025-12-09 11:23:42"}
{"code":"ECONNREFUSED","level":"error","message":"Redis error:","service":"trading-intercom","stack":"AggregateError [ECONNREFUSED]: \n    at internalConnectMultiple (node:net:1134:18)\n    at afterConnectMultiple (node:net:1715:7)","timestamp":"2025-12-09 11:23:44"}
{"level":"warn","message":"Redis connection closed","service":"trading-intercom","timestamp":"2025-12-09 11:23:44"}
{"level":"info","message":"Redis reconnecting...","service":"trading-intercom","timestamp":"2025-12-09 11:23:44"}
{"code":"ECONNREFUSED","level":"error","message":"Redis error:","service":"trading-intercom","stack":"AggregateError [ECONNREFUSED]: \n    at internalConnectMultiple (node:net:1134:18)\n    at afterConnectMultiple (node:net:1715:7)","timestamp":"2025-12-09 11:23:46"}
{"level":"warn","message":"Redis connection closed","service":"trading-intercom","timestamp":"2025-12-09 11:23:46"}
{"level":"info","message":"Redis reconnecting...","service":"trading-intercom","timestamp":"2025-12-09 11:23:46"}
{"code":"ECONNREFUSED","level":"error","message":"Redis error:","service":"trading-intercom","stack":"AggregateError [ECONNREFUSED]: \n    at internalConnectMultiple (node:net:1134:18)\n    at afterConnectMultiple (node:net:1715:7)","timestamp":"2025-12-09 11:23:48"}
{"level":"warn","message":"Redis connection closed","service":"trading-intercom","timestamp":"2025-12-09 11:23:48"}
{"level":"info","message":"Redis reconnecting...","service":"trading-intercom","timestamp":"2025-12-09 11:23:48"}
{"code":"ECONNREFUSED","level":"error","message":"Redis error:","service":"trading-intercom","stack":"AggregateError [ECONNREFUSED]: \n    at internalConnectMultiple (node:net:1134:18)\n    at afterConnectMultiple (node:net:1715:7)","timestamp":"2025-12-09 11:23:50"}
{"level":"warn","message":"Redis connection closed","service":"trading-intercom","timestamp":"2025-12-09 11:23:50"}
{"level":"info","message":"Redis reconnecting...","service":"trading-intercom","timestamp":"2025-12-09 11:23:50"}
{"code":"ECONNREFUSED","level":"error","message":"Redis error:","service":"trading-intercom","stack":"AggregateError [ECONNREFUSED]: \n    at internalConnectMultiple (node:net:1134:18)\n    at afterConnectMultiple (node:net:1715:7)","timestamp":"2025-12-09 11:23:52"}
{"level":"warn","message":"Redis connection closed","service":"trading-intercom","timestamp":"2025-12-09 11:23:52"}
{"level":"info","message":"Redis reconnecting...","service":"trading-intercom","timestamp":"2025-12-09 11:23:52"}
{"code":"ECONNREFUSED","level":"error","message":"Redis error:","service":"trading-intercom","stack":"AggregateError [ECONNREFUSED]: \n    at internalConnectMultiple (node:net:1134:18)\n    at afterConnectMultiple (node:net:1715:7)","timestamp":"2025-12-09 11:23:54"}
{"level":"warn","message":"Redis connection closed","service":"trading-intercom","timestamp":"2025-12-09 11:23:54"}
{"level":"info","message":"Redis reconnecting...","service":"trading-intercom","timestamp":"2025-12-09 11:23:54"}
{"code":"ECONNREFUSED","level":"error","message":"Redis error:","service":"trading-intercom","stack":"AggregateError [ECONNREFUSED]: \n    at internalConnectMultiple (node:net:1134:18)\n    at afterConnectMultiple (node:net:1715:7)","timestamp":"2025-12-09 11:23:56"}
{"level":"warn","message":"Redis connection closed","service":"trading-intercom","timestamp":"2025-12-09 11:23:56"}
{"level":"info","message":"Redis reconnecting...","service":"trading-intercom","timestamp":"2025-12-09 11:23:56"}
{"code":"ECONNREFUSED","level":"error","message":"Redis error:","service":"trading-intercom","stack":"AggregateError [ECONNREFUSED]: \n    at internalConnectMultiple (node:net:1134:18)\n    at afterConnectMultiple (node:net:1715:7)","timestamp":"2025-12-09 11:23:58"}
{"level":"warn","message":"Redis connection closed","service":"trading-intercom","timestamp":"2025-12-09 11:23:58"}
{"level":"info","message":"Redis reconnecting...","service":"trading-intercom","timestamp":"2025-12-09 11:23:59"}
{"code":"ECONNREFUSED","level":"error","message":"Redis error:","service":"trading-intercom","stack":"AggregateError [ECONNREFUSED]: \n    at internalConnectMultiple (node:net:1134:18)\n    at afterConnectMultiple (node:net:1715:7)","timestamp":"2025-12-09 11:24:01"}
{"level":"warn","message":"Redis connection closed","service":"trading-intercom","timestamp":"2025-12-09 11:24:01"}
{"level":"info","message":"Redis reconnecting...","service":"trading-intercom","timestamp":"2025-12-09 11:24:01"}
{"code":"ECONNREFUSED","level":"error","message":"Redis error:","service":"trading-intercom","stack":"AggregateError [ECONNREFUSED]: \n    at internalConnectMultiple (node:net:1134:18)\n    at afterConnectMultiple (node:net:1715:7)","timestamp":"2025-12-09 11:24:03"}
{"level":"warn","message":"Redis connection closed","service":"trading-intercom","timestamp":"2025-12-09 11:24:03"}
{"level":"info","message":"Redis reconnecting...","service":"trading-intercom","timestamp":"2025-12-09 11:24:03"}
{"code":"ECONNREFUSED","level":"error","message":"Redis error:","service":"trading-intercom","stack":"AggregateError [ECONNREFUSED]: \n    at internalConnectMultiple (node:net:1134:18)\n    at afterConnectMultiple (node:net:1715:7)","timestamp":"2025-12-09 11:24:05"}
{"level":"warn","message":"Redis connection closed","service":"trading-intercom","timestamp":"2025-12-09 11:24:05"}
{"level":"info","message":"Redis reconnecting...","service":"trading-intercom","timestamp":"2025-12-09 11:24:05"}
{"code":"ECONNREFUSED","level":"error","message":"Redis error:","service":"trading-intercom","stack":"AggregateError [ECONNREFUSED]: \n    at internalConnectMultiple (node:net:1134:18)\n    at afterConnectMultiple (node:net:1715:7)","timestamp":"2025-12-09 11:24:07"}
{"level":"warn","message":"Redis connection closed","service":"trading-intercom","timestamp":"2025-12-09 11:24:07"}
{"level":"info","message":"Redis reconnecting...","service":"trading-intercom","timestamp":"2025-12-09 11:24:07"}
{"code":"ECONNREFUSED","level":"error","message":"Redis error:","service":"trading-intercom","stack":"AggregateError [ECONNREFUSED]: \n    at internalConnectMultiple (node:net:1134:18)\n    at afterConnectMultiple (node:net:1715:7)","timestamp":"2025-12-09 11:24:09"}
{"level":"warn","message":"Redis connection closed","service":"trading-intercom","timestamp":"2025-12-09 11:24:09"}
{"level":"info","message":"Redis reconnecting...","service":"trading-intercom","timestamp":"2025-12-09 11:24:09"}
{"code":"ECONNREFUSED","level":"error","message":"Redis error:","service":"trading-intercom","stack":"AggregateError [ECONNREFUSED]: \n    at internalConnectMultiple (node:net:1134:18)\n    at afterConnectMultiple (node:net:1715:7)","timestamp":"2025-12-09 11:24:11"}
{"level":"warn","message":"Redis connection closed","service":"trading-intercom","timestamp":"2025-12-09 11:24:11"}
{"level":"info","message":"Redis reconnecting...","service":"trading-intercom","timestamp":"2025-12-09 11:24:11"}
{"code":"ECONNREFUSED","level":"error","message":"Redis error:","service":"trading-intercom","stack":"AggregateError [ECONNREFUSED]: \n    at internalConnectMultiple (node:net:1134:18)\n    at afterConnectMultiple (node:net:1715:7)","timestamp":"2025-12-09 11:24:13"}
{"level":"warn","message":"Redis connection closed","service":"trading-intercom","timestamp":"2025-12-09 11:24:13"}
{"level":"info","message":"Redis reconnecting...","service":"trading-intercom","timestamp":"2025-12-09 11:24:13"}
{"code":"ECONNREFUSED","level":"error","message":"Redis error:","service":"trading-intercom","stack":"AggregateError [ECONNREFUSED]: \n    at internalConnectMultiple (node:net:1134:18)\n    at afterConnectMultiple (node:net:1715:7)","timestamp":"2025-12-09 11:24:15"}
{"level":"warn","message":"Redis connection closed","service":"trading-intercom","timestamp":"2025-12-09 11:24:15"}
{"level":"info","message":"Redis reconnecting...","service":"trading-intercom","timestamp":"2025-12-09 11:24:15"}
{"code":"ECONNREFUSED","level":"error","message":"Redis error:","service":"trading-intercom","stack":"AggregateError [ECONNREFUSED]: \n    at internalConnectMultiple (node:net:1134:18)\n    at afterConnectMultiple (node:net:1715:7)","timestamp":"2025-12-09 11:24:17"}
{"level":"warn","message":"Redis connection closed","service":"trading-intercom","timestamp":"2025-12-09 11:24:17"}
{"level":"info","message":"Redis reconnecting...","service":"trading-intercom","timestamp":"2025-12-09 11:24:17"}
{"code":"ECONNREFUSED","level":"error","message":"Redis error:","service":"trading-intercom","stack":"AggregateError [ECONNREFUSED]: \n    at internalConnectMultiple (node:net:1134:18)\n    at afterConnectMultiple (node:net:1715:7)","timestamp":"2025-12-09 11:24:19"}
{"level":"warn","message":"Redis connection closed","service":"trading-intercom","timestamp":"2025-12-09 11:24:19"}
{"level":"info","message":"Redis reconnecting...","service":"trading-intercom","timestamp":"2025-12-09 11:24:19"}
{"code":"ECONNREFUSED","level":"error","message":"Redis error:","service":"trading-intercom","stack":"AggregateError [ECONNREFUSED]: \n    at internalConnectMultiple (node:net:1134:18)\n    at afterConnectMultiple (node:net:1715:7)","timestamp":"2025-12-09 11:24:21"}
{"level":"warn","message":"Redis connection closed","service":"trading-intercom","timestamp":"2025-12-09 11:24:21"}
{"level":"info","message":"Redis reconnecting...","service":"trading-intercom","timestamp":"2025-12-09 11:24:21"}
{"code":"ECONNREFUSED","level":"error","message":"Redis error:","service":"trading-intercom","stack":"AggregateError [ECONNREFUSED]: \n    at internalConnectMultiple (node:net:1134:18)\n    at afterConnectMultiple (node:net:1715:7)","timestamp":"2025-12-09 11:24:23"}
{"level":"warn","message":"Redis connection closed","service":"trading-intercom","timestamp":"2025-12-09 11:24:23"}
{"level":"info","message":"Redis reconnecting...","service":"trading-intercom","timestamp":"2025-12-09 11:24:23"}
{"code":"ECONNREFUSED","level":"error","message":"Redis error:","service":"trading-intercom","stack":"AggregateError [ECONNREFUSED]: \n    at internalConnectMultiple (node:net:1134:18)\n    at afterConnectMultiple (node:net:1715:7)","timestamp":"2025-12-09 11:24:25"}
{"level":"warn","message":"Redis connection closed","service":"trading-intercom","timestamp":"2025-12-09 11:24:25"}
{"level":"info","message":"Redis reconnecting...","service":"trading-intercom","timestamp":"2025-12-09 11:24:25"}
{"code":"ECONNREFUSED","level":"error","message":"Redis error:","service":"trading-intercom","stack":"AggregateError [ECONNREFUSED]: \n    at internalConnectMultiple (node:net:1134:18)\n    at afterConnectMultiple (node:net:1715:7)","timestamp":"2025-12-09 11:24:27"}
{"level":"warn","message":"Redis connection closed","service":"trading-intercom","timestamp":"2025-12-09 11:24:27"}
{"level":"info","message":"Redis reconnecting...","service":"trading-intercom","timestamp":"2025-12-09 11:24:27"}
{"code":"ECONNREFUSED","level":"error","message":"Redis error:","service":"trading-intercom","stack":"AggregateError [ECONNREFUSED]: \n    at internalConnectMultiple (node:net:1134:18)\n    at afterConnectMultiple (node:net:1715:7)","timestamp":"2025-12-09 11:24:29"}
{"level":"warn","message":"Redis connection closed","service":"trading-intercom","timestamp":"2025-12-09 11:24:29"}
{"level":"info","message":"Redis reconnecting...","service":"trading-intercom","timestamp":"2025-12-09 11:24:29"}
{"code":"ECONNREFUSED","level":"error","message":"Redis error:","service":"trading-intercom","stack":"AggregateError [ECONNREFUSED]: \n    at internalConnectMultiple (node:net:1134:18)\n    at afterConnectMultiple (node:net:1715:7)","timestamp":"2025-12-09 11:24:31"}
{"level":"warn","message":"Redis connection closed","service":"trading-intercom","timestamp":"2025-12-09 11:24:31"}
{"level":"info","message":"Redis reconnecting...","service":"trading-intercom","timestamp":"2025-12-09 11:24:31"}
{"code":"ECONNREFUSED","level":"error","message":"Redis error:","service":"trading-intercom","stack":"AggregateError [ECONNREFUSED]: \n    at internalConnectMultiple (node:net:1134:18)\n    at afterConnectMultiple (node:net:1715:7)","timestamp":"2025-12-09 11:24:33"}
{"level":"warn","message":"Redis connection closed","service":"trading-intercom","timestamp":"2025-12-09 11:24:33"}
{"level":"info","message":"Redis reconnecting...","service":"trading-intercom","timestamp":"2025-12-09 11:24:33"}
{"code":"ECONNREFUSED","level":"error","message":"Redis error:","service":"trading-intercom","stack":"AggregateError [ECONNREFUSED]: \n    at internalConnectMultiple (node:net:1134:18)\n    at afterConnectMultiple (node:net:1715:7)","timestamp":"2025-12-09 11:24:35"}
{"level":"warn","message":"Redis connection closed","service":"trading-intercom","timestamp":"2025-12-09 11:24:35"}
{"level":"info","message":"Redis reconnecting...","service":"trading-intercom","timestamp":"2025-12-09 11:24:35"}
{"code":"ECONNREFUSED","level":"error","message":"Redis error:","service":"trading-intercom","stack":"AggregateError [ECONNREFUSED]: \n    at internalConnectMultiple (node:net:1134:18)\n    at afterConnectMultiple (node:net:1715:7)","timestamp":"2025-12-09 11:24:37"}
{"level":"warn","message":"Redis connection closed","service":"trading-intercom","timestamp":"2025-12-09 11:24:37"}
{"level":"info","message":"Redis reconnecting...","service":"trading-intercom","timestamp":"2025-12-09 11:24:37"}
{"code":"ECONNREFUSED","level":"error","message":"Redis error:","service":"trading-intercom","stack":"AggregateError [ECONNREFUSED]: \n    at internalConnectMultiple (node:net:1134:18)\n    at afterConnectMultiple (node:net:1715:7)","timestamp":"2025-12-09 11:24:39"}
{"level":"warn","message":"Redis connection closed","service":"trading-intercom","timestamp":"2025-12-09 11:24:39"}
{"level":"info","message":"Redis reconnecting...","service":"trading-intercom","timestamp":"2025-12-09 11:24:39"}
{"code":"ECONNREFUSED","level":"error","message":"Redis error:","service":"trading-intercom","stack":"AggregateError [ECONNREFUSED]: \n    at internalConnectMultiple (node:net:1134:18)\n    at afterConnectMultiple (node:net:1715:7)","timestamp":"2025-12-09 11:24:41"}
{"level":"warn","message":"Redis connection closed","service":"trading-intercom","timestamp":"2025-12-09 11:24:41"}
{"level":"info","message":"Redis reconnecting...","service":"trading-intercom","timestamp":"2025-12-09 11:24:41"}
{"code":"ECONNREFUSED","level":"error","message":"Redis error:","service":"trading-intercom","stack":"AggregateError [ECONNREFUSED]: \n    at internalConnectMultiple (node:net:1134:18)\n    at afterConnectMultiple (node:net:1715:7)","timestamp":"2025-12-09 11:24:43"}
{"level":"warn","message":"Redis connection closed","service":"trading-intercom","timestamp":"2025-12-09 11:24:43"}
{"level":"info","message":"Redis reconnecting...","service":"trading-intercom","timestamp":"2025-12-09 11:24:43"}
{"code":"ECONNREFUSED","level":"error","message":"Redis error:","service":"trading-intercom","stack":"AggregateError [ECONNREFUSED]: \n    at internalConnectMultiple (node:net:1134:18)\n    at afterConnectMultiple (node:net:1715:7)","timestamp":"2025-12-09 11:24:45"}
{"level":"warn","message":"Redis connection closed","service":"trading-intercom","timestamp":"2025-12-09 11:24:45"}
{"level":"info","message":"Redis reconnecting...","service":"trading-intercom","timestamp":"2025-12-09 11:24:45"}
{"code":"ECONNREFUSED","level":"error","message":"Redis error:","service":"trading-intercom","stack":"AggregateError [ECONNREFUSED]: \n    at internalConnectMultiple (node:net:1134:18)\n    at afterConnectMultiple (node:net:1715:7)","timestamp":"2025-12-09 11:24:47"}
{"level":"warn","message":"Redis connection closed","service":"trading-intercom","timestamp":"2025-12-09 11:24:47"}
{"level":"info","message":"Redis reconnecting...","service":"trading-intercom","timestamp":"2025-12-09 11:24:47"}
{"code":"ECONNREFUSED","level":"error","message":"Redis error:","service":"trading-intercom","stack":"AggregateError [ECONNREFUSED]: \n    at internalConnectMultiple (node:net:1134:18)\n    at afterConnectMultiple (node:net:1715:7)","timestamp":"2025-12-09 11:24:49"}
{"level":"warn","message":"Redis connection closed","service":"trading-intercom","timestamp":"2025-12-09 11:24:49"}
{"level":"info","message":"Redis reconnecting...","service":"trading-intercom","timestamp":"2025-12-09 11:24:49"}
{"code":"ECONNREFUSED","level":"error","message":"Redis error:","service":"trading-intercom","stack":"AggregateError [ECONNREFUSED]: \n    at internalConnectMultiple (node:net:1134:18)\n    at afterConnectMultiple (node:net:1715:7)","timestamp":"2025-12-09 11:24:51"}
{"level":"warn","message":"Redis connection closed","service":"trading-intercom","timestamp":"2025-12-09 11:24:51"}
{"level":"info","message":"Redis reconnecting...","service":"trading-intercom","timestamp":"2025-12-09 11:24:51"}
{"code":"ECONNREFUSED","level":"error","message":"Redis error:","service":"trading-intercom","stack":"AggregateError [ECONNREFUSED]: \n    at internalConnectMultiple (node:net:1134:18)\n    at afterConnectMultiple (node:net:1715:7)","timestamp":"2025-12-09 11:24:53"}
{"level":"warn","message":"Redis connection closed","service":"trading-intercom","timestamp":"2025-12-09 11:24:53"}
{"level":"info","message":"Redis reconnecting...","service":"trading-intercom","timestamp":"2025-12-09 11:24:53"}
{"code":"ECONNREFUSED","level":"error","message":"Redis error:","service":"trading-intercom","stack":"AggregateError [ECONNREFUSED]: \n    at internalConnectMultiple (node:net:1134:18)\n    at afterConnectMultiple (node:net:1715:7)","timestamp":"2025-12-09 11:24:55"}
{"level":"warn","message":"Redis connection closed","service":"trading-intercom","timestamp":"2025-12-09 11:24:55"}
{"level":"info","message":"Redis reconnecting...","service":"trading-intercom","timestamp":"2025-12-09 11:24:55"}
{"code":"ECONNREFUSED","level":"error","message":"Redis error:","service":"trading-intercom","stack":"AggregateError [ECONNREFUSED]: \n    at internalConnectMultiple (node:net:1134:18)\n    at afterConnectMultiple (node:net:1715:7)","timestamp":"2025-12-09 11:24:57"}
{"level":"warn","message":"Redis connection closed","service":"trading-intercom","timestamp":"2025-12-09 11:24:57"}
{"level":"info","message":"Redis reconnecting...","service":"trading-intercom","timestamp":"2025-12-09 11:24:57"}
{"code":"ECONNREFUSED","level":"error","message":"Redis error:","service":"trading-intercom","stack":"AggregateError [ECONNREFUSED]: \n    at internalConnectMultiple (node:net:1134:18)\n    at afterConnectMultiple (node:net:1715:7)","timestamp":"2025-12-09 11:24:59"}
{"level":"warn","message":"Redis connection closed","service":"trading-intercom","timestamp":"2025-12-09 11:24:59"}
{"level":"info","message":"Redis reconnecting...","service":"trading-intercom","timestamp":"2025-12-09 11:24:59"}
{"code":"ECONNREFUSED","level":"error","message":"Redis error:","service":"trading-intercom","stack":"AggregateError [ECONNREFUSED]: \n    at internalConnectMultiple (node:net:1134:18)\n    at afterConnectMultiple (node:net:1715:7)","timestamp":"2025-12-09 11:25:01"}
{"level":"warn","message":"Redis connection closed","service":"trading-intercom","timestamp":"2025-12-09 11:25:01"}
{"level":"info","message":"Redis reconnecting...","service":"trading-intercom","timestamp":"2025-12-09 11:25:01"}
{"code":"ECONNREFUSED","level":"error","message":"Redis error:","service":"trading-intercom","stack":"AggregateError [ECONNREFUSED]: \n    at internalConnectMultiple (node:net:1134:18)\n    at afterConnectMultiple (node:net:1715:7)","timestamp":"2025-12-09 11:25:03"}
{"level":"warn","message":"Redis connection closed","service":"trading-intercom","timestamp":"2025-12-09 11:25:03"}
{"level":"info","message":"Redis reconnecting...","service":"trading-intercom","timestamp":"2025-12-09 11:25:03"}
{"code":"ECONNREFUSED","level":"error","message":"Redis error:","service":"trading-intercom","stack":"AggregateError [ECONNREFUSED]: \n    at internalConnectMultiple (node:net:1134:18)\n    at afterConnectMultiple (node:net:1715:7)","timestamp":"2025-12-09 11:25:05"}
{"level":"warn","message":"Redis connection closed","service":"trading-intercom","timestamp":"2025-12-09 11:25:05"}
{"level":"info","message":"Redis reconnecting...","service":"trading-intercom","timestamp":"2025-12-09 11:25:05"}
{"code":"ECONNREFUSED","level":"error","message":"Redis error:","service":"trading-intercom","stack":"AggregateError [ECONNREFUSED]: \n    at internalConnectMultiple (node:net:1134:18)\n    at afterConnectMultiple (node:net:1715:7)","timestamp":"2025-12-09 11:25:07"}
{"level":"warn","message":"Redis connection closed","service":"trading-intercom","timestamp":"2025-12-09 11:25:07"}
{"level":"info","message":"Redis reconnecting...","service":"trading-intercom","timestamp":"2025-12-09 11:25:07"}
{"code":"ECONNREFUSED","level":"error","message":"Redis error:","service":"trading-intercom","stack":"AggregateError [ECONNREFUSED]: \n    at internalConnectMultiple (node:net:1134:18)\n    at afterConnectMultiple (node:net:1715:7)","timestamp":"2025-12-09 11:25:09"}
{"level":"warn","message":"Redis connection closed","service":"trading-intercom","timestamp":"2025-12-09 11:25:09"}
{"level":"info","message":"Redis reconnecting...","service":"trading-intercom","timestamp":"2025-12-09 11:25:09"}
{"code":"ECONNREFUSED","level":"error","message":"Redis error:","service":"trading-intercom","stack":"AggregateError [ECONNREFUSED]: \n    at internalConnectMultiple (node:net:1134:18)\n    at afterConnectMultiple (node:net:1715:7)","timestamp":"2025-12-09 11:25:11"}
{"level":"warn","message":"Redis connection closed","service":"trading-intercom","timestamp":"2025-12-09 11:25:11"}
{"level":"info","message":"Redis reconnecting...","service":"trading-intercom","timestamp":"2025-12-09 11:25:11"}
{"code":"ECONNREFUSED","level":"error","message":"Redis error:","service":"trading-intercom","stack":"AggregateError [ECONNREFUSED]: \n    at internalConnectMultiple (node:net:1134:18)\n    at afterConnectMultiple (node:net:1715:7)","timestamp":"2025-12-09 11:25:13"}
{"level":"warn","message":"Redis connection closed","service":"trading-intercom","timestamp":"2025-12-09 11:25:13"}
{"level":"info","message":"Redis reconnecting...","service":"trading-intercom","timestamp":"2025-12-09 11:25:13"}
{"code":"ECONNREFUSED","level":"error","message":"Redis error:","service":"trading-intercom","stack":"AggregateError [ECONNREFUSED]: \n    at internalConnectMultiple (node:net:1134:18)\n    at afterConnectMultiple (node:net:1715:7)","timestamp":"2025-12-09 11:25:15"}
{"level":"warn","message":"Redis connection closed","service":"trading-intercom","timestamp":"2025-12-09 11:25:15"}
{"level":"info","message":"Redis reconnecting...","service":"trading-intercom","timestamp":"2025-12-09 11:25:15"}
{"code":"ECONNREFUSED","level":"error","message":"Redis error:","service":"trading-intercom","stack":"AggregateError [ECONNREFUSED]: \n    at internalConnectMultiple (node:net:1134:18)\n    at afterConnectMultiple (node:net:1715:7)","timestamp":"2025-12-09 11:25:17"}
{"level":"warn","message":"Redis connection closed","service":"trading-intercom","timestamp":"2025-12-09 11:25:17"}
{"level":"info","message":"Redis reconnecting...","service":"trading-intercom","timestamp":"2025-12-09 11:25:17"}
{"code":"ECONNREFUSED","level":"error","message":"Redis error:","service":"trading-intercom","stack":"AggregateError [ECONNREFUSED]: \n    at internalConnectMultiple (node:net:1134:18)\n    at afterConnectMultiple (node:net:1715:7)","timestamp":"2025-12-09 11:25:19"}
{"level":"warn","message":"Redis connection closed","service":"trading-intercom","timestamp":"2025-12-09 11:25:19"}
{"level":"info","message":"Redis reconnecting...","service":"trading-intercom","timestamp":"2025-12-09 11:25:19"}
{"code":"ECONNREFUSED","level":"error","message":"Redis error:","service":"trading-intercom","stack":"AggregateError [ECONNREFUSED]: \n    at internalConnectMultiple (node:net:1134:18)\n    at afterConnectMultiple (node:net:1715:7)","timestamp":"2025-12-09 11:25:21"}
{"level":"warn","message":"Redis connection closed","service":"trading-intercom","timestamp":"2025-12-09 11:25:21"}
{"level":"info","message":"Redis reconnecting...","service":"trading-intercom","timestamp":"2025-12-09 11:25:21"}
{"code":"ECONNREFUSED","level":"error","message":"Redis error:","service":"trading-intercom","stack":"AggregateError [ECONNREFUSED]: \n    at internalConnectMultiple (node:net:1134:18)\n    at afterConnectMultiple (node:net:1715:7)","timestamp":"2025-12-09 11:25:23"}
{"level":"warn","message":"Redis connection closed","service":"trading-intercom","timestamp":"2025-12-09 11:25:23"}
{"level":"info","message":"Redis reconnecting...","service":"trading-intercom","timestamp":"2025-12-09 11:25:23"}
{"code":"ECONNREFUSED","level":"error","message":"Redis error:","service":"trading-intercom","stack":"AggregateError [ECONNREFUSED]: \n    at internalConnectMultiple (node:net:1134:18)\n    at afterConnectMultiple (node:net:1715:7)","timestamp":"2025-12-09 11:25:25"}
{"level":"warn","message":"Redis connection closed","service":"trading-intercom","timestamp":"2025-12-09 11:25:25"}
{"level":"info","message":"Redis reconnecting...","service":"trading-intercom","timestamp":"2025-12-09 11:25:25"}
{"code":"ECONNREFUSED","level":"error","message":"Redis error:","service":"trading-intercom","stack":"AggregateError [ECONNREFUSED]: \n    at internalConnectMultiple (node:net:1134:18)\n    at afterConnectMultiple (node:net:1715:7)","timestamp":"2025-12-09 11:25:27"}
{"level":"warn","message":"Redis connection closed","service":"trading-intercom","timestamp":"2025-12-09 11:25:27"}
{"level":"info","message":"Redis reconnecting...","service":"trading-intercom","timestamp":"2025-12-09 11:25:27"}
{"code":"ECONNREFUSED","level":"error","message":"Redis error:","service":"trading-intercom","stack":"AggregateError [ECONNREFUSED]: \n    at internalConnectMultiple (node:net:1134:18)\n    at afterConnectMultiple (node:net:1715:7)","timestamp":"2025-12-09 11:25:29"}
{"level":"warn","message":"Redis connection closed","service":"trading-intercom","timestamp":"2025-12-09 11:25:29"}
{"level":"info","message":"Redis reconnecting...","service":"trading-intercom","timestamp":"2025-12-09 11:25:29"}
{"code":"ECONNREFUSED","level":"error","message":"Redis error:","service":"trading-intercom","stack":"AggregateError [ECONNREFUSED]: \n    at internalConnectMultiple (node:net:1134:18)\n    at afterConnectMultiple (node:net:1715:7)","timestamp":"2025-12-09 11:25:31"}
{"level":"warn","message":"Redis connection closed","service":"trading-intercom","timestamp":"2025-12-09 11:25:31"}
{"level":"info","message":"Redis reconnecting...","service":"trading-intercom","timestamp":"2025-12-09 11:25:31"}
{"code":"ECONNREFUSED","level":"error","message":"Redis error:","service":"trading-intercom","stack":"AggregateError [ECONNREFUSED]: \n    at internalConnectMultiple (node:net:1134:18)\n    at afterConnectMultiple (node:net:1715:7)","timestamp":"2025-12-09 11:25:33"}
{"level":"warn","message":"Redis connection closed","service":"trading-intercom","timestamp":"2025-12-09 11:25:33"}
{"level":"info","message":"Redis reconnecting...","service":"trading-intercom","timestamp":"2025-12-09 11:25:33"}
{"code":"ECONNREFUSED","level":"error","message":"Redis error:","service":"trading-intercom","stack":"AggregateError [ECONNREFUSED]: \n    at internalConnectMultiple (node:net:1134:18)\n    at afterConnectMultiple (node:net:1715:7)","timestamp":"2025-12-09 11:25:35"}
{"level":"warn","message":"Redis connection closed","service":"trading-intercom","timestamp":"2025-12-09 11:25:35"}
{"level":"info","message":"Redis reconnecting...","service":"trading-intercom","timestamp":"2025-12-09 11:25:35"}
{"code":"ECONNREFUSED","level":"error","message":"Redis error:","service":"trading-intercom","stack":"AggregateError [ECONNREFUSED]: \n    at internalConnectMultiple (node:net:1134:18)\n    at afterConnectMultiple (node:net:1715:7)","timestamp":"2025-12-09 11:25:37"}
{"level":"warn","message":"Redis connection closed","service":"trading-intercom","timestamp":"2025-12-09 11:25:37"}
{"level":"info","message":"Redis reconnecting...","service":"trading-intercom","timestamp":"2025-12-09 11:25:37"}
{"code":"ECONNREFUSED","level":"error","message":"Redis error:","service":"trading-intercom","stack":"AggregateError [ECONNREFUSED]: \n    at internalConnectMultiple (node:net:1134:18)\n    at afterConnectMultiple (node:net:1715:7)","timestamp":"2025-12-09 11:25:39"}
{"level":"warn","message":"Redis connection closed","service":"trading-intercom","timestamp":"2025-12-09 11:25:39"}
{"level":"info","message":"Redis reconnecting...","service":"trading-intercom","timestamp":"2025-12-09 11:25:39"}
{"code":"ECONNREFUSED","level":"error","message":"Redis error:","service":"trading-intercom","stack":"AggregateError [ECONNREFUSED]: \n    at internalConnectMultiple (node:net:1134:18)\n    at afterConnectMultiple (node:net:1715:7)","timestamp":"2025-12-09 11:25:41"}
{"level":"warn","message":"Redis connection closed","service":"trading-intercom","timestamp":"2025-12-09 11:25:41"}
{"level":"info","message":"Redis reconnecting...","service":"trading-intercom","timestamp":"2025-12-09 11:25:41"}
{"code":"ECONNREFUSED","level":"error","message":"Redis error:","service":"trading-intercom","stack":"AggregateError [ECONNREFUSED]: \n    at internalConnectMultiple (node:net:1134:18)\n    at afterConnectMultiple (node:net:1715:7)","timestamp":"2025-12-09 11:25:43"}
{"level":"warn","message":"Redis connection closed","service":"trading-intercom","timestamp":"2025-12-09 11:25:43"}
{"level":"info","message":"Redis reconnecting...","service":"trading-intercom","timestamp":"2025-12-09 11:25:43"}
{"code":"ECONNREFUSED","level":"error","message":"Redis error:","service":"trading-intercom","stack":"AggregateError [ECONNREFUSED]: \n    at internalConnectMultiple (node:net:1134:18)\n    at afterConnectMultiple (node:net:1715:7)","timestamp":"2025-12-09 11:25:45"}
{"level":"warn","message":"Redis connection closed","service":"trading-intercom","timestamp":"2025-12-09 11:25:45"}
{"level":"info","message":"Redis reconnecting...","service":"trading-intercom","timestamp":"2025-12-09 11:25:45"}
{"code":"ECONNREFUSED","level":"error","message":"Redis error:","service":"trading-intercom","stack":"AggregateError [ECONNREFUSED]: \n    at internalConnectMultiple (node:net:1134:18)\n    at afterConnectMultiple (node:net:1715:7)","timestamp":"2025-12-09 11:25:47"}
{"level":"warn","message":"Redis connection closed","service":"trading-intercom","timestamp":"2025-12-09 11:25:47"}
{"level":"info","message":"Redis reconnecting...","service":"trading-intercom","timestamp":"2025-12-09 11:25:47"}
{"code":"ECONNREFUSED","level":"error","message":"Redis error:","service":"trading-intercom","stack":"AggregateError [ECONNREFUSED]: \n    at internalConnectMultiple (node:net:1134:18)\n    at afterConnectMultiple (node:net:1715:7)","timestamp":"2025-12-09 11:25:49"}
{"level":"warn","message":"Redis connection closed","service":"trading-intercom","timestamp":"2025-12-09 11:25:49"}
{"level":"info","message":"Redis reconnecting...","service":"trading-intercom","timestamp":"2025-12-09 11:25:49"}
{"code":"ECONNREFUSED","level":"error","message":"Redis error:","service":"trading-intercom","stack":"AggregateError [ECONNREFUSED]: \n    at internalConnectMultiple (node:net:1134:18)\n    at afterConnectMultiple (node:net:1715:7)","timestamp":"2025-12-09 11:25:51"}
{"level":"warn","message":"Redis connection closed","service":"trading-intercom","timestamp":"2025-12-09 11:25:51"}
{"level":"info","message":"Redis reconnecting...","service":"trading-intercom","timestamp":"2025-12-09 11:25:51"}
{"code":"ECONNREFUSED","level":"error","message":"Redis error:","service":"trading-intercom","stack":"AggregateError [ECONNREFUSED]: \n    at internalConnectMultiple (node:net:1134:18)\n    at afterConnectMultiple (node:net:1715:7)","timestamp":"2025-12-09 11:25:53"}
{"level":"warn","message":"Redis connection closed","service":"trading-intercom","timestamp":"2025-12-09 11:25:53"}
{"level":"info","message":"Redis reconnecting...","service":"trading-intercom","timestamp":"2025-12-09 11:25:53"}
{"code":"ECONNREFUSED","level":"error","message":"Redis error:","service":"trading-intercom","stack":"AggregateError [ECONNREFUSED]: \n    at internalConnectMultiple (node:net:1134:18)\n    at afterConnectMultiple (node:net:1715:7)","timestamp":"2025-12-09 11:25:55"}
{"level":"warn","message":"Redis connection closed","service":"trading-intercom","timestamp":"2025-12-09 11:25:55"}
{"level":"info","message":"Redis reconnecting...","service":"trading-intercom","timestamp":"2025-12-09 11:25:55"}
{"code":"ECONNREFUSED","level":"error","message":"Redis error:","service":"trading-intercom","stack":"AggregateError [ECONNREFUSED]: \n    at internalConnectMultiple (node:net:1134:18)\n    at afterConnectMultiple (node:net:1715:7)","timestamp":"2025-12-09 11:25:57"}
{"level":"warn","message":"Redis connection closed","service":"trading-intercom","timestamp":"2025-12-09 11:25:57"}
{"level":"info","message":"Redis reconnecting...","service":"trading-intercom","timestamp":"2025-12-09 11:25:57"}
{"code":"ECONNREFUSED","level":"error","message":"Redis error:","service":"trading-intercom","stack":"AggregateError [ECONNREFUSED]: \n    at internalConnectMultiple (node:net:1134:18)\n    at afterConnectMultiple (node:net:1715:7)","timestamp":"2025-12-09 11:25:59"}
{"level":"warn","message":"Redis connection closed","service":"trading-intercom","timestamp":"2025-12-09 11:25:59"}
{"level":"info","message":"Redis reconnecting...","service":"trading-intercom","timestamp":"2025-12-09 11:25:59"}
{"code":"ECONNREFUSED","level":"error","message":"Redis error:","service":"trading-intercom","stack":"AggregateError [ECONNREFUSED]: \n    at internalConnectMultiple (node:net:1134:18)\n    at afterConnectMultiple (node:net:1715:7)","timestamp":"2025-12-09 11:26:01"}
{"level":"warn","message":"Redis connection closed","service":"trading-intercom","timestamp":"2025-12-09 11:26:01"}
{"level":"info","message":"Redis reconnecting...","service":"trading-intercom","timestamp":"2025-12-09 11:26:01"}
{"code":"ECONNREFUSED","level":"error","message":"Redis error:","service":"trading-intercom","stack":"AggregateError [ECONNREFUSED]: \n    at internalConnectMultiple (node:net:1134:18)\n    at afterConnectMultiple (node:net:1715:7)","timestamp":"2025-12-09 11:26:03"}
{"level":"warn","message":"Redis connection closed","service":"trading-intercom","timestamp":"2025-12-09 11:26:03"}
{"level":"info","message":"Redis reconnecting...","service":"trading-intercom","timestamp":"2025-12-09 11:26:03"}
{"code":"ECONNREFUSED","level":"error","message":"Redis error:","service":"trading-intercom","stack":"AggregateError [ECONNREFUSED]: \n    at internalConnectMultiple (node:net:1134:18)\n    at afterConnectMultiple (node:net:1715:7)","timestamp":"2025-12-09 11:26:05"}
{"level":"warn","message":"Redis connection closed","service":"trading-intercom","timestamp":"2025-12-09 11:26:05"}
{"level":"info","message":"Redis reconnecting...","service":"trading-intercom","timestamp":"2025-12-09 11:26:05"}
{"code":"ECONNREFUSED","level":"error","message":"Redis error:","service":"trading-intercom","stack":"AggregateError [ECONNREFUSED]: \n    at internalConnectMultiple (node:net:1134:18)\n    at afterConnectMultiple (node:net:1715:7)","timestamp":"2025-12-09 11:26:07"}
{"level":"warn","message":"Redis connection closed","service":"trading-intercom","timestamp":"2025-12-09 11:26:07"}
{"level":"info","message":"Redis reconnecting...","service":"trading-intercom","timestamp":"2025-12-09 11:26:07"}
{"code":"ECONNREFUSED","level":"error","message":"Redis error:","service":"trading-intercom","stack":"AggregateError [ECONNREFUSED]: \n    at internalConnectMultiple (node:net:1134:18)\n    at afterConnectMultiple (node:net:1715:7)","timestamp":"2025-12-09 11:26:09"}
{"level":"warn","message":"Redis connection closed","service":"trading-intercom","timestamp":"2025-12-09 11:26:09"}
{"level":"info","message":"Redis reconnecting...","service":"trading-intercom","timestamp":"2025-12-09 11:26:09"}
{"code":"ECONNREFUSED","level":"error","message":"Redis error:","service":"trading-intercom","stack":"AggregateError [ECONNREFUSED]: \n    at internalConnectMultiple (node:net:1134:18)\n    at afterConnectMultiple (node:net:1715:7)","timestamp":"2025-12-09 11:26:11"}
{"level":"warn","message":"Redis connection closed","service":"trading-intercom","timestamp":"2025-12-09 11:26:11"}
{"level":"info","message":"Redis reconnecting...","service":"trading-intercom","timestamp":"2025-12-09 11:26:11"}
{"code":"ECONNREFUSED","level":"error","message":"Redis error:","service":"trading-intercom","stack":"AggregateError [ECONNREFUSED]: \n    at internalConnectMultiple (node:net:1134:18)\n    at afterConnectMultiple (node:net:1715:7)","timestamp":"2025-12-09 11:26:13"}
{"level":"warn","message":"Redis connection closed","service":"trading-intercom","timestamp":"2025-12-09 11:26:13"}
{"level":"info","message":"Redis reconnecting...","service":"trading-intercom","timestamp":"2025-12-09 11:26:13"}
{"code":"ECONNREFUSED","level":"error","message":"Redis error:","service":"trading-intercom","stack":"AggregateError [ECONNREFUSED]: \n    at internalConnectMultiple (node:net:1134:18)\n    at afterConnectMultiple (node:net:1715:7)","timestamp":"2025-12-09 11:26:15"}
{"level":"warn","message":"Redis connection closed","service":"trading-intercom","timestamp":"2025-12-09 11:26:16"}
{"level":"info","message":"Redis reconnecting...","service":"trading-intercom","timestamp":"2025-12-09 11:26:16"}
{"code":"ECONNREFUSED","level":"error","message":"Redis error:","service":"trading-intercom","stack":"AggregateError [ECONNREFUSED]: \n    at internalConnectMultiple (node:net:1134:18)\n    at afterConnectMultiple (node:net:1715:7)","timestamp":"2025-12-09 11:26:18"}
{"level":"warn","message":"Redis connection closed","service":"trading-intercom","timestamp":"2025-12-09 11:26:18"}
{"level":"info","message":"Redis reconnecting...","service":"trading-intercom","timestamp":"2025-12-09 11:26:18"}
{"code":"ECONNREFUSED","level":"error","message":"Redis error:","service":"trading-intercom","stack":"AggregateError [ECONNREFUSED]: \n    at internalConnectMultiple (node:net:1134:18)\n    at afterConnectMultiple (node:net:1715:7)","timestamp":"2025-12-09 11:26:20"}
{"level":"warn","message":"Redis connection closed","service":"trading-intercom","timestamp":"2025-12-09 11:26:20"}
{"level":"info","message":"Redis reconnecting...","service":"trading-intercom","timestamp":"2025-12-09 11:26:20"}
{"code":"ECONNREFUSED","level":"error","message":"Redis error:","service":"trading-intercom","stack":"AggregateError [ECONNREFUSED]: \n    at internalConnectMultiple (node:net:1134:18)\n    at afterConnectMultiple (node:net:1715:7)","timestamp":"2025-12-09 11:26:22"}
{"level":"warn","message":"Redis connection closed","service":"trading-intercom","timestamp":"2025-12-09 11:26:22"}
{"level":"info","message":"Redis reconnecting...","service":"trading-intercom","timestamp":"2025-12-09 11:26:22"}
{"code":"ECONNREFUSED","level":"error","message":"Redis error:","service":"trading-intercom","stack":"AggregateError [ECONNREFUSED]: \n    at internalConnectMultiple (node:net:1134:18)\n    at afterConnectMultiple (node:net:1715:7)","timestamp":"2025-12-09 11:26:24"}
{"level":"warn","message":"Redis connection closed","service":"trading-intercom","timestamp":"2025-12-09 11:26:24"}
{"level":"info","message":"Redis reconnecting...","service":"trading-intercom","timestamp":"2025-12-09 11:26:24"}
{"code":"ECONNREFUSED","level":"error","message":"Redis error:","service":"trading-intercom","stack":"AggregateError [ECONNREFUSED]: \n    at internalConnectMultiple (node:net:1134:18)\n    at afterConnectMultiple (node:net:1715:7)","timestamp":"2025-12-09 11:26:26"}
{"level":"warn","message":"Redis connection closed","service":"trading-intercom","timestamp":"2025-12-09 11:26:26"}
{"level":"info","message":"Redis reconnecting...","service":"trading-intercom","timestamp":"2025-12-09 11:26:26"}
{"code":"ECONNREFUSED","level":"error","message":"Redis error:","service":"trading-intercom","stack":"AggregateError [ECONNREFUSED]: \n    at internalConnectMultiple (node:net:1134:18)\n    at afterConnectMultiple (node:net:1715:7)","timestamp":"2025-12-09 11:26:28"}
{"level":"warn","message":"Redis connection closed","service":"trading-intercom","timestamp":"2025-12-09 11:26:28"}
{"level":"info","message":"Redis reconnecting...","service":"trading-intercom","timestamp":"2025-12-09 11:26:28"}
{"code":"ECONNREFUSED","level":"error","message":"Redis error:","service":"trading-intercom","stack":"AggregateError [ECONNREFUSED]: \n    at internalConnectMultiple (node:net:1134:18)\n    at afterConnectMultiple (node:net:1715:7)","timestamp":"2025-12-09 11:26:30"}
{"level":"warn","message":"Redis connection closed","service":"trading-intercom","timestamp":"2025-12-09 11:26:30"}
{"level":"info","message":"Redis reconnecting...","service":"trading-intercom","timestamp":"2025-12-09 11:26:30"}
{"code":"ECONNREFUSED","level":"error","message":"Redis error:","service":"trading-intercom","stack":"AggregateError [ECONNREFUSED]: \n    at internalConnectMultiple (node:net:1134:18)\n    at afterConnectMultiple (node:net:1715:7)","timestamp":"2025-12-09 11:26:32"}
{"level":"warn","message":"Redis connection closed","service":"trading-intercom","timestamp":"2025-12-09 11:26:32"}
{"level":"info","message":"Redis reconnecting...","service":"trading-intercom","timestamp":"2025-12-09 11:26:32"}
{"code":"ECONNREFUSED","level":"error","message":"Redis error:","service":"trading-intercom","stack":"AggregateError [ECONNREFUSED]: \n    at internalConnectMultiple (node:net:1134:18)\n    at afterConnectMultiple (node:net:1715:7)","timestamp":"2025-12-09 11:26:34"}
{"level":"warn","message":"Redis connection closed","service":"trading-intercom","timestamp":"2025-12-09 11:26:34"}
{"level":"info","message":"Redis reconnecting...","service":"trading-intercom","timestamp":"2025-12-09 11:26:34"}
{"code":"ECONNREFUSED","level":"error","message":"Redis error:","service":"trading-intercom","stack":"AggregateError [ECONNREFUSED]: \n    at internalConnectMultiple (node:net:1134:18)\n    at afterConnectMultiple (node:net:1715:7)","timestamp":"2025-12-09 11:26:36"}
{"level":"warn","message":"Redis connection closed","service":"trading-intercom","timestamp":"2025-12-09 11:26:36"}
{"level":"info","message":"Redis reconnecting...","service":"trading-intercom","timestamp":"2025-12-09 11:26:36"}
{"code":"ECONNREFUSED","level":"error","message":"Redis error:","service":"trading-intercom","stack":"AggregateError [ECONNREFUSED]: \n    at internalConnectMultiple (node:net:1134:18)\n    at afterConnectMultiple (node:net:1715:7)","timestamp":"2025-12-09 11:26:38"}
{"level":"warn","message":"Redis connection closed","service":"trading-intercom","timestamp":"2025-12-09 11:26:38"}
{"level":"info","message":"Redis reconnecting...","service":"trading-intercom","timestamp":"2025-12-09 11:26:38"}
{"code":"ECONNREFUSED","level":"error","message":"Redis error:","service":"trading-intercom","stack":"AggregateError [ECONNREFUSED]: \n    at internalConnectMultiple (node:net:1134:18)\n    at afterConnectMultiple (node:net:1715:7)","timestamp":"2025-12-09 11:26:40"}
{"level":"warn","message":"Redis connection closed","service":"trading-intercom","timestamp":"2025-12-09 11:26:40"}
{"level":"info","message":"Redis reconnecting...","service":"trading-intercom","timestamp":"2025-12-09 11:26:40"}
{"code":"ECONNREFUSED","level":"error","message":"Redis error:","service":"trading-intercom","stack":"AggregateError [ECONNREFUSED]: \n    at internalConnectMultiple (node:net:1134:18)\n    at afterConnectMultiple (node:net:1715:7)","timestamp":"2025-12-09 11:26:42"}
{"level":"warn","message":"Redis connection closed","service":"trading-intercom","timestamp":"2025-12-09 11:26:42"}
{"level":"info","message":"Redis reconnecting...","service":"trading-intercom","timestamp":"2025-12-09 11:26:42"}
{"code":"ECONNREFUSED","level":"error","message":"Redis error:","service":"trading-intercom","stack":"AggregateError [ECONNREFUSED]: \n    at internalConnectMultiple (node:net:1134:18)\n    at afterConnectMultiple (node:net:1715:7)","timestamp":"2025-12-09 11:26:44"}
{"level":"warn","message":"Redis connection closed","service":"trading-intercom","timestamp":"2025-12-09 11:26:44"}
{"level":"info","message":"Redis reconnecting...","service":"trading-intercom","timestamp":"2025-12-09 11:26:44"}
{"code":"ECONNREFUSED","level":"error","message":"Redis error:","service":"trading-intercom","stack":"AggregateError [ECONNREFUSED]: \n    at internalConnectMultiple (node:net:1134:18)\n    at afterConnectMultiple (node:net:1715:7)","timestamp":"2025-12-09 11:26:46"}
{"level":"warn","message":"Redis connection closed","service":"trading-intercom","timestamp":"2025-12-09 11:26:46"}
{"level":"info","message":"Redis reconnecting...","service":"trading-intercom","timestamp":"2025-12-09 11:26:46"}
{"code":"ECONNREFUSED","level":"error","message":"Redis error:","service":"trading-intercom","stack":"AggregateError [ECONNREFUSED]: \n    at internalConnectMultiple (node:net:1134:18)\n    at afterConnectMultiple (node:net:1715:7)","timestamp":"2025-12-09 11:26:48"}
{"level":"warn","message":"Redis connection closed","service":"trading-intercom","timestamp":"2025-12-09 11:26:48"}
{"level":"info","message":"Redis reconnecting...","service":"trading-intercom","timestamp":"2025-12-09 11:26:48"}
{"code":"ECONNREFUSED","level":"error","message":"Redis error:","service":"trading-intercom","stack":"AggregateError [ECONNREFUSED]: \n    at internalConnectMultiple (node:net:1134:18)\n    at afterConnectMultiple (node:net:1715:7)","timestamp":"2025-12-09 11:26:50"}
{"level":"warn","message":"Redis connection closed","service":"trading-intercom","timestamp":"2025-12-09 11:26:50"}
{"level":"info","message":"Redis reconnecting...","service":"trading-intercom","timestamp":"2025-12-09 11:26:50"}
{"code":"ECONNREFUSED","level":"error","message":"Redis error:","service":"trading-intercom","stack":"AggregateError [ECONNREFUSED]: \n    at internalConnectMultiple (node:net:1134:18)\n    at afterConnectMultiple (node:net:1715:7)","timestamp":"2025-12-09 11:26:52"}
{"level":"warn","message":"Redis connection closed","service":"trading-intercom","timestamp":"2025-12-09 11:26:52"}
{"level":"info","message":"Redis reconnecting...","service":"trading-intercom","timestamp":"2025-12-09 11:26:52"}
{"code":"ECONNREFUSED","level":"error","message":"Redis error:","service":"trading-intercom","stack":"AggregateError [ECONNREFUSED]: \n    at internalConnectMultiple (node:net:1134:18)\n    at afterConnectMultiple (node:net:1715:7)","timestamp":"2025-12-09 11:26:54"}
{"level":"warn","message":"Redis connection closed","service":"trading-intercom","timestamp":"2025-12-09 11:26:54"}
{"level":"info","message":"Redis reconnecting...","service":"trading-intercom","timestamp":"2025-12-09 11:26:54"}
{"code":"ECONNREFUSED","level":"error","message":"Redis error:","service":"trading-intercom","stack":"AggregateError [ECONNREFUSED]: \n    at internalConnectMultiple (node:net:1134:18)\n    at afterConnectMultiple (node:net:1715:7)","timestamp":"2025-12-09 11:26:56"}
{"level":"warn","message":"Redis connection closed","service":"trading-intercom","timestamp":"2025-12-09 11:26:56"}
{"level":"info","message":"Redis reconnecting...","service":"trading-intercom","timestamp":"2025-12-09 11:26:56"}
{"code":"ECONNREFUSED","level":"error","message":"Redis error:","service":"trading-intercom","stack":"AggregateError [ECONNREFUSED]: \n    at internalConnectMultiple (node:net:1134:18)\n    at afterConnectMultiple (node:net:1715:7)","timestamp":"2025-12-09 11:26:58"}
{"level":"warn","message":"Redis connection closed","service":"trading-intercom","timestamp":"2025-12-09 11:26:58"}
{"level":"info","message":"Redis reconnecting...","service":"trading-intercom","timestamp":"2025-12-09 11:26:58"}
{"code":"ECONNREFUSED","level":"error","message":"Redis error:","service":"trading-intercom","stack":"AggregateError [ECONNREFUSED]: \n    at internalConnectMultiple (node:net:1134:18)\n    at afterConnectMultiple (node:net:1715:7)","timestamp":"2025-12-09 11:27:00"}
{"level":"warn","message":"Redis connection closed","service":"trading-intercom","timestamp":"2025-12-09 11:27:00"}
{"level":"info","message":"Redis reconnecting...","service":"trading-intercom","timestamp":"2025-12-09 11:27:00"}
{"code":"ECONNREFUSED","level":"error","message":"Redis error:","service":"trading-intercom","stack":"AggregateError [ECONNREFUSED]: \n    at internalConnectMultiple (node:net:1134:18)\n    at afterConnectMultiple (node:net:1715:7)","timestamp":"2025-12-09 11:27:02"}
{"level":"warn","message":"Redis connection closed","service":"trading-intercom","timestamp":"2025-12-09 11:27:02"}
{"level":"info","message":"Redis reconnecting...","service":"trading-intercom","timestamp":"2025-12-09 11:27:02"}
{"code":"ECONNREFUSED","level":"error","message":"Redis error:","service":"trading-intercom","stack":"AggregateError [ECONNREFUSED]: \n    at internalConnectMultiple (node:net:1134:18)\n    at afterConnectMultiple (node:net:1715:7)","timestamp":"2025-12-09 11:27:04"}
{"level":"warn","message":"Redis connection closed","service":"trading-intercom","timestamp":"2025-12-09 11:27:04"}
{"level":"info","message":"Redis reconnecting...","service":"trading-intercom","timestamp":"2025-12-09 11:27:04"}
{"code":"ECONNREFUSED","level":"error","message":"Redis error:","service":"trading-intercom","stack":"AggregateError [ECONNREFUSED]: \n    at internalConnectMultiple (node:net:1134:18)\n    at afterConnectMultiple (node:net:1715:7)","timestamp":"2025-12-09 11:27:06"}
{"level":"warn","message":"Redis connection closed","service":"trading-intercom","timestamp":"2025-12-09 11:27:06"}
{"level":"info","message":"Redis reconnecting...","service":"trading-intercom","timestamp":"2025-12-09 11:27:06"}
{"code":"ECONNREFUSED","level":"error","message":"Redis error:","service":"trading-intercom","stack":"AggregateError [ECONNREFUSED]: \n    at internalConnectMultiple (node:net:1134:18)\n    at afterConnectMultiple (node:net:1715:7)","timestamp":"2025-12-09 11:27:08"}
{"level":"warn","message":"Redis connection closed","service":"trading-intercom","timestamp":"2025-12-09 11:27:08"}
{"level":"info","message":"Redis reconnecting...","service":"trading-intercom","timestamp":"2025-12-09 11:27:08"}
{"code":"ECONNREFUSED","level":"error","message":"Redis error:","service":"trading-intercom","stack":"AggregateError [ECONNREFUSED]: \n    at internalConnectMultiple (node:net:1134:18)\n    at afterConnectMultiple (node:net:1715:7)","timestamp":"2025-12-09 11:27:10"}
{"level":"warn","message":"Redis connection closed","service":"trading-intercom","timestamp":"2025-12-09 11:27:10"}
{"level":"info","message":"Redis reconnecting...","service":"trading-intercom","timestamp":"2025-12-09 11:27:10"}
{"code":"ECONNREFUSED","level":"error","message":"Redis error:","service":"trading-intercom","stack":"AggregateError [ECONNREFUSED]: \n    at internalConnectMultiple (node:net:1134:18)\n    at afterConnectMultiple (node:net:1715:7)","timestamp":"2025-12-09 11:27:12"}
{"level":"warn","message":"Redis connection closed","service":"trading-intercom","timestamp":"2025-12-09 11:27:12"}
{"level":"info","message":"Redis reconnecting...","service":"trading-intercom","timestamp":"2025-12-09 11:27:12"}
{"code":"ECONNREFUSED","level":"error","message":"Redis error:","service":"trading-intercom","stack":"AggregateError [ECONNREFUSED]: \n    at internalConnectMultiple (node:net:1134:18)\n    at afterConnectMultiple (node:net:1715:7)","timestamp":"2025-12-09 11:27:14"}
{"level":"warn","message":"Redis connection closed","service":"trading-intercom","timestamp":"2025-12-09 11:27:14"}
{"level":"info","message":"Redis reconnecting...","service":"trading-intercom","timestamp":"2025-12-09 11:27:14"}
{"code":"ECONNREFUSED","level":"error","message":"Redis error:","service":"trading-intercom","stack":"AggregateError [ECONNREFUSED]: \n    at internalConnectMultiple (node:net:1134:18)\n    at afterConnectMultiple (node:net:1715:7)","timestamp":"2025-12-09 11:27:16"}
{"level":"warn","message":"Redis connection closed","service":"trading-intercom","timestamp":"2025-12-09 11:27:16"}
{"level":"info","message":"Redis reconnecting...","service":"trading-intercom","timestamp":"2025-12-09 11:27:16"}
{"code":"ECONNREFUSED","level":"error","message":"Redis error:","service":"trading-intercom","stack":"AggregateError [ECONNREFUSED]: \n    at internalConnectMultiple (node:net:1134:18)\n    at afterConnectMultiple (node:net:1715:7)","timestamp":"2025-12-09 11:27:18"}
{"level":"warn","message":"Redis connection closed","service":"trading-intercom","timestamp":"2025-12-09 11:27:18"}
{"level":"info","message":"Redis reconnecting...","service":"trading-intercom","timestamp":"2025-12-09 11:27:18"}
{"code":"ECONNREFUSED","level":"error","message":"Redis error:","service":"trading-intercom","stack":"AggregateError [ECONNREFUSED]: \n    at internalConnectMultiple (node:net:1134:18)\n    at afterConnectMultiple (node:net:1715:7)","timestamp":"2025-12-09 11:27:20"}
{"level":"warn","message":"Redis connection closed","service":"trading-intercom","timestamp":"2025-12-09 11:27:20"}
{"level":"info","message":"Redis reconnecting...","service":"trading-intercom","timestamp":"2025-12-09 11:27:20"}
{"code":"ECONNREFUSED","level":"error","message":"Redis error:","service":"trading-intercom","stack":"AggregateError [ECONNREFUSED]: \n    at internalConnectMultiple (node:net:1134:18)\n    at afterConnectMultiple (node:net:1715:7)","timestamp":"2025-12-09 11:27:22"}
{"level":"warn","message":"Redis connection closed","service":"trading-intercom","timestamp":"2025-12-09 11:27:22"}
{"level":"info","message":"Redis reconnecting...","service":"trading-intercom","timestamp":"2025-12-09 11:27:22"}
{"code":"ECONNREFUSED","level":"error","message":"Redis error:","service":"trading-intercom","stack":"AggregateError [ECONNREFUSED]: \n    at internalConnectMultiple (node:net:1134:18)\n    at afterConnectMultiple (node:net:1715:7)","timestamp":"2025-12-09 11:27:24"}
{"level":"warn","message":"Redis connection closed","service":"trading-intercom","timestamp":"2025-12-09 11:27:24"}
{"level":"info","message":"Redis reconnecting...","service":"trading-intercom","timestamp":"2025-12-09 11:27:24"}
{"code":"ECONNREFUSED","level":"error","message":"Redis error:","service":"trading-intercom","stack":"AggregateError [ECONNREFUSED]: \n    at internalConnectMultiple (node:net:1134:18)\n    at afterConnectMultiple (node:net:1715:7)","timestamp":"2025-12-09 11:27:26"}
{"level":"warn","message":"Redis connection closed","service":"trading-intercom","timestamp":"2025-12-09 11:27:26"}
{"level":"info","message":"Redis reconnecting...","service":"trading-intercom","timestamp":"2025-12-09 11:27:26"}
{"code":"ECONNREFUSED","level":"error","message":"Redis error:","service":"trading-intercom","stack":"AggregateError [ECONNREFUSED]: \n    at internalConnectMultiple (node:net:1134:18)\n    at afterConnectMultiple (node:net:1715:7)","timestamp":"2025-12-09 11:27:28"}
{"level":"warn","message":"Redis connection closed","service":"trading-intercom","timestamp":"2025-12-09 11:27:28"}
{"level":"info","message":"Redis reconnecting...","service":"trading-intercom","timestamp":"2025-12-09 11:27:28"}
{"code":"ECONNREFUSED","level":"error","message":"Redis error:","service":"trading-intercom","stack":"AggregateError [ECONNREFUSED]: \n    at internalConnectMultiple (node:net:1134:18)\n    at afterConnectMultiple (node:net:1715:7)","timestamp":"2025-12-09 11:27:30"}
{"level":"warn","message":"Redis connection closed","service":"trading-intercom","timestamp":"2025-12-09 11:27:30"}
{"level":"info","message":"Redis reconnecting...","service":"trading-intercom","timestamp":"2025-12-09 11:27:30"}
{"code":"ECONNREFUSED","level":"error","message":"Redis error:","service":"trading-intercom","stack":"AggregateError [ECONNREFUSED]: \n    at internalConnectMultiple (node:net:1134:18)\n    at afterConnectMultiple (node:net:1715:7)","timestamp":"2025-12-09 11:27:32"}
{"level":"warn","message":"Redis connection closed","service":"trading-intercom","timestamp":"2025-12-09 11:27:32"}
{"level":"info","message":"Redis reconnecting...","service":"trading-intercom","timestamp":"2025-12-09 11:27:32"}
{"code":"ECONNREFUSED","level":"error","message":"Redis error:","service":"trading-intercom","stack":"AggregateError [ECONNREFUSED]: \n    at internalConnectMultiple (node:net:1134:18)\n    at afterConnectMultiple (node:net:1715:7)","timestamp":"2025-12-09 11:27:34"}
{"level":"warn","message":"Redis connection closed","service":"trading-intercom","timestamp":"2025-12-09 11:27:34"}
{"level":"info","message":"Redis reconnecting...","service":"trading-intercom","timestamp":"2025-12-09 11:27:34"}
{"code":"ECONNREFUSED","level":"error","message":"Redis error:","service":"trading-intercom","stack":"AggregateError [ECONNREFUSED]: \n    at internalConnectMultiple (node:net:1134:18)\n    at afterConnectMultiple (node:net:1715:7)","timestamp":"2025-12-09 11:27:36"}
{"level":"warn","message":"Redis connection closed","service":"trading-intercom","timestamp":"2025-12-09 11:27:36"}
{"level":"info","message":"Redis reconnecting...","service":"trading-intercom","timestamp":"2025-12-09 11:27:36"}
{"code":"ECONNREFUSED","level":"error","message":"Redis error:","service":"trading-intercom","stack":"AggregateError [ECONNREFUSED]: \n    at internalConnectMultiple (node:net:1134:18)\n    at afterConnectMultiple (node:net:1715:7)","timestamp":"2025-12-09 11:27:38"}
{"level":"warn","message":"Redis connection closed","service":"trading-intercom","timestamp":"2025-12-09 11:27:38"}
{"level":"info","message":"Redis reconnecting...","service":"trading-intercom","timestamp":"2025-12-09 11:27:38"}
{"code":"ECONNREFUSED","level":"error","message":"Redis error:","service":"trading-intercom","stack":"AggregateError [ECONNREFUSED]: \n    at internalConnectMultiple (node:net:1134:18)\n    at afterConnectMultiple (node:net:1715:7)","timestamp":"2025-12-09 11:27:40"}
{"level":"warn","message":"Redis connection closed","service":"trading-intercom","timestamp":"2025-12-09 11:27:40"}
{"level":"info","message":"Redis reconnecting...","service":"trading-intercom","timestamp":"2025-12-09 11:27:40"}
{"code":"ECONNREFUSED","level":"error","message":"Redis error:","service":"trading-intercom","stack":"AggregateError [ECONNREFUSED]: \n    at internalConnectMultiple (node:net:1134:18)\n    at afterConnectMultiple (node:net:1715:7)","timestamp":"2025-12-09 11:27:42"}
{"level":"warn","message":"Redis connection closed","service":"trading-intercom","timestamp":"2025-12-09 11:27:42"}
{"level":"info","message":"Redis reconnecting...","service":"trading-intercom","timestamp":"2025-12-09 11:27:42"}
{"code":"ECONNREFUSED","level":"error","message":"Redis error:","service":"trading-intercom","stack":"AggregateError [ECONNREFUSED]: \n    at internalConnectMultiple (node:net:1134:18)\n    at afterConnectMultiple (node:net:1715:7)","timestamp":"2025-12-09 11:27:44"}
{"level":"warn","message":"Redis connection closed","service":"trading-intercom","timestamp":"2025-12-09 11:27:44"}
{"level":"info","message":"Redis reconnecting...","service":"trading-intercom","timestamp":"2025-12-09 11:27:44"}
{"code":"ECONNREFUSED","level":"error","message":"Redis error:","service":"trading-intercom","stack":"AggregateError [ECONNREFUSED]: \n    at internalConnectMultiple (node:net:1134:18)\n    at afterConnectMultiple (node:net:1715:7)","timestamp":"2025-12-09 11:27:46"}
{"level":"warn","message":"Redis connection closed","service":"trading-intercom","timestamp":"2025-12-09 11:27:46"}
{"level":"info","message":"Redis reconnecting...","service":"trading-intercom","timestamp":"2025-12-09 11:27:46"}
{"code":"ECONNREFUSED","level":"error","message":"Redis error:","service":"trading-intercom","stack":"AggregateError [ECONNREFUSED]: \n    at internalConnectMultiple (node:net:1134:18)\n    at afterConnectMultiple (node:net:1715:7)","timestamp":"2025-12-09 11:27:48"}
{"level":"warn","message":"Redis connection closed","service":"trading-intercom","timestamp":"2025-12-09 11:27:48"}
{"level":"info","message":"Redis reconnecting...","service":"trading-intercom","timestamp":"2025-12-09 11:27:48"}
{"code":"ECONNREFUSED","level":"error","message":"Redis error:","service":"trading-intercom","stack":"AggregateError [ECONNREFUSED]: \n    at internalConnectMultiple (node:net:1134:18)\n    at afterConnectMultiple (node:net:1715:7)","timestamp":"2025-12-09 11:27:50"}
{"level":"warn","message":"Redis connection closed","service":"trading-intercom","timestamp":"2025-12-09 11:27:50"}
{"level":"info","message":"Redis reconnecting...","service":"trading-intercom","timestamp":"2025-12-09 11:27:50"}
{"code":"ECONNREFUSED","level":"error","message":"Redis error:","service":"trading-intercom","stack":"AggregateError [ECONNREFUSED]: \n    at internalConnectMultiple (node:net:1134:18)\n    at afterConnectMultiple (node:net:1715:7)","timestamp":"2025-12-09 11:27:52"}
{"level":"warn","message":"Redis connection closed","service":"trading-intercom","timestamp":"2025-12-09 11:27:52"}
{"level":"info","message":"Redis reconnecting...","service":"trading-intercom","timestamp":"2025-12-09 11:27:52"}
{"code":"ECONNREFUSED","level":"error","message":"Redis error:","service":"trading-intercom","stack":"AggregateError [ECONNREFUSED]: \n    at internalConnectMultiple (node:net:1134:18)\n    at afterConnectMultiple (node:net:1715:7)","timestamp":"2025-12-09 11:27:54"}
{"level":"warn","message":"Redis connection closed","service":"trading-intercom","timestamp":"2025-12-09 11:27:54"}
{"level":"info","message":"Redis reconnecting...","service":"trading-intercom","timestamp":"2025-12-09 11:27:54"}
{"code":"ECONNREFUSED","level":"error","message":"Redis error:","service":"trading-intercom","stack":"AggregateError [ECONNREFUSED]: \n    at internalConnectMultiple (node:net:1134:18)\n    at afterConnectMultiple (node:net:1715:7)","timestamp":"2025-12-09 11:27:56"}
{"level":"warn","message":"Redis connection closed","service":"trading-intercom","timestamp":"2025-12-09 11:27:56"}
{"level":"info","message":"Redis reconnecting...","service":"trading-intercom","timestamp":"2025-12-09 11:27:56"}
{"code":"ECONNREFUSED","level":"error","message":"Redis error:","service":"trading-intercom","stack":"AggregateError [ECONNREFUSED]: \n    at internalConnectMultiple (node:net:1134:18)\n    at afterConnectMultiple (node:net:1715:7)","timestamp":"2025-12-09 11:27:58"}
{"level":"warn","message":"Redis connection closed","service":"trading-intercom","timestamp":"2025-12-09 11:27:58"}
{"level":"info","message":"Redis reconnecting...","service":"trading-intercom","timestamp":"2025-12-09 11:27:58"}
{"code":"ECONNREFUSED","level":"error","message":"Redis error:","service":"trading-intercom","stack":"AggregateError [ECONNREFUSED]: \n    at internalConnectMultiple (node:net:1134:18)\n    at afterConnectMultiple (node:net:1715:7)","timestamp":"2025-12-09 11:28:00"}
{"level":"warn","message":"Redis connection closed","service":"trading-intercom","timestamp":"2025-12-09 11:28:00"}
{"level":"info","message":"Redis reconnecting...","service":"trading-intercom","timestamp":"2025-12-09 11:28:00"}
{"code":"ECONNREFUSED","level":"error","message":"Redis error:","service":"trading-intercom","stack":"AggregateError [ECONNREFUSED]: \n    at internalConnectMultiple (node:net:1134:18)\n    at afterConnectMultiple (node:net:1715:7)","timestamp":"2025-12-09 11:28:02"}
{"level":"warn","message":"Redis connection closed","service":"trading-intercom","timestamp":"2025-12-09 11:28:02"}
{"level":"info","message":"Redis reconnecting...","service":"trading-intercom","timestamp":"2025-12-09 11:28:02"}
{"code":"ECONNREFUSED","level":"error","message":"Redis error:","service":"trading-intercom","stack":"AggregateError [ECONNREFUSED]: \n    at internalConnectMultiple (node:net:1134:18)\n    at afterConnectMultiple (node:net:1715:7)","timestamp":"2025-12-09 11:28:04"}
{"level":"warn","message":"Redis connection closed","service":"trading-intercom","timestamp":"2025-12-09 11:28:04"}
{"level":"info","message":"Redis reconnecting...","service":"trading-intercom","timestamp":"2025-12-09 11:28:04"}
{"code":"ECONNREFUSED","level":"error","message":"Redis error:","service":"trading-intercom","stack":"AggregateError [ECONNREFUSED]: \n    at internalConnectMultiple (node:net:1134:18)\n    at afterConnectMultiple (node:net:1715:7)","timestamp":"2025-12-09 11:28:06"}
{"level":"warn","message":"Redis connection closed","service":"trading-intercom","timestamp":"2025-12-09 11:28:06"}
{"level":"info","message":"Redis reconnecting...","service":"trading-intercom","timestamp":"2025-12-09 11:28:06"}
{"code":"ECONNREFUSED","level":"error","message":"Redis error:","service":"trading-intercom","stack":"AggregateError [ECONNREFUSED]: \n    at internalConnectMultiple (node:net:1134:18)\n    at afterConnectMultiple (node:net:1715:7)","timestamp":"2025-12-09 11:28:08"}
{"level":"warn","message":"Redis connection closed","service":"trading-intercom","timestamp":"2025-12-09 11:28:08"}
{"level":"info","message":"Redis reconnecting...","service":"trading-intercom","timestamp":"2025-12-09 11:28:08"}
{"code":"ECONNREFUSED","level":"error","message":"Redis error:","service":"trading-intercom","stack":"AggregateError [ECONNREFUSED]: \n    at internalConnectMultiple (node:net:1134:18)\n    at afterConnectMultiple (node:net:1715:7)","timestamp":"2025-12-09 11:28:10"}
{"level":"warn","message":"Redis connection closed","service":"trading-intercom","timestamp":"2025-12-09 11:28:10"}
{"level":"info","message":"Redis reconnecting...","service":"trading-intercom","timestamp":"2025-12-09 11:28:10"}
{"code":"ECONNREFUSED","level":"error","message":"Redis error:","service":"trading-intercom","stack":"AggregateError [ECONNREFUSED]: \n    at internalConnectMultiple (node:net:1134:18)\n    at afterConnectMultiple (node:net:1715:7)","timestamp":"2025-12-09 11:28:12"}
{"level":"warn","message":"Redis connection closed","service":"trading-intercom","timestamp":"2025-12-09 11:28:12"}
{"level":"info","message":"Redis reconnecting...","service":"trading-intercom","timestamp":"2025-12-09 11:28:12"}
{"code":"ECONNREFUSED","level":"error","message":"Redis error:","service":"trading-intercom","stack":"AggregateError [ECONNREFUSED]: \n    at internalConnectMultiple (node:net:1134:18)\n    at afterConnectMultiple (node:net:1715:7)","timestamp":"2025-12-09 11:28:14"}
{"level":"warn","message":"Redis connection closed","service":"trading-intercom","timestamp":"2025-12-09 11:28:14"}
{"level":"info","message":"Redis reconnecting...","service":"trading-intercom","timestamp":"2025-12-09 11:28:14"}
{"code":"ECONNREFUSED","level":"error","message":"Redis error:","service":"trading-intercom","stack":"AggregateError [ECONNREFUSED]: \n    at internalConnectMultiple (node:net:1134:18)\n    at afterConnectMultiple (node:net:1715:7)","timestamp":"2025-12-09 11:28:17"}
{"level":"warn","message":"Redis connection closed","service":"trading-intercom","timestamp":"2025-12-09 11:28:17"}
{"level":"info","message":"Redis reconnecting...","service":"trading-intercom","timestamp":"2025-12-09 11:28:17"}
{"code":"ECONNREFUSED","level":"error","message":"Redis error:","service":"trading-intercom","stack":"AggregateError [ECONNREFUSED]: \n    at internalConnectMultiple (node:net:1134:18)\n    at afterConnectMultiple (node:net:1715:7)","timestamp":"2025-12-09 11:28:19"}
{"level":"warn","message":"Redis connection closed","service":"trading-intercom","timestamp":"2025-12-09 11:28:19"}
{"level":"info","message":"Redis reconnecting...","service":"trading-intercom","timestamp":"2025-12-09 11:28:19"}
{"code":"ECONNREFUSED","level":"error","message":"Redis error:","service":"trading-intercom","stack":"AggregateError [ECONNREFUSED]: \n    at internalConnectMultiple (node:net:1134:18)\n    at afterConnectMultiple (node:net:1715:7)","timestamp":"2025-12-09 11:28:21"}
{"level":"warn","message":"Redis connection closed","service":"trading-intercom","timestamp":"2025-12-09 11:28:21"}
{"level":"info","message":"Redis reconnecting...","service":"trading-intercom","timestamp":"2025-12-09 11:28:21"}
{"code":"ECONNREFUSED","level":"error","message":"Redis error:","service":"trading-intercom","stack":"AggregateError [ECONNREFUSED]: \n    at internalConnectMultiple (node:net:1134:18)\n    at afterConnectMultiple (node:net:1715:7)","timestamp":"2025-12-09 11:28:23"}
{"level":"warn","message":"Redis connection closed","service":"trading-intercom","timestamp":"2025-12-09 11:28:23"}
{"level":"info","message":"Redis reconnecting...","service":"trading-intercom","timestamp":"2025-12-09 11:28:23"}
{"code":"ECONNREFUSED","level":"error","message":"Redis error:","service":"trading-intercom","stack":"AggregateError [ECONNREFUSED]: \n    at internalConnectMultiple (node:net:1134:18)\n    at afterConnectMultiple (node:net:1715:7)","timestamp":"2025-12-09 11:28:25"}
{"level":"warn","message":"Redis connection closed","service":"trading-intercom","timestamp":"2025-12-09 11:28:25"}
{"level":"info","message":"Redis reconnecting...","service":"trading-intercom","timestamp":"2025-12-09 11:28:25"}
{"code":"ECONNREFUSED","level":"error","message":"Redis error:","service":"trading-intercom","stack":"AggregateError [ECONNREFUSED]: \n    at internalConnectMultiple (node:net:1134:18)\n    at afterConnectMultiple (node:net:1715:7)","timestamp":"2025-12-09 11:28:27"}
{"level":"warn","message":"Redis connection closed","service":"trading-intercom","timestamp":"2025-12-09 11:28:27"}
{"level":"info","message":"Redis reconnecting...","service":"trading-intercom","timestamp":"2025-12-09 11:28:27"}
{"code":"ECONNREFUSED","level":"error","message":"Redis error:","service":"trading-intercom","stack":"AggregateError [ECONNREFUSED]: \n    at internalConnectMultiple (node:net:1134:18)\n    at afterConnectMultiple (node:net:1715:7)","timestamp":"2025-12-09 11:28:29"}
{"level":"warn","message":"Redis connection closed","service":"trading-intercom","timestamp":"2025-12-09 11:28:29"}
{"level":"info","message":"Redis reconnecting...","service":"trading-intercom","timestamp":"2025-12-09 11:28:29"}
{"code":"ECONNREFUSED","level":"error","message":"Redis error:","service":"trading-intercom","stack":"AggregateError [ECONNREFUSED]: \n    at internalConnectMultiple (node:net:1134:18)\n    at afterConnectMultiple (node:net:1715:7)","timestamp":"2025-12-09 11:28:31"}
{"level":"warn","message":"Redis connection closed","service":"trading-intercom","timestamp":"2025-12-09 11:28:31"}
{"level":"info","message":"Redis reconnecting...","service":"trading-intercom","timestamp":"2025-12-09 11:28:31"}
{"code":"ECONNREFUSED","level":"error","message":"Redis error:","service":"trading-intercom","stack":"AggregateError [ECONNREFUSED]: \n    at internalConnectMultiple (node:net:1134:18)\n    at afterConnectMultiple (node:net:1715:7)","timestamp":"2025-12-09 11:28:33"}
{"level":"warn","message":"Redis connection closed","service":"trading-intercom","timestamp":"2025-12-09 11:28:33"}
{"level":"info","message":"Redis reconnecting...","service":"trading-intercom","timestamp":"2025-12-09 11:28:33"}
{"code":"ECONNREFUSED","level":"error","message":"Redis error:","service":"trading-intercom","stack":"AggregateError [ECONNREFUSED]: \n    at internalConnectMultiple (node:net:1134:18)\n    at afterConnectMultiple (node:net:1715:7)","timestamp":"2025-12-09 11:28:35"}
{"level":"warn","message":"Redis connection closed","service":"trading-intercom","timestamp":"2025-12-09 11:28:35"}
{"level":"info","message":"Redis reconnecting...","service":"trading-intercom","timestamp":"2025-12-09 11:28:35"}
{"code":"ECONNREFUSED","level":"error","message":"Redis error:","service":"trading-intercom","stack":"AggregateError [ECONNREFUSED]: \n    at internalConnectMultiple (node:net:1134:18)\n    at afterConnectMultiple (node:net:1715:7)","timestamp":"2025-12-09 11:28:37"}
{"level":"warn","message":"Redis connection closed","service":"trading-intercom","timestamp":"2025-12-09 11:28:37"}
{"level":"info","message":"Redis reconnecting...","service":"trading-intercom","timestamp":"2025-12-09 11:28:37"}
{"code":"ECONNREFUSED","level":"error","message":"Redis error:","service":"trading-intercom","stack":"AggregateError [ECONNREFUSED]: \n    at internalConnectMultiple (node:net:1134:18)\n    at afterConnectMultiple (node:net:1715:7)","timestamp":"2025-12-09 11:28:39"}
{"level":"warn","message":"Redis connection closed","service":"trading-intercom","timestamp":"2025-12-09 11:28:41"}
{"level":"info","message":"Redis reconnecting...","service":"trading-intercom","timestamp":"2025-12-09 11:28:41"}
{"code":"ECONNREFUSED","level":"error","message":"Redis error:","service":"trading-intercom","stack":"AggregateError [ECONNREFUSED]: \n    at internalConnectMultiple (node:net:1134:18)\n    at afterConnectMultiple (node:net:1715:7)","timestamp":"2025-12-09 11:28:43"}
{"level":"warn","message":"Redis connection closed","service":"trading-intercom","timestamp":"2025-12-09 11:28:43"}
{"level":"info","message":"Redis reconnecting...","service":"trading-intercom","timestamp":"2025-12-09 11:28:43"}
{"code":"ECONNREFUSED","level":"error","message":"Redis error:","service":"trading-intercom","stack":"AggregateError [ECONNREFUSED]: \n    at internalConnectMultiple (node:net:1134:18)\n    at afterConnectMultiple (node:net:1715:7)","timestamp":"2025-12-09 11:28:45"}
{"level":"warn","message":"Redis connection closed","service":"trading-intercom","timestamp":"2025-12-09 11:28:45"}
{"level":"info","message":"Redis reconnecting...","service":"trading-intercom","timestamp":"2025-12-09 11:28:45"}
{"code":"ECONNREFUSED","level":"error","message":"Redis error:","service":"trading-intercom","stack":"AggregateError [ECONNREFUSED]: \n    at internalConnectMultiple (node:net:1134:18)\n    at afterConnectMultiple (node:net:1715:7)","timestamp":"2025-12-09 11:28:47"}
{"level":"warn","message":"Redis connection closed","service":"trading-intercom","timestamp":"2025-12-09 11:28:47"}
{"level":"info","message":"Redis reconnecting...","service":"trading-intercom","timestamp":"2025-12-09 11:28:47"}
{"code":"ECONNREFUSED","level":"error","message":"Redis error:","service":"trading-intercom","stack":"AggregateError [ECONNREFUSED]: \n    at internalConnectMultiple (node:net:1134:18)\n    at afterConnectMultiple (node:net:1715:7)","timestamp":"2025-12-09 11:28:49"}
{"level":"warn","message":"Redis connection closed","service":"trading-intercom","timestamp":"2025-12-09 11:28:49"}
{"level":"info","message":"Redis reconnecting...","service":"trading-intercom","timestamp":"2025-12-09 11:28:49"}
{"code":"ECONNREFUSED","level":"error","message":"Redis error:","service":"trading-intercom","stack":"AggregateError [ECONNREFUSED]: \n    at internalConnectMultiple (node:net:1134:18)\n    at afterConnectMultiple (node:net:1715:7)","timestamp":"2025-12-09 11:28:51"}
{"level":"warn","message":"Redis connection closed","service":"trading-intercom","timestamp":"2025-12-09 11:28:51"}
{"level":"info","message":"Redis reconnecting...","service":"trading-intercom","timestamp":"2025-12-09 11:28:51"}
{"code":"ECONNREFUSED","level":"error","message":"Redis error:","service":"trading-intercom","stack":"AggregateError [ECONNREFUSED]: \n    at internalConnectMultiple (node:net:1134:18)\n    at afterConnectMultiple (node:net:1715:7)","timestamp":"2025-12-09 11:28:53"}
{"level":"warn","message":"Redis connection closed","service":"trading-intercom","timestamp":"2025-12-09 11:28:53"}
{"level":"info","message":"Redis reconnecting...","service":"trading-intercom","timestamp":"2025-12-09 11:28:53"}
{"code":"ECONNREFUSED","level":"error","message":"Redis error:","service":"trading-intercom","stack":"AggregateError [ECONNREFUSED]: \n    at internalConnectMultiple (node:net:1134:18)\n    at afterConnectMultiple (node:net:1715:7)","timestamp":"2025-12-09 11:28:55"}
{"level":"warn","message":"Redis connection closed","service":"trading-intercom","timestamp":"2025-12-09 11:28:55"}
{"level":"info","message":"Redis reconnecting...","service":"trading-intercom","timestamp":"2025-12-09 11:28:55"}
{"code":"ECONNREFUSED","level":"error","message":"Redis error:","service":"trading-intercom","stack":"AggregateError [ECONNREFUSED]: \n    at internalConnectMultiple (node:net:1134:18)\n    at afterConnectMultiple (node:net:1715:7)","timestamp":"2025-12-09 11:28:57"}
{"level":"warn","message":"Redis connection closed","service":"trading-intercom","timestamp":"2025-12-09 11:28:57"}
{"level":"info","message":"Redis reconnecting...","service":"trading-intercom","timestamp":"2025-12-09 11:28:57"}
{"code":"ECONNREFUSED","level":"error","message":"Redis error:","service":"trading-intercom","stack":"AggregateError [ECONNREFUSED]: \n    at internalConnectMultiple (node:net:1134:18)\n    at afterConnectMultiple (node:net:1715:7)","timestamp":"2025-12-09 11:28:59"}
{"level":"warn","message":"Redis connection closed","service":"trading-intercom","timestamp":"2025-12-09 11:28:59"}
{"level":"info","message":"Redis reconnecting...","service":"trading-intercom","timestamp":"2025-12-09 11:28:59"}
{"code":"ECONNREFUSED","level":"error","message":"Redis error:","service":"trading-intercom","stack":"AggregateError [ECONNREFUSED]: \n    at internalConnectMultiple (node:net:1134:18)\n    at afterConnectMultiple (node:net:1715:7)","timestamp":"2025-12-09 11:29:01"}
{"level":"warn","message":"Redis connection closed","service":"trading-intercom","timestamp":"2025-12-09 11:29:01"}
{"level":"info","message":"Redis reconnecting...","service":"trading-intercom","timestamp":"2025-12-09 11:29:01"}
{"code":"ECONNREFUSED","level":"error","message":"Redis error:","service":"trading-intercom","stack":"AggregateError [ECONNREFUSED]: \n    at internalConnectMultiple (node:net:1134:18)\n    at afterConnectMultiple (node:net:1715:7)","timestamp":"2025-12-09 11:29:03"}
{"level":"warn","message":"Redis connection closed","service":"trading-intercom","timestamp":"2025-12-09 11:29:03"}
{"level":"info","message":"Redis reconnecting...","service":"trading-intercom","timestamp":"2025-12-09 11:29:03"}
{"code":"ECONNREFUSED","level":"error","message":"Redis error:","service":"trading-intercom","stack":"AggregateError [ECONNREFUSED]: \n    at internalConnectMultiple (node:net:1134:18)\n    at afterConnectMultiple (node:net:1715:7)","timestamp":"2025-12-09 11:29:05"}
{"level":"warn","message":"Redis connection closed","service":"trading-intercom","timestamp":"2025-12-09 11:29:05"}
{"level":"info","message":"Redis reconnecting...","service":"trading-intercom","timestamp":"2025-12-09 11:29:05"}
{"code":"ECONNREFUSED","level":"error","message":"Redis error:","service":"trading-intercom","stack":"AggregateError [ECONNREFUSED]: \n    at internalConnectMultiple (node:net:1134:18)\n    at afterConnectMultiple (node:net:1715:7)","timestamp":"2025-12-09 11:29:07"}
{"level":"warn","message":"Redis connection closed","service":"trading-intercom","timestamp":"2025-12-09 11:29:07"}
{"level":"info","message":"Redis reconnecting...","service":"trading-intercom","timestamp":"2025-12-09 11:29:07"}
{"code":"ECONNREFUSED","level":"error","message":"Redis error:","service":"trading-intercom","stack":"AggregateError [ECONNREFUSED]: \n    at internalConnectMultiple (node:net:1134:18)\n    at afterConnectMultiple (node:net:1715:7)","timestamp":"2025-12-09 11:29:09"}
{"level":"warn","message":"Redis connection closed","service":"trading-intercom","timestamp":"2025-12-09 11:29:09"}
{"level":"info","message":"Redis reconnecting...","service":"trading-intercom","timestamp":"2025-12-09 11:29:09"}
{"code":"ECONNREFUSED","level":"error","message":"Redis error:","service":"trading-intercom","stack":"AggregateError [ECONNREFUSED]: \n    at internalConnectMultiple (node:net:1134:18)\n    at afterConnectMultiple (node:net:1715:7)","timestamp":"2025-12-09 11:29:11"}
{"level":"warn","message":"Redis connection closed","service":"trading-intercom","timestamp":"2025-12-09 11:29:11"}
{"level":"info","message":"Redis reconnecting...","service":"trading-intercom","timestamp":"2025-12-09 11:29:11"}
{"code":"ECONNREFUSED","level":"error","message":"Redis error:","service":"trading-intercom","stack":"AggregateError [ECONNREFUSED]: \n    at internalConnectMultiple (node:net:1134:18)\n    at afterConnectMultiple (node:net:1715:7)","timestamp":"2025-12-09 11:29:13"}
{"level":"warn","message":"Redis connection closed","service":"trading-intercom","timestamp":"2025-12-09 11:29:13"}
{"level":"info","message":"Redis reconnecting...","service":"trading-intercom","timestamp":"2025-12-09 11:29:13"}
{"code":"ECONNREFUSED","level":"error","message":"Redis error:","service":"trading-intercom","stack":"AggregateError [ECONNREFUSED]: \n    at internalConnectMultiple (node:net:1134:18)\n    at afterConnectMultiple (node:net:1715:7)","timestamp":"2025-12-09 11:29:15"}
{"level":"warn","message":"Redis connection closed","service":"trading-intercom","timestamp":"2025-12-09 11:29:15"}
{"level":"info","message":"Redis reconnecting...","service":"trading-intercom","timestamp":"2025-12-09 11:29:15"}
{"code":"ECONNREFUSED","level":"error","message":"Redis error:","service":"trading-intercom","stack":"AggregateError [ECONNREFUSED]: \n    at internalConnectMultiple (node:net:1134:18)\n    at afterConnectMultiple (node:net:1715:7)","timestamp":"2025-12-09 11:29:17"}
{"level":"warn","message":"Redis connection closed","service":"trading-intercom","timestamp":"2025-12-09 11:29:17"}
{"level":"info","message":"Redis reconnecting...","service":"trading-intercom","timestamp":"2025-12-09 11:29:17"}
{"code":"ECONNREFUSED","level":"error","message":"Redis error:","service":"trading-intercom","stack":"AggregateError [ECONNREFUSED]: \n    at internalConnectMultiple (node:net:1134:18)\n    at afterConnectMultiple (node:net:1715:7)","timestamp":"2025-12-09 11:29:19"}
{"level":"warn","message":"Redis connection closed","service":"trading-intercom","timestamp":"2025-12-09 11:29:19"}
{"level":"info","message":"Redis reconnecting...","service":"trading-intercom","timestamp":"2025-12-09 11:29:19"}
{"code":"ECONNREFUSED","level":"error","message":"Redis error:","service":"trading-intercom","stack":"AggregateError [ECONNREFUSED]: \n    at internalConnectMultiple (node:net:1134:18)\n    at afterConnectMultiple (node:net:1715:7)","timestamp":"2025-12-09 11:29:21"}
{"level":"warn","message":"Redis connection closed","service":"trading-intercom","timestamp":"2025-12-09 11:29:21"}
{"level":"info","message":"Redis reconnecting...","service":"trading-intercom","timestamp":"2025-12-09 11:29:21"}
{"code":"ECONNREFUSED","level":"error","message":"Redis error:","service":"trading-intercom","stack":"AggregateError [ECONNREFUSED]: \n    at internalConnectMultiple (node:net:1134:18)\n    at afterConnectMultiple (node:net:1715:7)","timestamp":"2025-12-09 11:29:23"}
{"level":"warn","message":"Redis connection closed","service":"trading-intercom","timestamp":"2025-12-09 11:29:23"}
{"level":"info","message":"Redis reconnecting...","service":"trading-intercom","timestamp":"2025-12-09 11:29:23"}
{"code":"ECONNREFUSED","level":"error","message":"Redis error:","service":"trading-intercom","stack":"AggregateError [ECONNREFUSED]: \n    at internalConnectMultiple (node:net:1134:18)\n    at afterConnectMultiple (node:net:1715:7)","timestamp":"2025-12-09 11:29:25"}
{"level":"warn","message":"Redis connection closed","service":"trading-intercom","timestamp":"2025-12-09 11:29:25"}
{"level":"info","message":"Redis reconnecting...","service":"trading-intercom","timestamp":"2025-12-09 11:29:25"}
{"code":"ECONNREFUSED","level":"error","message":"Redis error:","service":"trading-intercom","stack":"AggregateError [ECONNREFUSED]: \n    at internalConnectMultiple (node:net:1134:18)\n    at afterConnectMultiple (node:net:1715:7)","timestamp":"2025-12-09 11:29:27"}
{"level":"warn","message":"Redis connection closed","service":"trading-intercom","timestamp":"2025-12-09 11:29:27"}
{"level":"info","message":"Redis reconnecting...","service":"trading-intercom","timestamp":"2025-12-09 11:29:27"}
{"code":"ECONNREFUSED","level":"error","message":"Redis error:","service":"trading-intercom","stack":"AggregateError [ECONNREFUSED]: \n    at internalConnectMultiple (node:net:1134:18)\n    at afterConnectMultiple (node:net:1715:7)","timestamp":"2025-12-09 11:29:29"}
{"level":"warn","message":"Redis connection closed","service":"trading-intercom","timestamp":"2025-12-09 11:29:29"}
{"level":"info","message":"Redis reconnecting...","service":"trading-intercom","timestamp":"2025-12-09 11:29:29"}
{"code":"ECONNREFUSED","level":"error","message":"Redis error:","service":"trading-intercom","stack":"AggregateError [ECONNREFUSED]: \n    at internalConnectMultiple (node:net:1134:18)\n    at afterConnectMultiple (node:net:1715:7)","timestamp":"2025-12-09 11:29:31"}
{"level":"warn","message":"Redis connection closed","service":"trading-intercom","timestamp":"2025-12-09 11:29:31"}
{"level":"info","message":"Redis reconnecting...","service":"trading-intercom","timestamp":"2025-12-09 11:29:31"}
{"code":"ECONNREFUSED","level":"error","message":"Redis error:","service":"trading-intercom","stack":"AggregateError [ECONNREFUSED]: \n    at internalConnectMultiple (node:net:1134:18)\n    at afterConnectMultiple (node:net:1715:7)","timestamp":"2025-12-09 11:29:33"}
{"level":"warn","message":"Redis connection closed","service":"trading-intercom","timestamp":"2025-12-09 11:29:33"}
{"level":"info","message":"Redis reconnecting...","service":"trading-intercom","timestamp":"2025-12-09 11:29:33"}
{"code":"ECONNREFUSED","level":"error","message":"Redis error:","service":"trading-intercom","stack":"AggregateError [ECONNREFUSED]: \n    at internalConnectMultiple (node:net:1134:18)\n    at afterConnectMultiple (node:net:1715:7)","timestamp":"2025-12-09 11:29:35"}
{"level":"warn","message":"Redis connection closed","service":"trading-intercom","timestamp":"2025-12-09 11:29:35"}
{"level":"info","message":"Redis reconnecting...","service":"trading-intercom","timestamp":"2025-12-09 11:29:35"}
{"code":"ECONNREFUSED","level":"error","message":"Redis error:","service":"trading-intercom","stack":"AggregateError [ECONNREFUSED]: \n    at internalConnectMultiple (node:net:1134:18)\n    at afterConnectMultiple (node:net:1715:7)","timestamp":"2025-12-09 11:29:37"}
{"level":"warn","message":"Redis connection closed","service":"trading-intercom","timestamp":"2025-12-09 11:29:37"}
{"level":"info","message":"Redis reconnecting...","service":"trading-intercom","timestamp":"2025-12-09 11:29:37"}
{"code":"ECONNREFUSED","level":"error","message":"Redis error:","service":"trading-intercom","stack":"AggregateError [ECONNREFUSED]: \n    at internalConnectMultiple (node:net:1134:18)\n    at afterConnectMultiple (node:net:1715:7)","timestamp":"2025-12-09 11:29:39"}
{"level":"warn","message":"Redis connection closed","service":"trading-intercom","timestamp":"2025-12-09 11:29:39"}
{"level":"info","message":"Redis reconnecting...","service":"trading-intercom","timestamp":"2025-12-09 11:29:39"}
{"code":"ECONNREFUSED","level":"error","message":"Redis error:","service":"trading-intercom","stack":"AggregateError [ECONNREFUSED]: \n    at internalConnectMultiple (node:net:1134:18)\n    at afterConnectMultiple (node:net:1715:7)","timestamp":"2025-12-09 11:29:41"}
{"level":"warn","message":"Redis connection closed","service":"trading-intercom","timestamp":"2025-12-09 11:29:41"}
{"level":"info","message":"Redis reconnecting...","service":"trading-intercom","timestamp":"2025-12-09 11:29:41"}
{"code":"ECONNREFUSED","level":"error","message":"Redis error:","service":"trading-intercom","stack":"AggregateError [ECONNREFUSED]: \n    at internalConnectMultiple (node:net:1134:18)\n    at afterConnectMultiple (node:net:1715:7)","timestamp":"2025-12-09 11:29:43"}
{"level":"warn","message":"Redis connection closed","service":"trading-intercom","timestamp":"2025-12-09 11:29:43"}
{"level":"info","message":"Redis reconnecting...","service":"trading-intercom","timestamp":"2025-12-09 11:29:43"}
{"level":"warn","message":"Matrix integration is disabled","service":"trading-intercom","timestamp":"2025-12-09 11:30:07"}
{"level":"warn","message":"Active Directory integration is disabled","service":"trading-intercom","timestamp":"2025-12-09 11:30:21"}
{"level":"warn","message":"Encryption service is disabled","service":"trading-intercom","timestamp":"2025-12-09 11:30:22"}
{"level":"warn","message":"Encryption service is disabled","service":"trading-intercom","timestamp":"2025-12-09 11:30:22"}
{"level":"warn","message":"Compliance service is disabled","service":"trading-intercom","timestamp":"2025-12-09 11:30:22"}
{"level":"warn","message":"Compliance service is disabled","service":"trading-intercom","timestamp":"2025-12-09 11:30:22"}
{"level":"warn","message":"Federation service is disabled","service":"trading-intercom","timestamp":"2025-12-09 11:30:22"}
{"level":"warn","message":"Federation service is disabled","service":"trading-intercom","timestamp":"2025-12-09 11:30:22"}
{"level":"info","message":"Starting HTTPS server using cert: C:\\Projects\\intercom\\dev-cert.pem","service":"trading-intercom","timestamp":"2025-12-09 11:30:22"}
{"level":"info","message":"Initializing Trading Intercom Server...","service":"trading-intercom","timestamp":"2025-12-09 11:30:22"}
{"level":"info","message":"Recording directory initialized: C:\\Projects\\intercom\\recordings","service":"trading-intercom","timestamp":"2025-12-09 11:30:22"}
{"level":"info","message":"Loading 32 recordings from disk...","service":"trading-intercom","timestamp":"2025-12-09 11:30:22"}
{"level":"info","message":"Loaded 20 recordings from disk","service":"trading-intercom","timestamp":"2025-12-09 11:30:22"}
{"level":"info","message":"Postgres database ready","service":"trading-intercom","timestamp":"2025-12-09 11:30:22"}
{"level":"info","message":"Loaded 4 existing groups from database","service":"trading-intercom","timestamp":"2025-12-09 11:30:22"}
{"level":"warn","message":"Redis is disabled","service":"trading-intercom","timestamp":"2025-12-09 11:30:22"}
{"level":"info","message":"Redis service initialized","service":"trading-intercom","timestamp":"2025-12-09 11:30:22"}
{"level":"info","message":"Session manager initialized","service":"trading-intercom","timestamp":"2025-12-09 11:30:22"}
{"level":"info","message":"Using port configuration from environment/default: 10000-10200","service":"trading-intercom","timestamp":"2025-12-09 11:30:22"}
{"announcedIp":null,"level":"info","listenIp":"0.0.0.0","message":"Initializing MediaSoup SFU...","numWorkers":4,"rtcPorts":"10000-10200","service":"trading-intercom","timestamp":"2025-12-09 11:30:22"}
{"level":"info","message":"MediaSoup worker 1 created","service":"trading-intercom","timestamp":"2025-12-09 11:30:23"}
{"level":"info","message":"MediaSoup worker 2 created","service":"trading-intercom","timestamp":"2025-12-09 11:30:23"}
{"level":"info","message":"MediaSoup worker 3 created","service":"trading-intercom","timestamp":"2025-12-09 11:30:23"}
{"level":"info","message":"MediaSoup worker 4 created","service":"trading-intercom","timestamp":"2025-12-09 11:30:23"}
{"level":"info","message":"MediaSoup SFU initialized successfully","rtcPorts":"10000-10200","service":"trading-intercom","timestamp":"2025-12-09 11:30:23","workers":4}
{"audioProcessing":{"autoGainControl":false,"echoCancellation":false,"noiseReduction":false,"voiceActivityDetection":false},"config":{"adaptiveBitrate":false,"audioLevelThreshold":-50,"bandwidthLimit":64000,"maxConcurrentSpeakers":3,"silenceTimeout":2000},"level":"info","message":"Audio routing service initialized","service":"trading-intercom","timestamp":"2025-12-09 11:30:23"}
{"level":"warn","message":"Matrix integration is disabled","service":"trading-intercom","timestamp":"2025-12-09 11:30:23"}
{"level":"warn","message":"Matrix AppService is disabled","service":"trading-intercom","timestamp":"2025-12-09 11:30:23"}
{"level":"warn","message":"Matrix user sync disabled - Matrix service not enabled","service":"trading-intercom","timestamp":"2025-12-09 11:30:23"}
{"level":"info","message":"SIP Gateway disabled","service":"trading-intercom","timestamp":"2025-12-09 11:30:23"}
{"level":"info","message":"Zoom integration disabled","service":"trading-intercom","timestamp":"2025-12-09 11:30:23"}
{"level":"info","message":"Zoom service initialized","service":"trading-intercom","timestamp":"2025-12-09 11:30:23"}
{"level":"info","message":"Zoom-Matrix bridge service initialized","service":"trading-intercom","timestamp":"2025-12-09 11:30:23"}
{"level":"info","message":"Microsoft Teams integration disabled","service":"trading-intercom","timestamp":"2025-12-09 11:30:23"}
{"level":"info","message":"Teams service initialized","service":"trading-intercom","timestamp":"2025-12-09 11:30:23"}
{"level":"info","message":"Teams-Matrix bridge service initialized","service":"trading-intercom","timestamp":"2025-12-09 11:30:23"}
{"level":"info","message":"WebSocket monitoring enabled - Max connections: 1000","service":"trading-intercom","timestamp":"2025-12-09 11:30:23"}
{"level":"info","message":"Matrix service Socket.IO instance set","service":"trading-intercom","timestamp":"2025-12-09 11:30:23"}
{"level":"info","message":"Matrix service Socket.IO instance configured for real-time updates","service":"trading-intercom","timestamp":"2025-12-09 11:30:23"}
{"level":"info","message":"Scheduled room archiving will run daily at 2 AM (first run in 870 minutes)","service":"trading-intercom","timestamp":"2025-12-09 11:30:23"}
{"level":"info","message":"Audio recording service initialized","service":"trading-intercom","timestamp":"2025-12-09 11:30:23"}
{"level":"info","message":"Server role using fallback: publisher","service":"trading-intercom","timestamp":"2025-12-09 11:30:23"}
{"level":"info","message":"Server initialized as: PUBLISHER","service":"trading-intercom","timestamp":"2025-12-09 11:30:23"}
{"level":"info","message":"Publisher subscriber service initialized on port 3002 (path: /subscriber)","service":"trading-intercom","timestamp":"2025-12-09 11:30:23"}
{"level":"info","message":"Retention policy service initialized (check interval: 24 hours)","service":"trading-intercom","timestamp":"2025-12-09 11:30:23"}
{"level":"info","message":"Retention policy scheduler started (interval: 24 hours)","service":"trading-intercom","timestamp":"2025-12-09 11:30:23"}
{"level":"info","message":"Retention policy service initialized","service":"trading-intercom","timestamp":"2025-12-09 11:30:23"}
{"level":"info","message":"Server initialization completed successfully","service":"trading-intercom","timestamp":"2025-12-09 11:30:23"}
{"level":"info","message":"Trading Intercom Server running on port 5000","service":"trading-intercom","timestamp":"2025-12-09 11:30:23"}
{"level":"info","message":"Environment: development","service":"trading-intercom","timestamp":"2025-12-09 11:30:23"}
{"level":"info","message":"Matrix Server: Not configured","service":"trading-intercom","timestamp":"2025-12-09 11:30:23"}
{"level":"info","message":"SIP Gateway: Disabled","service":"trading-intercom","timestamp":"2025-12-09 11:30:23"}
{"level":"info","message":"Synced 4 users to local storage","service":"trading-intercom","timestamp":"2025-12-09 11:30:23"}
{"level":"info","message":"Starting retention policy check...","service":"trading-intercom","timestamp":"2025-12-09 11:31:23"}
{"level":"info","message":"Processing voice recordings for retention...","service":"trading-intercom","timestamp":"2025-12-09 11:31:23"}
{"level":"info","message":"Voice recordings processed: 0 deleted, 0 protected by legal hold","service":"trading-intercom","timestamp":"2025-12-09 11:31:23"}
{"level":"info","message":"Processing messaging data for retention...","service":"trading-intercom","timestamp":"2025-12-09 11:31:23"}
{"level":"info","message":"Messaging data processed: 0 rooms archived, 0 protected by legal hold","service":"trading-intercom","timestamp":"2025-12-09 11:31:23"}
{"level":"info","message":"Processing other data for retention...","service":"trading-intercom","timestamp":"2025-12-09 11:31:23"}
{"level":"info","message":"Other data retention processing completed","service":"trading-intercom","timestamp":"2025-12-09 11:31:23"}
{"level":"info","message":"Retention policy check completed. Stats: {\"totalChecks\":1,\"recordingsDeleted\":0,\"messagesDeleted\":0,\"dataDeleted\":0,\"legalHoldProtected\":0,\"errors\":0}","service":"trading-intercom","timestamp":"2025-12-09 11:31:23"}
