{"code":"ECONNREFUSED","level":"error","message":"Redis error:","service":"trading-intercom","stack":"AggregateError [ECONNREFUSED]: \n    at internalConnectMultiple (node:net:1134:18)\n    at afterConnectMultiple (node:net:1715:7)","timestamp":"2025-11-18 20:59:48"}
{"level":"error","message":"Failed to initialize Redis single instance: Connection is closed.","service":"trading-intercom","stack":"Error: Connection is closed.\n    at EventEmitter.connectionCloseHandler (C:\\Projects\\intercom\\node_modules\\ioredis\\built\\Redis.js:208:28)\n    at Object.onceWrapper (node:events:623:26)\n    at EventEmitter.emit (node:events:520:35)\n    at process.processTicksAndRejections (node:internal/process/task_queues:84:11)","timestamp":"2025-11-18 20:59:48"}
{"level":"error","message":"Failed to initialize Redis: Connection is closed.","service":"trading-intercom","stack":"Error: Connection is closed.\n    at EventEmitter.connectionCloseHandler (C:\\Projects\\intercom\\node_modules\\ioredis\\built\\Redis.js:208:28)\n    at Object.onceWrapper (node:events:623:26)\n    at EventEmitter.emit (node:events:520:35)\n    at process.processTicksAndRejections (node:internal/process/task_queues:84:11)","timestamp":"2025-11-18 20:59:48"}
{"level":"error","message":"Failed to initialize Redis service: Connection is closed.","service":"trading-intercom","stack":"Error: Connection is closed.\n    at EventEmitter.connectionCloseHandler (C:\\Projects\\intercom\\node_modules\\ioredis\\built\\Redis.js:208:28)\n    at Object.onceWrapper (node:events:623:26)\n    at EventEmitter.emit (node:events:520:35)\n    at process.processTicksAndRejections (node:internal/process/task_queues:84:11)","timestamp":"2025-11-18 20:59:49"}
{"code":"ECONNREFUSED","level":"error","message":"Redis error:","service":"trading-intercom","stack":"AggregateError [ECONNREFUSED]: \n    at internalConnectMultiple (node:net:1134:18)\n    at afterConnectMultiple (node:net:1715:7)","timestamp":"2025-11-18 20:59:49"}
{"code":"ECONNREFUSED","level":"error","message":"Redis error:","service":"trading-intercom","stack":"AggregateError [ECONNREFUSED]: \n    at internalConnectMultiple (node:net:1134:18)\n    at afterConnectMultiple (node:net:1715:7)","timestamp":"2025-11-18 20:59:50"}
{"code":"ECONNREFUSED","level":"error","message":"Redis error:","service":"trading-intercom","stack":"AggregateError [ECONNREFUSED]: \n    at internalConnectMultiple (node:net:1134:18)\n    at afterConnectMultiple (node:net:1715:7)","timestamp":"2025-11-18 20:59:50"}
{"code":"ECONNREFUSED","level":"error","message":"Redis error:","service":"trading-intercom","stack":"AggregateError [ECONNREFUSED]: \n    at internalConnectMultiple (node:net:1134:18)\n    at afterConnectMultiple (node:net:1715:7)","timestamp":"2025-11-18 20:59:51"}
{"code":"ECONNREFUSED","level":"error","message":"Redis error:","service":"trading-intercom","stack":"AggregateError [ECONNREFUSED]: \n    at internalConnectMultiple (node:net:1134:18)\n    at afterConnectMultiple (node:net:1715:7)","timestamp":"2025-11-18 20:59:51"}
{"code":"ECONNREFUSED","level":"error","message":"Redis error:","service":"trading-intercom","stack":"AggregateError [ECONNREFUSED]: \n    at internalConnectMultiple (node:net:1134:18)\n    at afterConnectMultiple (node:net:1715:7)","timestamp":"2025-11-18 20:59:51"}
{"code":"ECONNREFUSED","level":"error","message":"Redis error:","service":"trading-intercom","stack":"AggregateError [ECONNREFUSED]: \n    at internalConnectMultiple (node:net:1134:18)\n    at afterConnectMultiple (node:net:1715:7)","timestamp":"2025-11-18 20:59:52"}
{"code":"ECONNREFUSED","level":"error","message":"Redis error:","service":"trading-intercom","stack":"AggregateError [ECONNREFUSED]: \n    at internalConnectMultiple (node:net:1134:18)\n    at afterConnectMultiple (node:net:1715:7)","timestamp":"2025-11-18 20:59:56"}
{"code":"ECONNREFUSED","level":"error","message":"Redis error:","service":"trading-intercom","stack":"AggregateError [ECONNREFUSED]: \n    at internalConnectMultiple (node:net:1134:18)\n    at afterConnectMultiple (node:net:1715:7)","timestamp":"2025-11-18 20:59:57"}
{"code":"ECONNREFUSED","level":"error","message":"Redis error:","service":"trading-intercom","stack":"AggregateError [ECONNREFUSED]: \n    at internalConnectMultiple (node:net:1134:18)\n    at afterConnectMultiple (node:net:1715:7)","timestamp":"2025-11-18 20:59:57"}
{"code":"ECONNREFUSED","level":"error","message":"Redis error:","service":"trading-intercom","stack":"AggregateError [ECONNREFUSED]: \n    at internalConnectMultiple (node:net:1134:18)\n    at afterConnectMultiple (node:net:1715:7)","timestamp":"2025-11-18 21:00:00"}
{"code":"ECONNREFUSED","level":"error","message":"Redis error:","service":"trading-intercom","stack":"AggregateError [ECONNREFUSED]: \n    at internalConnectMultiple (node:net:1134:18)\n    at afterConnectMultiple (node:net:1715:7)","timestamp":"2025-11-18 21:00:00"}
{"code":"ECONNREFUSED","level":"error","message":"Redis error:","service":"trading-intercom","stack":"AggregateError [ECONNREFUSED]: \n    at internalConnectMultiple (node:net:1134:18)\n    at afterConnectMultiple (node:net:1715:7)","timestamp":"2025-11-18 21:00:01"}
{"code":"ECONNREFUSED","level":"error","message":"Redis error:","service":"trading-intercom","stack":"AggregateError [ECONNREFUSED]: \n    at internalConnectMultiple (node:net:1134:18)\n    at afterConnectMultiple (node:net:1715:7)","timestamp":"2025-11-18 21:00:02"}
{"code":"ECONNREFUSED","level":"error","message":"Redis error:","service":"trading-intercom","stack":"AggregateError [ECONNREFUSED]: \n    at internalConnectMultiple (node:net:1134:18)\n    at afterConnectMultiple (node:net:1715:7)","timestamp":"2025-11-18 21:00:03"}
{"code":"ECONNREFUSED","level":"error","message":"Redis error:","service":"trading-intercom","stack":"AggregateError [ECONNREFUSED]: \n    at internalConnectMultiple (node:net:1134:18)\n    at afterConnectMultiple (node:net:1715:7)","timestamp":"2025-11-18 21:00:04"}
{"code":"ECONNREFUSED","level":"error","message":"Redis error:","service":"trading-intercom","stack":"AggregateError [ECONNREFUSED]: \n    at internalConnectMultiple (node:net:1134:18)\n    at afterConnectMultiple (node:net:1715:7)","timestamp":"2025-11-18 21:00:05"}
{"code":"ECONNREFUSED","level":"error","message":"Redis error:","service":"trading-intercom","stack":"AggregateError [ECONNREFUSED]: \n    at internalConnectMultiple (node:net:1134:18)\n    at afterConnectMultiple (node:net:1715:7)","timestamp":"2025-11-18 21:00:06"}
{"code":"ECONNREFUSED","level":"error","message":"Redis error:","service":"trading-intercom","stack":"AggregateError [ECONNREFUSED]: \n    at internalConnectMultiple (node:net:1134:18)\n    at afterConnectMultiple (node:net:1715:7)","timestamp":"2025-11-18 21:00:07"}
{"code":"ECONNREFUSED","level":"error","message":"Redis error:","service":"trading-intercom","stack":"AggregateError [ECONNREFUSED]: \n    at internalConnectMultiple (node:net:1134:18)\n    at afterConnectMultiple (node:net:1715:7)","timestamp":"2025-11-18 21:00:08"}
{"code":"ECONNREFUSED","level":"error","message":"Redis error:","service":"trading-intercom","stack":"AggregateError [ECONNREFUSED]: \n    at internalConnectMultiple (node:net:1134:18)\n    at afterConnectMultiple (node:net:1715:7)","timestamp":"2025-11-18 21:00:09"}
{"code":"ECONNREFUSED","level":"error","message":"Redis error:","service":"trading-intercom","stack":"AggregateError [ECONNREFUSED]: \n    at internalConnectMultiple (node:net:1134:18)\n    at afterConnectMultiple (node:net:1715:7)","timestamp":"2025-11-18 21:00:10"}
{"code":"ECONNREFUSED","level":"error","message":"Redis error:","service":"trading-intercom","stack":"AggregateError [ECONNREFUSED]: \n    at internalConnectMultiple (node:net:1134:18)\n    at afterConnectMultiple (node:net:1715:7)","timestamp":"2025-11-18 21:00:11"}
{"code":"ECONNREFUSED","level":"error","message":"Redis error:","service":"trading-intercom","stack":"AggregateError [ECONNREFUSED]: \n    at internalConnectMultiple (node:net:1134:18)\n    at afterConnectMultiple (node:net:1715:7)","timestamp":"2025-11-18 21:00:13"}
{"code":"ECONNREFUSED","level":"error","message":"Redis error:","service":"trading-intercom","stack":"AggregateError [ECONNREFUSED]: \n    at internalConnectMultiple (node:net:1134:18)\n    at afterConnectMultiple (node:net:1715:7)","timestamp":"2025-11-18 21:00:14"}
{"code":"ECONNREFUSED","level":"error","message":"Redis error:","service":"trading-intercom","stack":"AggregateError [ECONNREFUSED]: \n    at internalConnectMultiple (node:net:1134:18)\n    at afterConnectMultiple (node:net:1715:7)","timestamp":"2025-11-18 21:00:15"}
{"code":"ECONNREFUSED","level":"error","message":"Redis error:","service":"trading-intercom","stack":"AggregateError [ECONNREFUSED]: \n    at internalConnectMultiple (node:net:1134:18)\n    at afterConnectMultiple (node:net:1715:7)","timestamp":"2025-11-18 21:00:17"}
{"code":"ECONNREFUSED","level":"error","message":"Redis error:","service":"trading-intercom","stack":"AggregateError [ECONNREFUSED]: \n    at internalConnectMultiple (node:net:1134:18)\n    at afterConnectMultiple (node:net:1715:7)","timestamp":"2025-11-18 21:00:18"}
{"code":"ECONNREFUSED","level":"error","message":"Redis error:","service":"trading-intercom","stack":"AggregateError [ECONNREFUSED]: \n    at internalConnectMultiple (node:net:1134:18)\n    at afterConnectMultiple (node:net:1715:7)","timestamp":"2025-11-18 21:00:20"}
{"code":"ECONNREFUSED","level":"error","message":"Redis error:","service":"trading-intercom","stack":"AggregateError [ECONNREFUSED]: \n    at internalConnectMultiple (node:net:1134:18)\n    at afterConnectMultiple (node:net:1715:7)","timestamp":"2025-11-18 21:00:22"}
{"code":"ECONNREFUSED","level":"error","message":"Redis error:","service":"trading-intercom","stack":"AggregateError [ECONNREFUSED]: \n    at internalConnectMultiple (node:net:1134:18)\n    at afterConnectMultiple (node:net:1715:7)","timestamp":"2025-11-18 21:00:23"}
{"code":"ECONNREFUSED","level":"error","message":"Redis error:","service":"trading-intercom","stack":"AggregateError [ECONNREFUSED]: \n    at internalConnectMultiple (node:net:1134:18)\n    at afterConnectMultiple (node:net:1715:7)","timestamp":"2025-11-18 21:00:25"}
{"code":"ECONNREFUSED","level":"error","message":"Redis error:","service":"trading-intercom","stack":"AggregateError [ECONNREFUSED]: \n    at internalConnectMultiple (node:net:1134:18)\n    at afterConnectMultiple (node:net:1715:7)","timestamp":"2025-11-18 21:00:26"}
{"code":"ECONNREFUSED","level":"error","message":"Redis error:","service":"trading-intercom","stack":"AggregateError [ECONNREFUSED]: \n    at internalConnectMultiple (node:net:1134:18)\n    at afterConnectMultiple (node:net:1715:7)","timestamp":"2025-11-18 21:00:28"}
{"code":"ECONNREFUSED","level":"error","message":"Redis error:","service":"trading-intercom","stack":"AggregateError [ECONNREFUSED]: \n    at internalConnectMultiple (node:net:1134:18)\n    at afterConnectMultiple (node:net:1715:7)","timestamp":"2025-11-18 21:00:30"}
{"code":"ECONNREFUSED","level":"error","message":"Redis error:","service":"trading-intercom","stack":"AggregateError [ECONNREFUSED]: \n    at internalConnectMultiple (node:net:1134:18)\n    at afterConnectMultiple (node:net:1715:7)","timestamp":"2025-11-18 21:00:32"}
{"code":"ECONNREFUSED","level":"error","message":"Redis error:","service":"trading-intercom","stack":"AggregateError [ECONNREFUSED]: \n    at internalConnectMultiple (node:net:1134:18)\n    at afterConnectMultiple (node:net:1715:7)","timestamp":"2025-11-18 21:00:34"}
{"code":"ECONNREFUSED","level":"error","message":"Redis error:","service":"trading-intercom","stack":"AggregateError [ECONNREFUSED]: \n    at internalConnectMultiple (node:net:1134:18)\n    at afterConnectMultiple (node:net:1715:7)","timestamp":"2025-11-18 21:00:36"}
{"code":"ECONNREFUSED","level":"error","message":"Redis error:","service":"trading-intercom","stack":"AggregateError [ECONNREFUSED]: \n    at internalConnectMultiple (node:net:1134:18)\n    at afterConnectMultiple (node:net:1715:7)","timestamp":"2025-11-18 21:00:38"}
{"code":"ECONNREFUSED","level":"error","message":"Redis error:","service":"trading-intercom","stack":"AggregateError [ECONNREFUSED]: \n    at internalConnectMultiple (node:net:1134:18)\n    at afterConnectMultiple (node:net:1715:7)","timestamp":"2025-11-18 21:00:40"}
{"code":"ECONNREFUSED","level":"error","message":"Redis error:","service":"trading-intercom","stack":"AggregateError [ECONNREFUSED]: \n    at internalConnectMultiple (node:net:1134:18)\n    at afterConnectMultiple (node:net:1715:7)","timestamp":"2025-11-18 21:00:42"}
{"code":"ECONNREFUSED","level":"error","message":"Redis error:","service":"trading-intercom","stack":"AggregateError [ECONNREFUSED]: \n    at internalConnectMultiple (node:net:1134:18)\n    at afterConnectMultiple (node:net:1715:7)","timestamp":"2025-11-18 21:00:44"}
{"code":"ECONNREFUSED","level":"error","message":"Redis error:","service":"trading-intercom","stack":"AggregateError [ECONNREFUSED]: \n    at internalConnectMultiple (node:net:1134:18)\n    at afterConnectMultiple (node:net:1715:7)","timestamp":"2025-11-18 21:00:46"}
{"code":"ECONNREFUSED","level":"error","message":"Redis error:","service":"trading-intercom","stack":"AggregateError [ECONNREFUSED]: \n    at internalConnectMultiple (node:net:1134:18)\n    at afterConnectMultiple (node:net:1715:7)","timestamp":"2025-11-18 21:00:48"}
{"code":"ECONNREFUSED","level":"error","message":"Redis error:","service":"trading-intercom","stack":"AggregateError [ECONNREFUSED]: \n    at internalConnectMultiple (node:net:1134:18)\n    at afterConnectMultiple (node:net:1715:7)","timestamp":"2025-11-18 21:00:50"}
{"code":"ECONNREFUSED","level":"error","message":"Redis error:","service":"trading-intercom","stack":"AggregateError [ECONNREFUSED]: \n    at internalConnectMultiple (node:net:1134:18)\n    at afterConnectMultiple (node:net:1715:7)","timestamp":"2025-11-18 21:00:52"}
{"code":"ECONNREFUSED","level":"error","message":"Redis error:","service":"trading-intercom","stack":"AggregateError [ECONNREFUSED]: \n    at internalConnectMultiple (node:net:1134:18)\n    at afterConnectMultiple (node:net:1715:7)","timestamp":"2025-11-18 21:00:54"}
{"code":"ECONNREFUSED","level":"error","message":"Redis error:","service":"trading-intercom","stack":"AggregateError [ECONNREFUSED]: \n    at internalConnectMultiple (node:net:1134:18)\n    at afterConnectMultiple (node:net:1715:7)","timestamp":"2025-11-18 21:00:56"}
{"code":"ECONNREFUSED","level":"error","message":"Redis error:","service":"trading-intercom","stack":"AggregateError [ECONNREFUSED]: \n    at internalConnectMultiple (node:net:1134:18)\n    at afterConnectMultiple (node:net:1715:7)","timestamp":"2025-11-18 21:00:58"}
{"code":"ECONNREFUSED","level":"error","message":"Redis error:","service":"trading-intercom","stack":"AggregateError [ECONNREFUSED]: \n    at internalConnectMultiple (node:net:1134:18)\n    at afterConnectMultiple (node:net:1715:7)","timestamp":"2025-11-18 21:01:00"}
{"code":"ECONNREFUSED","level":"error","message":"Redis error:","service":"trading-intercom","stack":"AggregateError [ECONNREFUSED]: \n    at internalConnectMultiple (node:net:1134:18)\n    at afterConnectMultiple (node:net:1715:7)","timestamp":"2025-11-18 21:01:02"}
{"code":"ECONNREFUSED","level":"error","message":"Redis error:","service":"trading-intercom","stack":"AggregateError [ECONNREFUSED]: \n    at internalConnectMultiple (node:net:1134:18)\n    at afterConnectMultiple (node:net:1715:7)","timestamp":"2025-11-18 21:01:04"}
{"code":"ECONNREFUSED","level":"error","message":"Redis error:","service":"trading-intercom","stack":"AggregateError [ECONNREFUSED]: \n    at internalConnectMultiple (node:net:1134:18)\n    at afterConnectMultiple (node:net:1715:7)","timestamp":"2025-11-18 21:01:06"}
{"code":"ECONNREFUSED","level":"error","message":"Redis error:","service":"trading-intercom","stack":"AggregateError [ECONNREFUSED]: \n    at internalConnectMultiple (node:net:1134:18)\n    at afterConnectMultiple (node:net:1715:7)","timestamp":"2025-11-18 21:01:09"}
{"code":"ECONNREFUSED","level":"error","message":"Redis error:","service":"trading-intercom","stack":"AggregateError [ECONNREFUSED]: \n    at internalConnectMultiple (node:net:1134:18)\n    at afterConnectMultiple (node:net:1715:7)","timestamp":"2025-11-18 21:01:11"}
{"code":"ECONNREFUSED","level":"error","message":"Redis error:","service":"trading-intercom","stack":"AggregateError [ECONNREFUSED]: \n    at internalConnectMultiple (node:net:1134:18)\n    at afterConnectMultiple (node:net:1715:7)","timestamp":"2025-11-18 21:01:13"}
{"code":"ECONNREFUSED","level":"error","message":"Redis error:","service":"trading-intercom","stack":"AggregateError [ECONNREFUSED]: \n    at internalConnectMultiple (node:net:1134:18)\n    at afterConnectMultiple (node:net:1715:7)","timestamp":"2025-11-18 21:01:15"}
{"code":"ECONNREFUSED","level":"error","message":"Redis error:","service":"trading-intercom","stack":"AggregateError [ECONNREFUSED]: \n    at internalConnectMultiple (node:net:1134:18)\n    at afterConnectMultiple (node:net:1715:7)","timestamp":"2025-11-18 21:01:17"}
{"code":"ECONNREFUSED","level":"error","message":"Redis error:","service":"trading-intercom","stack":"AggregateError [ECONNREFUSED]: \n    at internalConnectMultiple (node:net:1134:18)\n    at afterConnectMultiple (node:net:1715:7)","timestamp":"2025-11-18 21:01:19"}
{"code":"ECONNREFUSED","level":"error","message":"Redis error:","service":"trading-intercom","stack":"AggregateError [ECONNREFUSED]: \n    at internalConnectMultiple (node:net:1134:18)\n    at afterConnectMultiple (node:net:1715:7)","timestamp":"2025-11-18 21:01:21"}
{"code":"ECONNREFUSED","level":"error","message":"Redis error:","service":"trading-intercom","stack":"AggregateError [ECONNREFUSED]: \n    at internalConnectMultiple (node:net:1134:18)\n    at afterConnectMultiple (node:net:1715:7)","timestamp":"2025-11-18 21:01:23"}
{"code":"ECONNREFUSED","level":"error","message":"Redis error:","service":"trading-intercom","stack":"AggregateError [ECONNREFUSED]: \n    at internalConnectMultiple (node:net:1134:18)\n    at afterConnectMultiple (node:net:1715:7)","timestamp":"2025-11-18 21:01:25"}
{"code":"ECONNREFUSED","level":"error","message":"Redis error:","service":"trading-intercom","stack":"AggregateError [ECONNREFUSED]: \n    at internalConnectMultiple (node:net:1134:18)\n    at afterConnectMultiple (node:net:1715:7)","timestamp":"2025-11-18 21:01:27"}
{"code":"ECONNREFUSED","level":"error","message":"Redis error:","service":"trading-intercom","stack":"AggregateError [ECONNREFUSED]: \n    at internalConnectMultiple (node:net:1134:18)\n    at afterConnectMultiple (node:net:1715:7)","timestamp":"2025-11-18 21:01:29"}
{"code":"ECONNREFUSED","level":"error","message":"Redis error:","service":"trading-intercom","stack":"AggregateError [ECONNREFUSED]: \n    at internalConnectMultiple (node:net:1134:18)\n    at afterConnectMultiple (node:net:1715:7)","timestamp":"2025-11-18 21:01:31"}
{"code":"ECONNREFUSED","level":"error","message":"Redis error:","service":"trading-intercom","stack":"AggregateError [ECONNREFUSED]: \n    at internalConnectMultiple (node:net:1134:18)\n    at afterConnectMultiple (node:net:1715:7)","timestamp":"2025-11-18 21:01:33"}
{"code":"ECONNREFUSED","level":"error","message":"Redis error:","service":"trading-intercom","stack":"AggregateError [ECONNREFUSED]: \n    at internalConnectMultiple (node:net:1134:18)\n    at afterConnectMultiple (node:net:1715:7)","timestamp":"2025-11-18 21:01:35"}
{"code":"ECONNREFUSED","level":"error","message":"Redis error:","service":"trading-intercom","stack":"AggregateError [ECONNREFUSED]: \n    at internalConnectMultiple (node:net:1134:18)\n    at afterConnectMultiple (node:net:1715:7)","timestamp":"2025-11-18 21:01:38"}
{"code":"ECONNREFUSED","level":"error","message":"Redis error:","service":"trading-intercom","stack":"AggregateError [ECONNREFUSED]: \n    at internalConnectMultiple (node:net:1134:18)\n    at afterConnectMultiple (node:net:1715:7)","timestamp":"2025-11-18 21:01:40"}
{"code":"ECONNREFUSED","level":"error","message":"Redis error:","service":"trading-intercom","stack":"AggregateError [ECONNREFUSED]: \n    at internalConnectMultiple (node:net:1134:18)\n    at afterConnectMultiple (node:net:1715:7)","timestamp":"2025-11-18 21:01:42"}
{"code":"ECONNREFUSED","level":"error","message":"Redis error:","service":"trading-intercom","stack":"AggregateError [ECONNREFUSED]: \n    at internalConnectMultiple (node:net:1134:18)\n    at afterConnectMultiple (node:net:1715:7)","timestamp":"2025-11-18 21:01:44"}
{"code":"ECONNREFUSED","level":"error","message":"Redis error:","service":"trading-intercom","stack":"AggregateError [ECONNREFUSED]: \n    at internalConnectMultiple (node:net:1134:18)\n    at afterConnectMultiple (node:net:1715:7)","timestamp":"2025-11-18 21:01:48"}
{"code":"ECONNREFUSED","level":"error","message":"Redis error:","service":"trading-intercom","stack":"AggregateError [ECONNREFUSED]: \n    at internalConnectMultiple (node:net:1134:18)\n    at afterConnectMultiple (node:net:1715:7)","timestamp":"2025-11-18 21:01:50"}
{"code":"ECONNREFUSED","level":"error","message":"Redis error:","service":"trading-intercom","stack":"AggregateError [ECONNREFUSED]: \n    at internalConnectMultiple (node:net:1134:18)\n    at afterConnectMultiple (node:net:1715:7)","timestamp":"2025-11-18 21:01:52"}
{"code":"ECONNREFUSED","level":"error","message":"Redis error:","service":"trading-intercom","stack":"AggregateError [ECONNREFUSED]: \n    at internalConnectMultiple (node:net:1134:18)\n    at afterConnectMultiple (node:net:1715:7)","timestamp":"2025-11-18 21:01:54"}
{"code":"ECONNREFUSED","level":"error","message":"Redis error:","service":"trading-intercom","stack":"AggregateError [ECONNREFUSED]: \n    at internalConnectMultiple (node:net:1134:18)\n    at afterConnectMultiple (node:net:1715:7)","timestamp":"2025-11-18 21:01:56"}
{"code":"ECONNREFUSED","level":"error","message":"Redis error:","service":"trading-intercom","stack":"AggregateError [ECONNREFUSED]: \n    at internalConnectMultiple (node:net:1134:18)\n    at afterConnectMultiple (node:net:1715:7)","timestamp":"2025-11-18 21:01:58"}
{"code":"ECONNREFUSED","level":"error","message":"Redis error:","service":"trading-intercom","stack":"AggregateError [ECONNREFUSED]: \n    at internalConnectMultiple (node:net:1134:18)\n    at afterConnectMultiple (node:net:1715:7)","timestamp":"2025-11-18 21:02:00"}
{"code":"ECONNREFUSED","level":"error","message":"Redis error:","service":"trading-intercom","stack":"AggregateError [ECONNREFUSED]: \n    at internalConnectMultiple (node:net:1134:18)\n    at afterConnectMultiple (node:net:1715:7)","timestamp":"2025-11-18 21:02:03"}
{"code":"ECONNREFUSED","level":"error","message":"Redis error:","service":"trading-intercom","stack":"AggregateError [ECONNREFUSED]: \n    at internalConnectMultiple (node:net:1134:18)\n    at afterConnectMultiple (node:net:1715:7)","timestamp":"2025-11-18 21:02:05"}
{"code":"ECONNREFUSED","level":"error","message":"Redis error:","service":"trading-intercom","stack":"AggregateError [ECONNREFUSED]: \n    at internalConnectMultiple (node:net:1134:18)\n    at afterConnectMultiple (node:net:1715:7)","timestamp":"2025-11-18 21:02:07"}
{"code":"ECONNREFUSED","level":"error","message":"Redis error:","service":"trading-intercom","stack":"AggregateError [ECONNREFUSED]: \n    at internalConnectMultiple (node:net:1134:18)\n    at afterConnectMultiple (node:net:1715:7)","timestamp":"2025-11-18 21:02:09"}
{"code":"ECONNREFUSED","level":"error","message":"Redis error:","service":"trading-intercom","stack":"AggregateError [ECONNREFUSED]: \n    at internalConnectMultiple (node:net:1134:18)\n    at afterConnectMultiple (node:net:1715:7)","timestamp":"2025-11-18 21:02:11"}
{"code":"ECONNREFUSED","level":"error","message":"Redis error:","service":"trading-intercom","stack":"AggregateError [ECONNREFUSED]: \n    at internalConnectMultiple (node:net:1134:18)\n    at afterConnectMultiple (node:net:1715:7)","timestamp":"2025-11-18 21:02:13"}
{"code":"ECONNREFUSED","level":"error","message":"Redis error:","service":"trading-intercom","stack":"AggregateError [ECONNREFUSED]: \n    at internalConnectMultiple (node:net:1134:18)\n    at afterConnectMultiple (node:net:1715:7)","timestamp":"2025-11-18 21:02:15"}
{"code":"ECONNREFUSED","level":"error","message":"Redis error:","service":"trading-intercom","stack":"AggregateError [ECONNREFUSED]: \n    at internalConnectMultiple (node:net:1134:18)\n    at afterConnectMultiple (node:net:1715:7)","timestamp":"2025-11-18 21:02:17"}
{"code":"ECONNREFUSED","level":"error","message":"Redis error:","service":"trading-intercom","stack":"AggregateError [ECONNREFUSED]: \n    at internalConnectMultiple (node:net:1134:18)\n    at afterConnectMultiple (node:net:1715:7)","timestamp":"2025-11-18 21:02:19"}
{"code":"ECONNREFUSED","level":"error","message":"Redis error:","service":"trading-intercom","stack":"AggregateError [ECONNREFUSED]: \n    at internalConnectMultiple (node:net:1134:18)\n    at afterConnectMultiple (node:net:1715:7)","timestamp":"2025-11-18 21:02:21"}
{"code":"ECONNREFUSED","level":"error","message":"Redis error:","service":"trading-intercom","stack":"AggregateError [ECONNREFUSED]: \n    at internalConnectMultiple (node:net:1134:18)\n    at afterConnectMultiple (node:net:1715:7)","timestamp":"2025-11-18 21:02:23"}
{"code":"ECONNREFUSED","level":"error","message":"Redis error:","service":"trading-intercom","stack":"AggregateError [ECONNREFUSED]: \n    at internalConnectMultiple (node:net:1134:18)\n    at afterConnectMultiple (node:net:1715:7)","timestamp":"2025-11-18 21:02:26"}
{"code":"ECONNREFUSED","level":"error","message":"Redis error:","service":"trading-intercom","stack":"AggregateError [ECONNREFUSED]: \n    at internalConnectMultiple (node:net:1134:18)\n    at afterConnectMultiple (node:net:1715:7)","timestamp":"2025-11-18 21:02:28"}
{"code":"ECONNREFUSED","level":"error","message":"Redis error:","service":"trading-intercom","stack":"AggregateError [ECONNREFUSED]: \n    at internalConnectMultiple (node:net:1134:18)\n    at afterConnectMultiple (node:net:1715:7)","timestamp":"2025-11-18 21:02:30"}
{"code":"ECONNREFUSED","level":"error","message":"Redis error:","service":"trading-intercom","stack":"AggregateError [ECONNREFUSED]: \n    at internalConnectMultiple (node:net:1134:18)\n    at afterConnectMultiple (node:net:1715:7)","timestamp":"2025-11-18 21:02:32"}
{"code":"ECONNREFUSED","level":"error","message":"Redis error:","service":"trading-intercom","stack":"AggregateError [ECONNREFUSED]: \n    at internalConnectMultiple (node:net:1134:18)\n    at afterConnectMultiple (node:net:1715:7)","timestamp":"2025-11-18 21:02:34"}
{"code":"ECONNREFUSED","level":"error","message":"Redis error:","service":"trading-intercom","stack":"AggregateError [ECONNREFUSED]: \n    at internalConnectMultiple (node:net:1134:18)\n    at afterConnectMultiple (node:net:1715:7)","timestamp":"2025-11-18 21:02:36"}
{"code":"ECONNREFUSED","level":"error","message":"Redis error:","service":"trading-intercom","stack":"AggregateError [ECONNREFUSED]: \n    at internalConnectMultiple (node:net:1134:18)\n    at afterConnectMultiple (node:net:1715:7)","timestamp":"2025-11-18 21:02:38"}
{"code":"ECONNREFUSED","level":"error","message":"Redis error:","service":"trading-intercom","stack":"AggregateError [ECONNREFUSED]: \n    at internalConnectMultiple (node:net:1134:18)\n    at afterConnectMultiple (node:net:1715:7)","timestamp":"2025-11-18 21:02:40"}
{"code":"ECONNREFUSED","level":"error","message":"Redis error:","service":"trading-intercom","stack":"AggregateError [ECONNREFUSED]: \n    at internalConnectMultiple (node:net:1134:18)\n    at afterConnectMultiple (node:net:1715:7)","timestamp":"2025-11-18 21:02:42"}
{"code":"ECONNREFUSED","level":"error","message":"Redis error:","service":"trading-intercom","stack":"AggregateError [ECONNREFUSED]: \n    at internalConnectMultiple (node:net:1134:18)\n    at afterConnectMultiple (node:net:1715:7)","timestamp":"2025-11-18 21:02:44"}
{"code":"ECONNREFUSED","level":"error","message":"Redis error:","service":"trading-intercom","stack":"AggregateError [ECONNREFUSED]: \n    at internalConnectMultiple (node:net:1134:18)\n    at afterConnectMultiple (node:net:1715:7)","timestamp":"2025-11-18 21:02:46"}
{"code":"ECONNREFUSED","level":"error","message":"Redis error:","service":"trading-intercom","stack":"AggregateError [ECONNREFUSED]: \n    at internalConnectMultiple (node:net:1134:18)\n    at afterConnectMultiple (node:net:1715:7)","timestamp":"2025-11-18 21:02:48"}
{"code":"ECONNREFUSED","level":"error","message":"Redis error:","service":"trading-intercom","stack":"AggregateError [ECONNREFUSED]: \n    at internalConnectMultiple (node:net:1134:18)\n    at afterConnectMultiple (node:net:1715:7)","timestamp":"2025-11-18 21:02:50"}
{"code":"ECONNREFUSED","level":"error","message":"Redis error:","service":"trading-intercom","stack":"AggregateError [ECONNREFUSED]: \n    at internalConnectMultiple (node:net:1134:18)\n    at afterConnectMultiple (node:net:1715:7)","timestamp":"2025-11-18 21:02:52"}
{"code":"ECONNREFUSED","level":"error","message":"Redis error:","service":"trading-intercom","stack":"AggregateError [ECONNREFUSED]: \n    at internalConnectMultiple (node:net:1134:18)\n    at afterConnectMultiple (node:net:1715:7)","timestamp":"2025-11-18 21:02:55"}
{"code":"ECONNREFUSED","level":"error","message":"Redis error:","service":"trading-intercom","stack":"AggregateError [ECONNREFUSED]: \n    at internalConnectMultiple (node:net:1134:18)\n    at afterConnectMultiple (node:net:1715:7)","timestamp":"2025-11-18 21:02:57"}
{"code":"ECONNREFUSED","level":"error","message":"Redis error:","service":"trading-intercom","stack":"AggregateError [ECONNREFUSED]: \n    at internalConnectMultiple (node:net:1134:18)\n    at afterConnectMultiple (node:net:1715:7)","timestamp":"2025-11-18 21:02:59"}
{"code":"ECONNREFUSED","level":"error","message":"Redis error:","service":"trading-intercom","stack":"AggregateError [ECONNREFUSED]: \n    at internalConnectMultiple (node:net:1134:18)\n    at afterConnectMultiple (node:net:1715:7)","timestamp":"2025-11-18 21:03:01"}
{"code":"ECONNREFUSED","level":"error","message":"Redis error:","service":"trading-intercom","stack":"AggregateError [ECONNREFUSED]: \n    at internalConnectMultiple (node:net:1134:18)\n    at afterConnectMultiple (node:net:1715:7)","timestamp":"2025-11-18 21:03:03"}
{"code":"ECONNREFUSED","level":"error","message":"Redis error:","service":"trading-intercom","stack":"AggregateError [ECONNREFUSED]: \n    at internalConnectMultiple (node:net:1134:18)\n    at afterConnectMultiple (node:net:1715:7)","timestamp":"2025-11-18 21:03:05"}
{"code":"ECONNREFUSED","level":"error","message":"Redis error:","service":"trading-intercom","stack":"AggregateError [ECONNREFUSED]: \n    at internalConnectMultiple (node:net:1134:18)\n    at afterConnectMultiple (node:net:1715:7)","timestamp":"2025-11-18 21:03:07"}
{"code":"ECONNREFUSED","level":"error","message":"Redis error:","service":"trading-intercom","stack":"AggregateError [ECONNREFUSED]: \n    at internalConnectMultiple (node:net:1134:18)\n    at afterConnectMultiple (node:net:1715:7)","timestamp":"2025-11-18 21:03:09"}
{"code":"ECONNREFUSED","level":"error","message":"Redis error:","service":"trading-intercom","stack":"AggregateError [ECONNREFUSED]: \n    at internalConnectMultiple (node:net:1134:18)\n    at afterConnectMultiple (node:net:1715:7)","timestamp":"2025-11-18 21:03:11"}
{"code":"ECONNREFUSED","level":"error","message":"Redis error:","service":"trading-intercom","stack":"AggregateError [ECONNREFUSED]: \n    at internalConnectMultiple (node:net:1134:18)\n    at afterConnectMultiple (node:net:1715:7)","timestamp":"2025-11-18 21:03:13"}
{"code":"ECONNREFUSED","level":"error","message":"Redis error:","service":"trading-intercom","stack":"AggregateError [ECONNREFUSED]: \n    at internalConnectMultiple (node:net:1134:18)\n    at afterConnectMultiple (node:net:1715:7)","timestamp":"2025-11-18 21:03:16"}
{"code":"ECONNREFUSED","level":"error","message":"Redis error:","service":"trading-intercom","stack":"AggregateError [ECONNREFUSED]: \n    at internalConnectMultiple (node:net:1134:18)\n    at afterConnectMultiple (node:net:1715:7)","timestamp":"2025-11-18 21:03:18"}
{"code":"ECONNREFUSED","level":"error","message":"Redis error:","service":"trading-intercom","stack":"AggregateError [ECONNREFUSED]: \n    at internalConnectMultiple (node:net:1134:18)\n    at afterConnectMultiple (node:net:1715:7)","timestamp":"2025-11-18 21:03:20"}
{"code":"ECONNREFUSED","level":"error","message":"Redis error:","service":"trading-intercom","stack":"AggregateError [ECONNREFUSED]: \n    at internalConnectMultiple (node:net:1134:18)\n    at afterConnectMultiple (node:net:1715:7)","timestamp":"2025-11-18 21:03:22"}
{"code":"ECONNREFUSED","level":"error","message":"Redis error:","service":"trading-intercom","stack":"AggregateError [ECONNREFUSED]: \n    at internalConnectMultiple (node:net:1134:18)\n    at afterConnectMultiple (node:net:1715:7)","timestamp":"2025-11-18 21:03:24"}
{"code":"ECONNREFUSED","level":"error","message":"Redis error:","service":"trading-intercom","stack":"AggregateError [ECONNREFUSED]: \n    at internalConnectMultiple (node:net:1134:18)\n    at afterConnectMultiple (node:net:1715:7)","timestamp":"2025-11-18 21:03:26"}
{"code":"ECONNREFUSED","level":"error","message":"Redis error:","service":"trading-intercom","stack":"AggregateError [ECONNREFUSED]: \n    at internalConnectMultiple (node:net:1134:18)\n    at afterConnectMultiple (node:net:1715:7)","timestamp":"2025-11-18 21:03:28"}
{"code":"ECONNREFUSED","level":"error","message":"Redis error:","service":"trading-intercom","stack":"AggregateError [ECONNREFUSED]: \n    at internalConnectMultiple (node:net:1134:18)\n    at afterConnectMultiple (node:net:1715:7)","timestamp":"2025-11-18 21:03:31"}
{"code":"ECONNREFUSED","level":"error","message":"Redis error:","service":"trading-intercom","stack":"AggregateError [ECONNREFUSED]: \n    at internalConnectMultiple (node:net:1134:18)\n    at afterConnectMultiple (node:net:1715:7)","timestamp":"2025-11-18 21:03:33"}
{"code":"ECONNREFUSED","level":"error","message":"Redis error:","service":"trading-intercom","stack":"AggregateError [ECONNREFUSED]: \n    at internalConnectMultiple (node:net:1134:18)\n    at afterConnectMultiple (node:net:1715:7)","timestamp":"2025-11-18 21:03:35"}
{"code":"ECONNREFUSED","level":"error","message":"Redis error:","service":"trading-intercom","stack":"AggregateError [ECONNREFUSED]: \n    at internalConnectMultiple (node:net:1134:18)\n    at afterConnectMultiple (node:net:1715:7)","timestamp":"2025-11-18 21:03:36"}
{"level":"error","message":"Failed to initialize Redis single instance: Connection is closed.","service":"trading-intercom","stack":"Error: Connection is closed.\n    at EventEmitter.connectionCloseHandler (C:\\Projects\\intercom\\node_modules\\ioredis\\built\\Redis.js:208:28)\n    at Object.onceWrapper (node:events:623:26)\n    at EventEmitter.emit (node:events:520:35)\n    at process.processTicksAndRejections (node:internal/process/task_queues:84:11)","timestamp":"2025-11-18 21:03:36"}
{"level":"error","message":"Failed to initialize Redis: Connection is closed.","service":"trading-intercom","stack":"Error: Connection is closed.\n    at EventEmitter.connectionCloseHandler (C:\\Projects\\intercom\\node_modules\\ioredis\\built\\Redis.js:208:28)\n    at Object.onceWrapper (node:events:623:26)\n    at EventEmitter.emit (node:events:520:35)\n    at process.processTicksAndRejections (node:internal/process/task_queues:84:11)","timestamp":"2025-11-18 21:03:37"}
{"level":"error","message":"Failed to initialize Redis service: Connection is closed.","service":"trading-intercom","stack":"Error: Connection is closed.\n    at EventEmitter.connectionCloseHandler (C:\\Projects\\intercom\\node_modules\\ioredis\\built\\Redis.js:208:28)\n    at Object.onceWrapper (node:events:623:26)\n    at EventEmitter.emit (node:events:520:35)\n    at process.processTicksAndRejections (node:internal/process/task_queues:84:11)","timestamp":"2025-11-18 21:03:37"}
{"code":"ECONNREFUSED","level":"error","message":"Redis error:","service":"trading-intercom","stack":"AggregateError [ECONNREFUSED]: \n    at internalConnectMultiple (node:net:1134:18)\n    at afterConnectMultiple (node:net:1715:7)","timestamp":"2025-11-18 21:03:37"}
{"code":"ECONNREFUSED","level":"error","message":"Redis error:","service":"trading-intercom","stack":"AggregateError [ECONNREFUSED]: \n    at internalConnectMultiple (node:net:1134:18)\n    at afterConnectMultiple (node:net:1715:7)","timestamp":"2025-11-18 21:03:37"}
{"code":"ECONNREFUSED","level":"error","message":"Redis error:","service":"trading-intercom","stack":"AggregateError [ECONNREFUSED]: \n    at internalConnectMultiple (node:net:1134:18)\n    at afterConnectMultiple (node:net:1715:7)","timestamp":"2025-11-18 21:03:37"}
{"code":"ECONNREFUSED","level":"error","message":"Redis error:","service":"trading-intercom","stack":"AggregateError [ECONNREFUSED]: \n    at internalConnectMultiple (node:net:1134:18)\n    at afterConnectMultiple (node:net:1715:7)","timestamp":"2025-11-18 21:03:37"}
{"code":"ECONNREFUSED","level":"error","message":"Redis error:","service":"trading-intercom","stack":"AggregateError [ECONNREFUSED]: \n    at internalConnectMultiple (node:net:1134:18)\n    at afterConnectMultiple (node:net:1715:7)","timestamp":"2025-11-18 21:03:38"}
{"code":"ECONNREFUSED","level":"error","message":"Redis error:","service":"trading-intercom","stack":"AggregateError [ECONNREFUSED]: \n    at internalConnectMultiple (node:net:1134:18)\n    at afterConnectMultiple (node:net:1715:7)","timestamp":"2025-11-18 21:03:38"}
{"code":"ECONNREFUSED","level":"error","message":"Redis error:","service":"trading-intercom","stack":"AggregateError [ECONNREFUSED]: \n    at internalConnectMultiple (node:net:1134:18)\n    at afterConnectMultiple (node:net:1715:7)","timestamp":"2025-11-18 21:03:38"}
{"code":"ECONNREFUSED","level":"error","message":"Redis error:","service":"trading-intercom","stack":"AggregateError [ECONNREFUSED]: \n    at internalConnectMultiple (node:net:1134:18)\n    at afterConnectMultiple (node:net:1715:7)","timestamp":"2025-11-18 21:03:39"}
{"address":"::","code":"EADDRINUSE","errno":-4091,"level":"error","message":"Subscriber WebSocket server error: listen EADDRINUSE: address already in use :::5000","port":5000,"service":"trading-intercom","stack":"Error: listen EADDRINUSE: address already in use :::5000\n    at Server.setupListenHandle [as _listen2] (node:net:1940:16)\n    at listenInCluster (node:net:1997:12)\n    at Server.listen (node:net:2102:7)\n    at TradingIntercomServer.start (C:\\Projects\\intercom\\server\\index.js:583:19)\n    at process.processTicksAndRejections (node:internal/process/task_queues:103:5)","syscall":"listen","timestamp":"2025-11-18 21:03:41"}
{"code":"ECONNREFUSED","level":"error","message":"Redis error:","service":"trading-intercom","stack":"AggregateError [ECONNREFUSED]: \n    at internalConnectMultiple (node:net:1134:18)\n    at afterConnectMultiple (node:net:1715:7)","timestamp":"2025-11-18 21:03:42"}
{"code":"ECONNREFUSED","level":"error","message":"Redis error:","service":"trading-intercom","stack":"AggregateError [ECONNREFUSED]: \n    at internalConnectMultiple (node:net:1134:18)\n    at afterConnectMultiple (node:net:1715:7)","timestamp":"2025-11-18 21:03:44"}
{"code":"ECONNREFUSED","level":"error","message":"Redis error:","service":"trading-intercom","stack":"AggregateError [ECONNREFUSED]: \n    at internalConnectMultiple (node:net:1134:18)\n    at afterConnectMultiple (node:net:1715:7)","timestamp":"2025-11-18 21:03:46"}
{"code":"ECONNREFUSED","level":"error","message":"Redis error:","service":"trading-intercom","stack":"AggregateError [ECONNREFUSED]: \n    at internalConnectMultiple (node:net:1134:18)\n    at afterConnectMultiple (node:net:1715:7)","timestamp":"2025-11-18 21:03:53"}
{"code":"ECONNREFUSED","level":"error","message":"Redis error:","service":"trading-intercom","stack":"AggregateError [ECONNREFUSED]: \n    at internalConnectMultiple (node:net:1134:18)\n    at afterConnectMultiple (node:net:1715:7)","timestamp":"2025-11-18 21:03:56"}
{"code":"ECONNREFUSED","level":"error","message":"Redis error:","service":"trading-intercom","stack":"AggregateError [ECONNREFUSED]: \n    at internalConnectMultiple (node:net:1134:18)\n    at afterConnectMultiple (node:net:1715:7)","timestamp":"2025-11-18 21:03:58"}
{"code":"ECONNREFUSED","level":"error","message":"Redis error:","service":"trading-intercom","stack":"AggregateError [ECONNREFUSED]: \n    at internalConnectMultiple (node:net:1134:18)\n    at afterConnectMultiple (node:net:1715:7)","timestamp":"2025-11-18 21:04:00"}
{"code":"ECONNREFUSED","level":"error","message":"Redis error:","service":"trading-intercom","stack":"AggregateError [ECONNREFUSED]: \n    at internalConnectMultiple (node:net:1134:18)\n    at afterConnectMultiple (node:net:1715:7)","timestamp":"2025-11-18 21:04:02"}
{"code":"ECONNREFUSED","level":"error","message":"Redis error:","service":"trading-intercom","stack":"AggregateError [ECONNREFUSED]: \n    at internalConnectMultiple (node:net:1134:18)\n    at afterConnectMultiple (node:net:1715:7)","timestamp":"2025-11-18 21:04:04"}
{"code":"ECONNREFUSED","level":"error","message":"Redis error:","service":"trading-intercom","stack":"AggregateError [ECONNREFUSED]: \n    at internalConnectMultiple (node:net:1134:18)\n    at afterConnectMultiple (node:net:1715:7)","timestamp":"2025-11-18 21:04:06"}
{"code":"ECONNREFUSED","level":"error","message":"Redis error:","service":"trading-intercom","stack":"AggregateError [ECONNREFUSED]: \n    at internalConnectMultiple (node:net:1134:18)\n    at afterConnectMultiple (node:net:1715:7)","timestamp":"2025-11-18 21:04:08"}
{"code":"ECONNREFUSED","level":"error","message":"Redis error:","service":"trading-intercom","stack":"AggregateError [ECONNREFUSED]: \n    at internalConnectMultiple (node:net:1134:18)\n    at afterConnectMultiple (node:net:1715:7)","timestamp":"2025-11-18 21:04:10"}
{"code":"ECONNREFUSED","level":"error","message":"Redis error:","service":"trading-intercom","stack":"AggregateError [ECONNREFUSED]: \n    at internalConnectMultiple (node:net:1134:18)\n    at afterConnectMultiple (node:net:1715:7)","timestamp":"2025-11-18 21:04:12"}
{"code":"ECONNREFUSED","level":"error","message":"Redis error:","service":"trading-intercom","stack":"AggregateError [ECONNREFUSED]: \n    at internalConnectMultiple (node:net:1134:18)\n    at afterConnectMultiple (node:net:1715:7)","timestamp":"2025-11-18 21:04:14"}
{"code":"ECONNREFUSED","level":"error","message":"Redis error:","service":"trading-intercom","stack":"AggregateError [ECONNREFUSED]: \n    at internalConnectMultiple (node:net:1134:18)\n    at afterConnectMultiple (node:net:1715:7)","timestamp":"2025-11-18 21:04:16"}
{"code":"ECONNREFUSED","level":"error","message":"Redis error:","service":"trading-intercom","stack":"AggregateError [ECONNREFUSED]: \n    at internalConnectMultiple (node:net:1134:18)\n    at afterConnectMultiple (node:net:1715:7)","timestamp":"2025-11-18 21:04:18"}
{"code":"ECONNREFUSED","level":"error","message":"Redis error:","service":"trading-intercom","stack":"AggregateError [ECONNREFUSED]: \n    at internalConnectMultiple (node:net:1134:18)\n    at afterConnectMultiple (node:net:1715:7)","timestamp":"2025-11-18 21:04:20"}
{"code":"ECONNREFUSED","level":"error","message":"Redis error:","service":"trading-intercom","stack":"AggregateError [ECONNREFUSED]: \n    at internalConnectMultiple (node:net:1134:18)\n    at afterConnectMultiple (node:net:1715:7)","timestamp":"2025-11-18 21:04:22"}
{"code":"ECONNREFUSED","level":"error","message":"Redis error:","service":"trading-intercom","stack":"AggregateError [ECONNREFUSED]: \n    at internalConnectMultiple (node:net:1134:18)\n    at afterConnectMultiple (node:net:1715:7)","timestamp":"2025-11-18 21:04:25"}
{"code":"ECONNREFUSED","level":"error","message":"Redis error:","service":"trading-intercom","stack":"AggregateError [ECONNREFUSED]: \n    at internalConnectMultiple (node:net:1134:18)\n    at afterConnectMultiple (node:net:1715:7)","timestamp":"2025-11-18 21:04:27"}
{"code":"ECONNREFUSED","level":"error","message":"Redis error:","service":"trading-intercom","stack":"AggregateError [ECONNREFUSED]: \n    at internalConnectMultiple (node:net:1134:18)\n    at afterConnectMultiple (node:net:1715:7)","timestamp":"2025-11-18 21:04:29"}
{"code":"ECONNREFUSED","level":"error","message":"Redis error:","service":"trading-intercom","stack":"AggregateError [ECONNREFUSED]: \n    at internalConnectMultiple (node:net:1134:18)\n    at afterConnectMultiple (node:net:1715:7)","timestamp":"2025-11-18 21:04:31"}
{"code":"ECONNREFUSED","level":"error","message":"Redis error:","service":"trading-intercom","stack":"AggregateError [ECONNREFUSED]: \n    at internalConnectMultiple (node:net:1134:18)\n    at afterConnectMultiple (node:net:1715:7)","timestamp":"2025-11-18 21:04:33"}
{"code":"ECONNREFUSED","level":"error","message":"Redis error:","service":"trading-intercom","stack":"AggregateError [ECONNREFUSED]: \n    at internalConnectMultiple (node:net:1134:18)\n    at afterConnectMultiple (node:net:1715:7)","timestamp":"2025-11-18 21:04:35"}
{"code":"ECONNREFUSED","level":"error","message":"Redis error:","service":"trading-intercom","stack":"AggregateError [ECONNREFUSED]: \n    at internalConnectMultiple (node:net:1134:18)\n    at afterConnectMultiple (node:net:1715:7)","timestamp":"2025-11-18 21:04:37"}
{"code":"ECONNREFUSED","level":"error","message":"Redis error:","service":"trading-intercom","stack":"AggregateError [ECONNREFUSED]: \n    at internalConnectMultiple (node:net:1134:18)\n    at afterConnectMultiple (node:net:1715:7)","timestamp":"2025-11-18 21:04:39"}
{"code":"ECONNREFUSED","level":"error","message":"Redis error:","service":"trading-intercom","stack":"AggregateError [ECONNREFUSED]: \n    at internalConnectMultiple (node:net:1134:18)\n    at afterConnectMultiple (node:net:1715:7)","timestamp":"2025-11-18 21:04:41"}
{"code":"ECONNREFUSED","level":"error","message":"Redis error:","service":"trading-intercom","stack":"AggregateError [ECONNREFUSED]: \n    at internalConnectMultiple (node:net:1134:18)\n    at afterConnectMultiple (node:net:1715:7)","timestamp":"2025-11-18 21:04:43"}
{"code":"ECONNREFUSED","level":"error","message":"Redis error:","service":"trading-intercom","stack":"AggregateError [ECONNREFUSED]: \n    at internalConnectMultiple (node:net:1134:18)\n    at afterConnectMultiple (node:net:1715:7)","timestamp":"2025-11-18 21:04:45"}
{"code":"ECONNREFUSED","level":"error","message":"Redis error:","service":"trading-intercom","stack":"AggregateError [ECONNREFUSED]: \n    at internalConnectMultiple (node:net:1134:18)\n    at afterConnectMultiple (node:net:1715:7)","timestamp":"2025-11-18 21:04:47"}
{"code":"ECONNREFUSED","level":"error","message":"Redis error:","service":"trading-intercom","stack":"AggregateError [ECONNREFUSED]: \n    at internalConnectMultiple (node:net:1134:18)\n    at afterConnectMultiple (node:net:1715:7)","timestamp":"2025-11-18 21:04:49"}
{"code":"ECONNREFUSED","level":"error","message":"Redis error:","service":"trading-intercom","stack":"AggregateError [ECONNREFUSED]: \n    at internalConnectMultiple (node:net:1134:18)\n    at afterConnectMultiple (node:net:1715:7)","timestamp":"2025-11-18 21:04:51"}
{"code":"ECONNREFUSED","level":"error","message":"Redis error:","service":"trading-intercom","stack":"AggregateError [ECONNREFUSED]: \n    at internalConnectMultiple (node:net:1134:18)\n    at afterConnectMultiple (node:net:1715:7)","timestamp":"2025-11-18 21:04:54"}
{"code":"ECONNREFUSED","level":"error","message":"Redis error:","service":"trading-intercom","stack":"AggregateError [ECONNREFUSED]: \n    at internalConnectMultiple (node:net:1134:18)\n    at afterConnectMultiple (node:net:1715:7)","timestamp":"2025-11-18 21:04:56"}
{"code":"ECONNREFUSED","level":"error","message":"Redis error:","service":"trading-intercom","stack":"AggregateError [ECONNREFUSED]: \n    at internalConnectMultiple (node:net:1134:18)\n    at afterConnectMultiple (node:net:1715:7)","timestamp":"2025-11-18 21:04:58"}
{"code":"ECONNREFUSED","level":"error","message":"Redis error:","service":"trading-intercom","stack":"AggregateError [ECONNREFUSED]: \n    at internalConnectMultiple (node:net:1134:18)\n    at afterConnectMultiple (node:net:1715:7)","timestamp":"2025-11-18 21:05:01"}
{"code":"ECONNREFUSED","level":"error","message":"Redis error:","service":"trading-intercom","stack":"AggregateError [ECONNREFUSED]: \n    at internalConnectMultiple (node:net:1134:18)\n    at afterConnectMultiple (node:net:1715:7)","timestamp":"2025-11-18 21:05:03"}
{"code":"ECONNREFUSED","level":"error","message":"Redis error:","service":"trading-intercom","stack":"AggregateError [ECONNREFUSED]: \n    at internalConnectMultiple (node:net:1134:18)\n    at afterConnectMultiple (node:net:1715:7)","timestamp":"2025-11-18 21:05:05"}
{"code":"ECONNREFUSED","level":"error","message":"Redis error:","service":"trading-intercom","stack":"AggregateError [ECONNREFUSED]: \n    at internalConnectMultiple (node:net:1134:18)\n    at afterConnectMultiple (node:net:1715:7)","timestamp":"2025-11-18 21:05:07"}
{"code":"ECONNREFUSED","level":"error","message":"Redis error:","service":"trading-intercom","stack":"AggregateError [ECONNREFUSED]: \n    at internalConnectMultiple (node:net:1134:18)\n    at afterConnectMultiple (node:net:1715:7)","timestamp":"2025-11-18 21:05:09"}
{"code":"ECONNREFUSED","level":"error","message":"Redis error:","service":"trading-intercom","stack":"AggregateError [ECONNREFUSED]: \n    at internalConnectMultiple (node:net:1134:18)\n    at afterConnectMultiple (node:net:1715:7)","timestamp":"2025-11-18 21:05:11"}
{"code":"ECONNREFUSED","level":"error","message":"Redis error:","service":"trading-intercom","stack":"AggregateError [ECONNREFUSED]: \n    at internalConnectMultiple (node:net:1134:18)\n    at afterConnectMultiple (node:net:1715:7)","timestamp":"2025-11-18 21:05:13"}
{"code":"ECONNREFUSED","level":"error","message":"Redis error:","service":"trading-intercom","stack":"AggregateError [ECONNREFUSED]: \n    at internalConnectMultiple (node:net:1134:18)\n    at afterConnectMultiple (node:net:1715:7)","timestamp":"2025-11-18 21:05:15"}
{"code":"ECONNREFUSED","level":"error","message":"Redis error:","service":"trading-intercom","stack":"AggregateError [ECONNREFUSED]: \n    at internalConnectMultiple (node:net:1134:18)\n    at afterConnectMultiple (node:net:1715:7)","timestamp":"2025-11-18 21:05:21"}
{"code":"ECONNREFUSED","level":"error","message":"Redis error:","service":"trading-intercom","stack":"AggregateError [ECONNREFUSED]: \n    at internalConnectMultiple (node:net:1134:18)\n    at afterConnectMultiple (node:net:1715:7)","timestamp":"2025-11-18 21:05:23"}
{"code":"ECONNREFUSED","level":"error","message":"Redis error:","service":"trading-intercom","stack":"AggregateError [ECONNREFUSED]: \n    at internalConnectMultiple (node:net:1134:18)\n    at afterConnectMultiple (node:net:1715:7)","timestamp":"2025-11-18 21:05:25"}
{"code":"ECONNREFUSED","level":"error","message":"Redis error:","service":"trading-intercom","stack":"AggregateError [ECONNREFUSED]: \n    at internalConnectMultiple (node:net:1134:18)\n    at afterConnectMultiple (node:net:1715:7)","timestamp":"2025-11-18 21:05:27"}
{"code":"ECONNREFUSED","level":"error","message":"Redis error:","service":"trading-intercom","stack":"AggregateError [ECONNREFUSED]: \n    at internalConnectMultiple (node:net:1134:18)\n    at afterConnectMultiple (node:net:1715:7)","timestamp":"2025-11-18 21:05:29"}
{"code":"ECONNREFUSED","level":"error","message":"Redis error:","service":"trading-intercom","stack":"AggregateError [ECONNREFUSED]: \n    at internalConnectMultiple (node:net:1134:18)\n    at afterConnectMultiple (node:net:1715:7)","timestamp":"2025-11-18 21:05:31"}
{"code":"ECONNREFUSED","level":"error","message":"Redis error:","service":"trading-intercom","stack":"AggregateError [ECONNREFUSED]: \n    at internalConnectMultiple (node:net:1134:18)\n    at afterConnectMultiple (node:net:1715:7)","timestamp":"2025-11-18 21:05:33"}
{"code":"ECONNREFUSED","level":"error","message":"Redis error:","service":"trading-intercom","stack":"AggregateError [ECONNREFUSED]: \n    at internalConnectMultiple (node:net:1134:18)\n    at afterConnectMultiple (node:net:1715:7)","timestamp":"2025-11-18 21:05:36"}
{"code":"ECONNREFUSED","level":"error","message":"Redis error:","service":"trading-intercom","stack":"AggregateError [ECONNREFUSED]: \n    at internalConnectMultiple (node:net:1134:18)\n    at afterConnectMultiple (node:net:1715:7)","timestamp":"2025-11-18 21:05:38"}
{"code":"ECONNREFUSED","level":"error","message":"Redis error:","service":"trading-intercom","stack":"AggregateError [ECONNREFUSED]: \n    at internalConnectMultiple (node:net:1134:18)\n    at afterConnectMultiple (node:net:1715:7)","timestamp":"2025-11-18 21:05:40"}
{"code":"ECONNREFUSED","level":"error","message":"Redis error:","service":"trading-intercom","stack":"AggregateError [ECONNREFUSED]: \n    at internalConnectMultiple (node:net:1134:18)\n    at afterConnectMultiple (node:net:1715:7)","timestamp":"2025-11-18 21:05:42"}
{"code":"ECONNREFUSED","level":"error","message":"Redis error:","service":"trading-intercom","stack":"AggregateError [ECONNREFUSED]: \n    at internalConnectMultiple (node:net:1134:18)\n    at afterConnectMultiple (node:net:1715:7)","timestamp":"2025-11-18 21:05:44"}
{"code":"ECONNREFUSED","level":"error","message":"Redis error:","service":"trading-intercom","stack":"AggregateError [ECONNREFUSED]: \n    at internalConnectMultiple (node:net:1134:18)\n    at afterConnectMultiple (node:net:1715:7)","timestamp":"2025-11-18 21:05:46"}
{"code":"ECONNREFUSED","level":"error","message":"Redis error:","service":"trading-intercom","stack":"AggregateError [ECONNREFUSED]: \n    at internalConnectMultiple (node:net:1134:18)\n    at afterConnectMultiple (node:net:1715:7)","timestamp":"2025-11-18 21:05:48"}
{"code":"ECONNREFUSED","level":"error","message":"Redis error:","service":"trading-intercom","stack":"AggregateError [ECONNREFUSED]: \n    at internalConnectMultiple (node:net:1134:18)\n    at afterConnectMultiple (node:net:1715:7)","timestamp":"2025-11-18 21:05:50"}
{"code":"ECONNREFUSED","level":"error","message":"Redis error:","service":"trading-intercom","stack":"AggregateError [ECONNREFUSED]: \n    at internalConnectMultiple (node:net:1134:18)\n    at afterConnectMultiple (node:net:1715:7)","timestamp":"2025-11-18 21:05:55"}
{"code":"ECONNREFUSED","level":"error","message":"Redis error:","service":"trading-intercom","stack":"AggregateError [ECONNREFUSED]: \n    at internalConnectMultiple (node:net:1134:18)\n    at afterConnectMultiple (node:net:1715:7)","timestamp":"2025-11-18 21:05:57"}
{"code":"ECONNREFUSED","level":"error","message":"Redis error:","service":"trading-intercom","stack":"AggregateError [ECONNREFUSED]: \n    at internalConnectMultiple (node:net:1134:18)\n    at afterConnectMultiple (node:net:1715:7)","timestamp":"2025-11-18 21:05:59"}
{"code":"ECONNREFUSED","level":"error","message":"Redis error:","service":"trading-intercom","stack":"AggregateError [ECONNREFUSED]: \n    at internalConnectMultiple (node:net:1134:18)\n    at afterConnectMultiple (node:net:1715:7)","timestamp":"2025-11-18 21:06:02"}
{"code":"ECONNREFUSED","level":"error","message":"Redis error:","service":"trading-intercom","stack":"AggregateError [ECONNREFUSED]: \n    at internalConnectMultiple (node:net:1134:18)\n    at afterConnectMultiple (node:net:1715:7)","timestamp":"2025-11-18 21:06:04"}
{"code":"ECONNREFUSED","level":"error","message":"Redis error:","service":"trading-intercom","stack":"AggregateError [ECONNREFUSED]: \n    at internalConnectMultiple (node:net:1134:18)\n    at afterConnectMultiple (node:net:1715:7)","timestamp":"2025-11-18 21:06:06"}
{"code":"ECONNREFUSED","level":"error","message":"Redis error:","service":"trading-intercom","stack":"AggregateError [ECONNREFUSED]: \n    at internalConnectMultiple (node:net:1134:18)\n    at afterConnectMultiple (node:net:1715:7)","timestamp":"2025-11-18 21:06:08"}
{"code":"ECONNREFUSED","level":"error","message":"Redis error:","service":"trading-intercom","stack":"AggregateError [ECONNREFUSED]: \n    at internalConnectMultiple (node:net:1134:18)\n    at afterConnectMultiple (node:net:1715:7)","timestamp":"2025-11-18 21:06:10"}
{"code":"ECONNREFUSED","level":"error","message":"Redis error:","service":"trading-intercom","stack":"AggregateError [ECONNREFUSED]: \n    at internalConnectMultiple (node:net:1134:18)\n    at afterConnectMultiple (node:net:1715:7)","timestamp":"2025-11-18 21:06:12"}
{"code":"ECONNREFUSED","level":"error","message":"Redis error:","service":"trading-intercom","stack":"AggregateError [ECONNREFUSED]: \n    at internalConnectMultiple (node:net:1134:18)\n    at afterConnectMultiple (node:net:1715:7)","timestamp":"2025-11-18 21:06:14"}
{"code":"ECONNREFUSED","level":"error","message":"Redis error:","service":"trading-intercom","stack":"AggregateError [ECONNREFUSED]: \n    at internalConnectMultiple (node:net:1134:18)\n    at afterConnectMultiple (node:net:1715:7)","timestamp":"2025-11-18 21:06:16"}
{"code":"ECONNREFUSED","level":"error","message":"Redis error:","service":"trading-intercom","stack":"AggregateError [ECONNREFUSED]: \n    at internalConnectMultiple (node:net:1134:18)\n    at afterConnectMultiple (node:net:1715:7)","timestamp":"2025-11-18 21:06:18"}
{"code":"ECONNREFUSED","level":"error","message":"Redis error:","service":"trading-intercom","stack":"AggregateError [ECONNREFUSED]: \n    at internalConnectMultiple (node:net:1134:18)\n    at afterConnectMultiple (node:net:1715:7)","timestamp":"2025-11-18 21:06:20"}
{"code":"ECONNREFUSED","level":"error","message":"Redis error:","service":"trading-intercom","stack":"AggregateError [ECONNREFUSED]: \n    at internalConnectMultiple (node:net:1134:18)\n    at afterConnectMultiple (node:net:1715:7)","timestamp":"2025-11-18 21:06:22"}
{"code":"ECONNREFUSED","level":"error","message":"Redis error:","service":"trading-intercom","stack":"AggregateError [ECONNREFUSED]: \n    at internalConnectMultiple (node:net:1134:18)\n    at afterConnectMultiple (node:net:1715:7)","timestamp":"2025-11-18 21:06:25"}
{"code":"ECONNREFUSED","level":"error","message":"Redis error:","service":"trading-intercom","stack":"AggregateError [ECONNREFUSED]: \n    at internalConnectMultiple (node:net:1134:18)\n    at afterConnectMultiple (node:net:1715:7)","timestamp":"2025-11-18 21:06:27"}
{"code":"ECONNREFUSED","level":"error","message":"Redis error:","service":"trading-intercom","stack":"AggregateError [ECONNREFUSED]: \n    at internalConnectMultiple (node:net:1134:18)\n    at afterConnectMultiple (node:net:1715:7)","timestamp":"2025-11-18 21:06:29"}
{"code":"ECONNREFUSED","level":"error","message":"Redis error:","service":"trading-intercom","stack":"AggregateError [ECONNREFUSED]: \n    at internalConnectMultiple (node:net:1134:18)\n    at afterConnectMultiple (node:net:1715:7)","timestamp":"2025-11-18 21:06:31"}
{"code":"ECONNREFUSED","level":"error","message":"Redis error:","service":"trading-intercom","stack":"AggregateError [ECONNREFUSED]: \n    at internalConnectMultiple (node:net:1134:18)\n    at afterConnectMultiple (node:net:1715:7)","timestamp":"2025-11-18 21:06:37"}
{"code":"ECONNREFUSED","level":"error","message":"Redis error:","service":"trading-intercom","stack":"AggregateError [ECONNREFUSED]: \n    at internalConnectMultiple (node:net:1134:18)\n    at afterConnectMultiple (node:net:1715:7)","timestamp":"2025-11-18 21:06:39"}
{"code":"ECONNREFUSED","level":"error","message":"Redis error:","service":"trading-intercom","stack":"AggregateError [ECONNREFUSED]: \n    at internalConnectMultiple (node:net:1134:18)\n    at afterConnectMultiple (node:net:1715:7)","timestamp":"2025-11-18 21:06:41"}
{"code":"ECONNREFUSED","level":"error","message":"Redis error:","service":"trading-intercom","stack":"AggregateError [ECONNREFUSED]: \n    at internalConnectMultiple (node:net:1134:18)\n    at afterConnectMultiple (node:net:1715:7)","timestamp":"2025-11-18 21:06:43"}
{"code":"ECONNREFUSED","level":"error","message":"Redis error:","service":"trading-intercom","stack":"AggregateError [ECONNREFUSED]: \n    at internalConnectMultiple (node:net:1134:18)\n    at afterConnectMultiple (node:net:1715:7)","timestamp":"2025-11-18 21:06:45"}
{"code":"ECONNREFUSED","level":"error","message":"Redis error:","service":"trading-intercom","stack":"AggregateError [ECONNREFUSED]: \n    at internalConnectMultiple (node:net:1134:18)\n    at afterConnectMultiple (node:net:1715:7)","timestamp":"2025-11-18 21:06:48"}
{"code":"ECONNREFUSED","level":"error","message":"Redis error:","service":"trading-intercom","stack":"AggregateError [ECONNREFUSED]: \n    at internalConnectMultiple (node:net:1134:18)\n    at afterConnectMultiple (node:net:1715:7)","timestamp":"2025-11-18 21:06:50"}
{"code":"ECONNREFUSED","level":"error","message":"Redis error:","service":"trading-intercom","stack":"AggregateError [ECONNREFUSED]: \n    at internalConnectMultiple (node:net:1134:18)\n    at afterConnectMultiple (node:net:1715:7)","timestamp":"2025-11-18 21:06:52"}
{"code":"ECONNREFUSED","level":"error","message":"Redis error:","service":"trading-intercom","stack":"AggregateError [ECONNREFUSED]: \n    at internalConnectMultiple (node:net:1134:18)\n    at afterConnectMultiple (node:net:1715:7)","timestamp":"2025-11-18 21:06:54"}
{"code":"ECONNREFUSED","level":"error","message":"Redis error:","service":"trading-intercom","stack":"AggregateError [ECONNREFUSED]: \n    at internalConnectMultiple (node:net:1134:18)\n    at afterConnectMultiple (node:net:1715:7)","timestamp":"2025-11-18 21:06:56"}
{"code":"ECONNREFUSED","level":"error","message":"Redis error:","service":"trading-intercom","stack":"AggregateError [ECONNREFUSED]: \n    at internalConnectMultiple (node:net:1134:18)\n    at afterConnectMultiple (node:net:1715:7)","timestamp":"2025-11-18 21:07:00"}
{"code":"ECONNREFUSED","level":"error","message":"Redis error:","service":"trading-intercom","stack":"AggregateError [ECONNREFUSED]: \n    at internalConnectMultiple (node:net:1134:18)\n    at afterConnectMultiple (node:net:1715:7)","timestamp":"2025-11-18 21:07:02"}
{"code":"ECONNREFUSED","level":"error","message":"Redis error:","service":"trading-intercom","stack":"AggregateError [ECONNREFUSED]: \n    at internalConnectMultiple (node:net:1134:18)\n    at afterConnectMultiple (node:net:1715:7)","timestamp":"2025-11-18 21:07:04"}
{"code":"ECONNREFUSED","level":"error","message":"Redis error:","service":"trading-intercom","stack":"AggregateError [ECONNREFUSED]: \n    at internalConnectMultiple (node:net:1134:18)\n    at afterConnectMultiple (node:net:1715:7)","timestamp":"2025-11-18 21:07:06"}
{"code":"ECONNREFUSED","level":"error","message":"Redis error:","service":"trading-intercom","stack":"AggregateError [ECONNREFUSED]: \n    at internalConnectMultiple (node:net:1134:18)\n    at afterConnectMultiple (node:net:1715:7)","timestamp":"2025-11-18 21:07:08"}
{"code":"ECONNREFUSED","level":"error","message":"Redis error:","service":"trading-intercom","stack":"AggregateError [ECONNREFUSED]: \n    at internalConnectMultiple (node:net:1134:18)\n    at afterConnectMultiple (node:net:1715:7)","timestamp":"2025-11-18 21:07:10"}
{"code":"ECONNREFUSED","level":"error","message":"Redis error:","service":"trading-intercom","stack":"AggregateError [ECONNREFUSED]: \n    at internalConnectMultiple (node:net:1134:18)\n    at afterConnectMultiple (node:net:1715:7)","timestamp":"2025-11-18 21:07:12"}
{"code":"ECONNREFUSED","level":"error","message":"Redis error:","service":"trading-intercom","stack":"AggregateError [ECONNREFUSED]: \n    at internalConnectMultiple (node:net:1134:18)\n    at afterConnectMultiple (node:net:1715:7)","timestamp":"2025-11-18 21:07:14"}
{"code":"ECONNREFUSED","level":"error","message":"Redis error:","service":"trading-intercom","stack":"AggregateError [ECONNREFUSED]: \n    at internalConnectMultiple (node:net:1134:18)\n    at afterConnectMultiple (node:net:1715:7)","timestamp":"2025-11-18 21:07:16"}
{"code":"ECONNREFUSED","level":"error","message":"Redis error:","service":"trading-intercom","stack":"AggregateError [ECONNREFUSED]: \n    at internalConnectMultiple (node:net:1134:18)\n    at afterConnectMultiple (node:net:1715:7)","timestamp":"2025-11-18 21:07:18"}
{"code":"ECONNREFUSED","level":"error","message":"Redis error:","service":"trading-intercom","stack":"AggregateError [ECONNREFUSED]: \n    at internalConnectMultiple (node:net:1134:18)\n    at afterConnectMultiple (node:net:1715:7)","timestamp":"2025-11-18 21:07:21"}
{"code":"ECONNREFUSED","level":"error","message":"Redis error:","service":"trading-intercom","stack":"AggregateError [ECONNREFUSED]: \n    at internalConnectMultiple (node:net:1134:18)\n    at afterConnectMultiple (node:net:1715:7)","timestamp":"2025-11-18 21:07:23"}
{"code":"ECONNREFUSED","level":"error","message":"Redis error:","service":"trading-intercom","stack":"AggregateError [ECONNREFUSED]: \n    at internalConnectMultiple (node:net:1134:18)\n    at afterConnectMultiple (node:net:1715:7)","timestamp":"2025-11-18 21:07:25"}
{"code":"ECONNREFUSED","level":"error","message":"Redis error:","service":"trading-intercom","stack":"AggregateError [ECONNREFUSED]: \n    at internalConnectMultiple (node:net:1134:18)\n    at afterConnectMultiple (node:net:1715:7)","timestamp":"2025-11-18 21:07:27"}
{"code":"ECONNREFUSED","level":"error","message":"Redis error:","service":"trading-intercom","stack":"AggregateError [ECONNREFUSED]: \n    at internalConnectMultiple (node:net:1134:18)\n    at afterConnectMultiple (node:net:1715:7)","timestamp":"2025-11-18 21:07:29"}
{"code":"ECONNREFUSED","level":"error","message":"Redis error:","service":"trading-intercom","stack":"AggregateError [ECONNREFUSED]: \n    at internalConnectMultiple (node:net:1134:18)\n    at afterConnectMultiple (node:net:1715:7)","timestamp":"2025-11-18 21:07:31"}
{"code":"ECONNREFUSED","level":"error","message":"Redis error:","service":"trading-intercom","stack":"AggregateError [ECONNREFUSED]: \n    at internalConnectMultiple (node:net:1134:18)\n    at afterConnectMultiple (node:net:1715:7)","timestamp":"2025-11-18 21:07:33"}
{"code":"ECONNREFUSED","level":"error","message":"Redis error:","service":"trading-intercom","stack":"AggregateError [ECONNREFUSED]: \n    at internalConnectMultiple (node:net:1134:18)\n    at afterConnectMultiple (node:net:1715:7)","timestamp":"2025-11-18 21:07:35"}
{"code":"ECONNREFUSED","level":"error","message":"Redis error:","service":"trading-intercom","stack":"AggregateError [ECONNREFUSED]: \n    at internalConnectMultiple (node:net:1134:18)\n    at afterConnectMultiple (node:net:1715:7)","timestamp":"2025-11-18 21:07:37"}
{"code":"ECONNREFUSED","level":"error","message":"Redis error:","service":"trading-intercom","stack":"AggregateError [ECONNREFUSED]: \n    at internalConnectMultiple (node:net:1134:18)\n    at afterConnectMultiple (node:net:1715:7)","timestamp":"2025-11-18 21:07:39"}
{"code":"ECONNREFUSED","level":"error","message":"Redis error:","service":"trading-intercom","stack":"AggregateError [ECONNREFUSED]: \n    at internalConnectMultiple (node:net:1134:18)\n    at afterConnectMultiple (node:net:1715:7)","timestamp":"2025-11-18 21:07:41"}
{"code":"ECONNREFUSED","level":"error","message":"Redis error:","service":"trading-intercom","stack":"AggregateError [ECONNREFUSED]: \n    at internalConnectMultiple (node:net:1134:18)\n    at afterConnectMultiple (node:net:1715:7)","timestamp":"2025-11-18 21:07:43"}
{"code":"ECONNREFUSED","level":"error","message":"Redis error:","service":"trading-intercom","stack":"AggregateError [ECONNREFUSED]: \n    at internalConnectMultiple (node:net:1134:18)\n    at afterConnectMultiple (node:net:1715:7)","timestamp":"2025-11-18 21:07:46"}
{"code":"ECONNREFUSED","level":"error","message":"Redis error:","service":"trading-intercom","stack":"AggregateError [ECONNREFUSED]: \n    at internalConnectMultiple (node:net:1134:18)\n    at afterConnectMultiple (node:net:1715:7)","timestamp":"2025-11-18 21:07:48"}
{"code":"ECONNREFUSED","level":"error","message":"Redis error:","service":"trading-intercom","stack":"AggregateError [ECONNREFUSED]: \n    at internalConnectMultiple (node:net:1134:18)\n    at afterConnectMultiple (node:net:1715:7)","timestamp":"2025-11-18 21:07:50"}
{"code":"ECONNREFUSED","level":"error","message":"Redis error:","service":"trading-intercom","stack":"AggregateError [ECONNREFUSED]: \n    at internalConnectMultiple (node:net:1134:18)\n    at afterConnectMultiple (node:net:1715:7)","timestamp":"2025-11-18 21:07:52"}
{"code":"ECONNREFUSED","level":"error","message":"Redis error:","service":"trading-intercom","stack":"AggregateError [ECONNREFUSED]: \n    at internalConnectMultiple (node:net:1134:18)\n    at afterConnectMultiple (node:net:1715:7)","timestamp":"2025-11-18 21:07:54"}
{"code":"ECONNREFUSED","level":"error","message":"Redis error:","service":"trading-intercom","stack":"AggregateError [ECONNREFUSED]: \n    at internalConnectMultiple (node:net:1134:18)\n    at afterConnectMultiple (node:net:1715:7)","timestamp":"2025-11-18 21:07:56"}
{"code":"ECONNREFUSED","level":"error","message":"Redis error:","service":"trading-intercom","stack":"AggregateError [ECONNREFUSED]: \n    at internalConnectMultiple (node:net:1134:18)\n    at afterConnectMultiple (node:net:1715:7)","timestamp":"2025-11-18 21:07:59"}
{"code":"ECONNREFUSED","level":"error","message":"Redis error:","service":"trading-intercom","stack":"AggregateError [ECONNREFUSED]: \n    at internalConnectMultiple (node:net:1134:18)\n    at afterConnectMultiple (node:net:1715:7)","timestamp":"2025-11-18 21:08:01"}
{"code":"ECONNREFUSED","level":"error","message":"Redis error:","service":"trading-intercom","stack":"AggregateError [ECONNREFUSED]: \n    at internalConnectMultiple (node:net:1134:18)\n    at afterConnectMultiple (node:net:1715:7)","timestamp":"2025-12-09 11:22:10"}
{"level":"error","message":"Failed to initialize Redis single instance: Connection is closed.","service":"trading-intercom","stack":"Error: Connection is closed.\n    at EventEmitter.connectionCloseHandler (C:\\Projects\\intercom\\node_modules\\ioredis\\built\\Redis.js:208:28)\n    at Object.onceWrapper (node:events:623:26)\n    at EventEmitter.emit (node:events:520:35)\n    at process.processTicksAndRejections (node:internal/process/task_queues:84:11)","timestamp":"2025-12-09 11:22:10"}
{"level":"error","message":"Failed to initialize Redis: Connection is closed.","service":"trading-intercom","stack":"Error: Connection is closed.\n    at EventEmitter.connectionCloseHandler (C:\\Projects\\intercom\\node_modules\\ioredis\\built\\Redis.js:208:28)\n    at Object.onceWrapper (node:events:623:26)\n    at EventEmitter.emit (node:events:520:35)\n    at process.processTicksAndRejections (node:internal/process/task_queues:84:11)","timestamp":"2025-12-09 11:22:10"}
{"level":"error","message":"Failed to initialize Redis service: Connection is closed.","service":"trading-intercom","stack":"Error: Connection is closed.\n    at EventEmitter.connectionCloseHandler (C:\\Projects\\intercom\\node_modules\\ioredis\\built\\Redis.js:208:28)\n    at Object.onceWrapper (node:events:623:26)\n    at EventEmitter.emit (node:events:520:35)\n    at process.processTicksAndRejections (node:internal/process/task_queues:84:11)","timestamp":"2025-12-09 11:22:10"}
{"code":"ECONNREFUSED","level":"error","message":"Redis error:","service":"trading-intercom","stack":"AggregateError [ECONNREFUSED]: \n    at internalConnectMultiple (node:net:1134:18)\n    at afterConnectMultiple (node:net:1715:7)","timestamp":"2025-12-09 11:22:10"}
{"code":"ECONNREFUSED","level":"error","message":"Redis error:","service":"trading-intercom","stack":"AggregateError [ECONNREFUSED]: \n    at internalConnectMultiple (node:net:1134:18)\n    at afterConnectMultiple (node:net:1715:7)","timestamp":"2025-12-09 11:22:11"}
{"code":"ECONNREFUSED","level":"error","message":"Redis error:","service":"trading-intercom","stack":"AggregateError [ECONNREFUSED]: \n    at internalConnectMultiple (node:net:1134:18)\n    at afterConnectMultiple (node:net:1715:7)","timestamp":"2025-12-09 11:22:11"}
{"code":"ECONNREFUSED","level":"error","message":"Redis error:","service":"trading-intercom","stack":"AggregateError [ECONNREFUSED]: \n    at internalConnectMultiple (node:net:1134:18)\n    at afterConnectMultiple (node:net:1715:7)","timestamp":"2025-12-09 11:22:11"}
{"code":"ECONNREFUSED","level":"error","message":"Redis error:","service":"trading-intercom","stack":"AggregateError [ECONNREFUSED]: \n    at internalConnectMultiple (node:net:1134:18)\n    at afterConnectMultiple (node:net:1715:7)","timestamp":"2025-12-09 11:22:11"}
{"code":"ECONNREFUSED","level":"error","message":"Redis error:","service":"trading-intercom","stack":"AggregateError [ECONNREFUSED]: \n    at internalConnectMultiple (node:net:1134:18)\n    at afterConnectMultiple (node:net:1715:7)","timestamp":"2025-12-09 11:22:12"}
{"code":"ECONNREFUSED","level":"error","message":"Redis error:","service":"trading-intercom","stack":"AggregateError [ECONNREFUSED]: \n    at internalConnectMultiple (node:net:1134:18)\n    at afterConnectMultiple (node:net:1715:7)","timestamp":"2025-12-09 11:22:12"}
{"code":"ECONNREFUSED","level":"error","message":"Redis error:","service":"trading-intercom","stack":"AggregateError [ECONNREFUSED]: \n    at internalConnectMultiple (node:net:1134:18)\n    at afterConnectMultiple (node:net:1715:7)","timestamp":"2025-12-09 11:22:12"}
{"code":"ECONNREFUSED","level":"error","message":"Redis error:","service":"trading-intercom","stack":"AggregateError [ECONNREFUSED]: \n    at internalConnectMultiple (node:net:1134:18)\n    at afterConnectMultiple (node:net:1715:7)","timestamp":"2025-12-09 11:22:13"}
{"code":"ECONNREFUSED","level":"error","message":"Redis error:","service":"trading-intercom","stack":"AggregateError [ECONNREFUSED]: \n    at internalConnectMultiple (node:net:1134:18)\n    at afterConnectMultiple (node:net:1715:7)","timestamp":"2025-12-09 11:22:13"}
{"code":"ECONNREFUSED","level":"error","message":"Redis error:","service":"trading-intercom","stack":"AggregateError [ECONNREFUSED]: \n    at internalConnectMultiple (node:net:1134:18)\n    at afterConnectMultiple (node:net:1715:7)","timestamp":"2025-12-09 11:22:14"}
{"code":"ECONNREFUSED","level":"error","message":"Redis error:","service":"trading-intercom","stack":"AggregateError [ECONNREFUSED]: \n    at internalConnectMultiple (node:net:1134:18)\n    at afterConnectMultiple (node:net:1715:7)","timestamp":"2025-12-09 11:22:15"}
{"code":"ECONNREFUSED","level":"error","message":"Redis error:","service":"trading-intercom","stack":"AggregateError [ECONNREFUSED]: \n    at internalConnectMultiple (node:net:1134:18)\n    at afterConnectMultiple (node:net:1715:7)","timestamp":"2025-12-09 11:22:15"}
{"code":"ECONNREFUSED","level":"error","message":"Redis error:","service":"trading-intercom","stack":"AggregateError [ECONNREFUSED]: \n    at internalConnectMultiple (node:net:1134:18)\n    at afterConnectMultiple (node:net:1715:7)","timestamp":"2025-12-09 11:22:16"}
{"code":"ECONNREFUSED","level":"error","message":"Redis error:","service":"trading-intercom","stack":"AggregateError [ECONNREFUSED]: \n    at internalConnectMultiple (node:net:1134:18)\n    at afterConnectMultiple (node:net:1715:7)","timestamp":"2025-12-09 11:22:17"}
{"code":"ECONNREFUSED","level":"error","message":"Redis error:","service":"trading-intercom","stack":"AggregateError [ECONNREFUSED]: \n    at internalConnectMultiple (node:net:1134:18)\n    at afterConnectMultiple (node:net:1715:7)","timestamp":"2025-12-09 11:22:18"}
{"code":"ECONNREFUSED","level":"error","message":"Redis error:","service":"trading-intercom","stack":"AggregateError [ECONNREFUSED]: \n    at internalConnectMultiple (node:net:1134:18)\n    at afterConnectMultiple (node:net:1715:7)","timestamp":"2025-12-09 11:22:18"}
{"code":"ECONNREFUSED","level":"error","message":"Redis error:","service":"trading-intercom","stack":"AggregateError [ECONNREFUSED]: \n    at internalConnectMultiple (node:net:1134:18)\n    at afterConnectMultiple (node:net:1715:7)","timestamp":"2025-12-09 11:22:19"}
{"code":"ECONNREFUSED","level":"error","message":"Redis error:","service":"trading-intercom","stack":"AggregateError [ECONNREFUSED]: \n    at internalConnectMultiple (node:net:1134:18)\n    at afterConnectMultiple (node:net:1715:7)","timestamp":"2025-12-09 11:22:20"}
{"code":"ECONNREFUSED","level":"error","message":"Redis error:","service":"trading-intercom","stack":"AggregateError [ECONNREFUSED]: \n    at internalConnectMultiple (node:net:1134:18)\n    at afterConnectMultiple (node:net:1715:7)","timestamp":"2025-12-09 11:22:21"}
{"code":"ECONNREFUSED","level":"error","message":"Redis error:","service":"trading-intercom","stack":"AggregateError [ECONNREFUSED]: \n    at internalConnectMultiple (node:net:1134:18)\n    at afterConnectMultiple (node:net:1715:7)","timestamp":"2025-12-09 11:22:22"}
{"code":"ECONNREFUSED","level":"error","message":"Redis error:","service":"trading-intercom","stack":"AggregateError [ECONNREFUSED]: \n    at internalConnectMultiple (node:net:1134:18)\n    at afterConnectMultiple (node:net:1715:7)","timestamp":"2025-12-09 11:22:23"}
{"code":"ECONNREFUSED","level":"error","message":"Redis error:","service":"trading-intercom","stack":"AggregateError [ECONNREFUSED]: \n    at internalConnectMultiple (node:net:1134:18)\n    at afterConnectMultiple (node:net:1715:7)","timestamp":"2025-12-09 11:22:25"}
{"code":"ECONNREFUSED","level":"error","message":"Redis error:","service":"trading-intercom","stack":"AggregateError [ECONNREFUSED]: \n    at internalConnectMultiple (node:net:1134:18)\n    at afterConnectMultiple (node:net:1715:7)","timestamp":"2025-12-09 11:22:26"}
{"code":"ECONNREFUSED","level":"error","message":"Redis error:","service":"trading-intercom","stack":"AggregateError [ECONNREFUSED]: \n    at internalConnectMultiple (node:net:1134:18)\n    at afterConnectMultiple (node:net:1715:7)","timestamp":"2025-12-09 11:22:27"}
{"code":"ECONNREFUSED","level":"error","message":"Redis error:","service":"trading-intercom","stack":"AggregateError [ECONNREFUSED]: \n    at internalConnectMultiple (node:net:1134:18)\n    at afterConnectMultiple (node:net:1715:7)","timestamp":"2025-12-09 11:22:28"}
{"code":"ECONNREFUSED","level":"error","message":"Redis error:","service":"trading-intercom","stack":"AggregateError [ECONNREFUSED]: \n    at internalConnectMultiple (node:net:1134:18)\n    at afterConnectMultiple (node:net:1715:7)","timestamp":"2025-12-09 11:22:30"}
{"code":"ECONNREFUSED","level":"error","message":"Redis error:","service":"trading-intercom","stack":"AggregateError [ECONNREFUSED]: \n    at internalConnectMultiple (node:net:1134:18)\n    at afterConnectMultiple (node:net:1715:7)","timestamp":"2025-12-09 11:22:31"}
{"code":"ECONNREFUSED","level":"error","message":"Redis error:","service":"trading-intercom","stack":"AggregateError [ECONNREFUSED]: \n    at internalConnectMultiple (node:net:1134:18)\n    at afterConnectMultiple (node:net:1715:7)","timestamp":"2025-12-09 11:22:33"}
{"code":"ECONNREFUSED","level":"error","message":"Redis error:","service":"trading-intercom","stack":"AggregateError [ECONNREFUSED]: \n    at internalConnectMultiple (node:net:1134:18)\n    at afterConnectMultiple (node:net:1715:7)","timestamp":"2025-12-09 11:22:34"}
{"code":"ECONNREFUSED","level":"error","message":"Redis error:","service":"trading-intercom","stack":"AggregateError [ECONNREFUSED]: \n    at internalConnectMultiple (node:net:1134:18)\n    at afterConnectMultiple (node:net:1715:7)","timestamp":"2025-12-09 11:22:36"}
{"code":"ECONNREFUSED","level":"error","message":"Redis error:","service":"trading-intercom","stack":"AggregateError [ECONNREFUSED]: \n    at internalConnectMultiple (node:net:1134:18)\n    at afterConnectMultiple (node:net:1715:7)","timestamp":"2025-12-09 11:22:37"}
{"code":"ECONNREFUSED","level":"error","message":"Redis error:","service":"trading-intercom","stack":"AggregateError [ECONNREFUSED]: \n    at internalConnectMultiple (node:net:1134:18)\n    at afterConnectMultiple (node:net:1715:7)","timestamp":"2025-12-09 11:22:39"}
{"code":"ECONNREFUSED","level":"error","message":"Redis error:","service":"trading-intercom","stack":"AggregateError [ECONNREFUSED]: \n    at internalConnectMultiple (node:net:1134:18)\n    at afterConnectMultiple (node:net:1715:7)","timestamp":"2025-12-09 11:22:41"}
{"code":"ECONNREFUSED","level":"error","message":"Redis error:","service":"trading-intercom","stack":"AggregateError [ECONNREFUSED]: \n    at internalConnectMultiple (node:net:1134:18)\n    at afterConnectMultiple (node:net:1715:7)","timestamp":"2025-12-09 11:22:43"}
{"code":"ECONNREFUSED","level":"error","message":"Redis error:","service":"trading-intercom","stack":"AggregateError [ECONNREFUSED]: \n    at internalConnectMultiple (node:net:1134:18)\n    at afterConnectMultiple (node:net:1715:7)","timestamp":"2025-12-09 11:22:44"}
{"code":"ECONNREFUSED","level":"error","message":"Redis error:","service":"trading-intercom","stack":"AggregateError [ECONNREFUSED]: \n    at internalConnectMultiple (node:net:1134:18)\n    at afterConnectMultiple (node:net:1715:7)","timestamp":"2025-12-09 11:22:46"}
{"code":"ECONNREFUSED","level":"error","message":"Redis error:","service":"trading-intercom","stack":"AggregateError [ECONNREFUSED]: \n    at internalConnectMultiple (node:net:1134:18)\n    at afterConnectMultiple (node:net:1715:7)","timestamp":"2025-12-09 11:22:48"}
{"code":"ECONNREFUSED","level":"error","message":"Redis error:","service":"trading-intercom","stack":"AggregateError [ECONNREFUSED]: \n    at internalConnectMultiple (node:net:1134:18)\n    at afterConnectMultiple (node:net:1715:7)","timestamp":"2025-12-09 11:22:50"}
{"code":"ECONNREFUSED","level":"error","message":"Redis error:","service":"trading-intercom","stack":"AggregateError [ECONNREFUSED]: \n    at internalConnectMultiple (node:net:1134:18)\n    at afterConnectMultiple (node:net:1715:7)","timestamp":"2025-12-09 11:22:52"}
{"code":"ECONNREFUSED","level":"error","message":"Redis error:","service":"trading-intercom","stack":"AggregateError [ECONNREFUSED]: \n    at internalConnectMultiple (node:net:1134:18)\n    at afterConnectMultiple (node:net:1715:7)","timestamp":"2025-12-09 11:22:54"}
{"code":"ECONNREFUSED","level":"error","message":"Redis error:","service":"trading-intercom","stack":"AggregateError [ECONNREFUSED]: \n    at internalConnectMultiple (node:net:1134:18)\n    at afterConnectMultiple (node:net:1715:7)","timestamp":"2025-12-09 11:22:56"}
{"code":"ECONNREFUSED","level":"error","message":"Redis error:","service":"trading-intercom","stack":"AggregateError [ECONNREFUSED]: \n    at internalConnectMultiple (node:net:1134:18)\n    at afterConnectMultiple (node:net:1715:7)","timestamp":"2025-12-09 11:22:58"}
{"code":"ECONNREFUSED","level":"error","message":"Redis error:","service":"trading-intercom","stack":"AggregateError [ECONNREFUSED]: \n    at internalConnectMultiple (node:net:1134:18)\n    at afterConnectMultiple (node:net:1715:7)","timestamp":"2025-12-09 11:23:00"}
{"code":"ECONNREFUSED","level":"error","message":"Redis error:","service":"trading-intercom","stack":"AggregateError [ECONNREFUSED]: \n    at internalConnectMultiple (node:net:1134:18)\n    at afterConnectMultiple (node:net:1715:7)","timestamp":"2025-12-09 11:23:02"}
{"code":"ECONNREFUSED","level":"error","message":"Redis error:","service":"trading-intercom","stack":"AggregateError [ECONNREFUSED]: \n    at internalConnectMultiple (node:net:1134:18)\n    at afterConnectMultiple (node:net:1715:7)","timestamp":"2025-12-09 11:23:04"}
{"code":"ECONNREFUSED","level":"error","message":"Redis error:","service":"trading-intercom","stack":"AggregateError [ECONNREFUSED]: \n    at internalConnectMultiple (node:net:1134:18)\n    at afterConnectMultiple (node:net:1715:7)","timestamp":"2025-12-09 11:23:06"}
{"code":"ECONNREFUSED","level":"error","message":"Redis error:","service":"trading-intercom","stack":"AggregateError [ECONNREFUSED]: \n    at internalConnectMultiple (node:net:1134:18)\n    at afterConnectMultiple (node:net:1715:7)","timestamp":"2025-12-09 11:23:08"}
{"code":"ECONNREFUSED","level":"error","message":"Redis error:","service":"trading-intercom","stack":"AggregateError [ECONNREFUSED]: \n    at internalConnectMultiple (node:net:1134:18)\n    at afterConnectMultiple (node:net:1715:7)","timestamp":"2025-12-09 11:23:10"}
{"code":"ECONNREFUSED","level":"error","message":"Redis error:","service":"trading-intercom","stack":"AggregateError [ECONNREFUSED]: \n    at internalConnectMultiple (node:net:1134:18)\n    at afterConnectMultiple (node:net:1715:7)","timestamp":"2025-12-09 11:23:12"}
{"code":"ECONNREFUSED","level":"error","message":"Redis error:","service":"trading-intercom","stack":"AggregateError [ECONNREFUSED]: \n    at internalConnectMultiple (node:net:1134:18)\n    at afterConnectMultiple (node:net:1715:7)","timestamp":"2025-12-09 11:23:14"}
{"code":"ECONNREFUSED","level":"error","message":"Redis error:","service":"trading-intercom","stack":"AggregateError [ECONNREFUSED]: \n    at internalConnectMultiple (node:net:1134:18)\n    at afterConnectMultiple (node:net:1715:7)","timestamp":"2025-12-09 11:23:16"}
{"code":"ECONNREFUSED","level":"error","message":"Redis error:","service":"trading-intercom","stack":"AggregateError [ECONNREFUSED]: \n    at internalConnectMultiple (node:net:1134:18)\n    at afterConnectMultiple (node:net:1715:7)","timestamp":"2025-12-09 11:23:18"}
{"code":"ECONNREFUSED","level":"error","message":"Redis error:","service":"trading-intercom","stack":"AggregateError [ECONNREFUSED]: \n    at internalConnectMultiple (node:net:1134:18)\n    at afterConnectMultiple (node:net:1715:7)","timestamp":"2025-12-09 11:23:20"}
{"code":"ECONNREFUSED","level":"error","message":"Redis error:","service":"trading-intercom","stack":"AggregateError [ECONNREFUSED]: \n    at internalConnectMultiple (node:net:1134:18)\n    at afterConnectMultiple (node:net:1715:7)","timestamp":"2025-12-09 11:23:22"}
{"code":"ECONNREFUSED","level":"error","message":"Redis error:","service":"trading-intercom","stack":"AggregateError [ECONNREFUSED]: \n    at internalConnectMultiple (node:net:1134:18)\n    at afterConnectMultiple (node:net:1715:7)","timestamp":"2025-12-09 11:23:24"}
{"code":"ECONNREFUSED","level":"error","message":"Redis error:","service":"trading-intercom","stack":"AggregateError [ECONNREFUSED]: \n    at internalConnectMultiple (node:net:1134:18)\n    at afterConnectMultiple (node:net:1715:7)","timestamp":"2025-12-09 11:23:26"}
{"code":"ECONNREFUSED","level":"error","message":"Redis error:","service":"trading-intercom","stack":"AggregateError [ECONNREFUSED]: \n    at internalConnectMultiple (node:net:1134:18)\n    at afterConnectMultiple (node:net:1715:7)","timestamp":"2025-12-09 11:23:28"}
{"code":"ECONNREFUSED","level":"error","message":"Redis error:","service":"trading-intercom","stack":"AggregateError [ECONNREFUSED]: \n    at internalConnectMultiple (node:net:1134:18)\n    at afterConnectMultiple (node:net:1715:7)","timestamp":"2025-12-09 11:23:30"}
{"code":"ECONNREFUSED","level":"error","message":"Redis error:","service":"trading-intercom","stack":"AggregateError [ECONNREFUSED]: \n    at internalConnectMultiple (node:net:1134:18)\n    at afterConnectMultiple (node:net:1715:7)","timestamp":"2025-12-09 11:23:32"}
{"code":"ECONNREFUSED","level":"error","message":"Redis error:","service":"trading-intercom","stack":"AggregateError [ECONNREFUSED]: \n    at internalConnectMultiple (node:net:1134:18)\n    at afterConnectMultiple (node:net:1715:7)","timestamp":"2025-12-09 11:23:34"}
{"code":"ECONNREFUSED","level":"error","message":"Redis error:","service":"trading-intercom","stack":"AggregateError [ECONNREFUSED]: \n    at internalConnectMultiple (node:net:1134:18)\n    at afterConnectMultiple (node:net:1715:7)","timestamp":"2025-12-09 11:23:36"}
{"code":"ECONNREFUSED","level":"error","message":"Redis error:","service":"trading-intercom","stack":"AggregateError [ECONNREFUSED]: \n    at internalConnectMultiple (node:net:1134:18)\n    at afterConnectMultiple (node:net:1715:7)","timestamp":"2025-12-09 11:23:38"}
{"code":"ECONNREFUSED","level":"error","message":"Redis error:","service":"trading-intercom","stack":"AggregateError [ECONNREFUSED]: \n    at internalConnectMultiple (node:net:1134:18)\n    at afterConnectMultiple (node:net:1715:7)","timestamp":"2025-12-09 11:23:40"}
{"code":"ECONNREFUSED","level":"error","message":"Redis error:","service":"trading-intercom","stack":"AggregateError [ECONNREFUSED]: \n    at internalConnectMultiple (node:net:1134:18)\n    at afterConnectMultiple (node:net:1715:7)","timestamp":"2025-12-09 11:23:42"}
{"code":"ECONNREFUSED","level":"error","message":"Redis error:","service":"trading-intercom","stack":"AggregateError [ECONNREFUSED]: \n    at internalConnectMultiple (node:net:1134:18)\n    at afterConnectMultiple (node:net:1715:7)","timestamp":"2025-12-09 11:23:44"}
{"code":"ECONNREFUSED","level":"error","message":"Redis error:","service":"trading-intercom","stack":"AggregateError [ECONNREFUSED]: \n    at internalConnectMultiple (node:net:1134:18)\n    at afterConnectMultiple (node:net:1715:7)","timestamp":"2025-12-09 11:23:46"}
{"code":"ECONNREFUSED","level":"error","message":"Redis error:","service":"trading-intercom","stack":"AggregateError [ECONNREFUSED]: \n    at internalConnectMultiple (node:net:1134:18)\n    at afterConnectMultiple (node:net:1715:7)","timestamp":"2025-12-09 11:23:48"}
{"code":"ECONNREFUSED","level":"error","message":"Redis error:","service":"trading-intercom","stack":"AggregateError [ECONNREFUSED]: \n    at internalConnectMultiple (node:net:1134:18)\n    at afterConnectMultiple (node:net:1715:7)","timestamp":"2025-12-09 11:23:50"}
{"code":"ECONNREFUSED","level":"error","message":"Redis error:","service":"trading-intercom","stack":"AggregateError [ECONNREFUSED]: \n    at internalConnectMultiple (node:net:1134:18)\n    at afterConnectMultiple (node:net:1715:7)","timestamp":"2025-12-09 11:23:52"}
{"code":"ECONNREFUSED","level":"error","message":"Redis error:","service":"trading-intercom","stack":"AggregateError [ECONNREFUSED]: \n    at internalConnectMultiple (node:net:1134:18)\n    at afterConnectMultiple (node:net:1715:7)","timestamp":"2025-12-09 11:23:54"}
{"code":"ECONNREFUSED","level":"error","message":"Redis error:","service":"trading-intercom","stack":"AggregateError [ECONNREFUSED]: \n    at internalConnectMultiple (node:net:1134:18)\n    at afterConnectMultiple (node:net:1715:7)","timestamp":"2025-12-09 11:23:56"}
{"code":"ECONNREFUSED","level":"error","message":"Redis error:","service":"trading-intercom","stack":"AggregateError [ECONNREFUSED]: \n    at internalConnectMultiple (node:net:1134:18)\n    at afterConnectMultiple (node:net:1715:7)","timestamp":"2025-12-09 11:23:58"}
{"code":"ECONNREFUSED","level":"error","message":"Redis error:","service":"trading-intercom","stack":"AggregateError [ECONNREFUSED]: \n    at internalConnectMultiple (node:net:1134:18)\n    at afterConnectMultiple (node:net:1715:7)","timestamp":"2025-12-09 11:24:01"}
{"code":"ECONNREFUSED","level":"error","message":"Redis error:","service":"trading-intercom","stack":"AggregateError [ECONNREFUSED]: \n    at internalConnectMultiple (node:net:1134:18)\n    at afterConnectMultiple (node:net:1715:7)","timestamp":"2025-12-09 11:24:03"}
{"code":"ECONNREFUSED","level":"error","message":"Redis error:","service":"trading-intercom","stack":"AggregateError [ECONNREFUSED]: \n    at internalConnectMultiple (node:net:1134:18)\n    at afterConnectMultiple (node:net:1715:7)","timestamp":"2025-12-09 11:24:05"}
{"code":"ECONNREFUSED","level":"error","message":"Redis error:","service":"trading-intercom","stack":"AggregateError [ECONNREFUSED]: \n    at internalConnectMultiple (node:net:1134:18)\n    at afterConnectMultiple (node:net:1715:7)","timestamp":"2025-12-09 11:24:07"}
{"code":"ECONNREFUSED","level":"error","message":"Redis error:","service":"trading-intercom","stack":"AggregateError [ECONNREFUSED]: \n    at internalConnectMultiple (node:net:1134:18)\n    at afterConnectMultiple (node:net:1715:7)","timestamp":"2025-12-09 11:24:09"}
{"code":"ECONNREFUSED","level":"error","message":"Redis error:","service":"trading-intercom","stack":"AggregateError [ECONNREFUSED]: \n    at internalConnectMultiple (node:net:1134:18)\n    at afterConnectMultiple (node:net:1715:7)","timestamp":"2025-12-09 11:24:11"}
{"code":"ECONNREFUSED","level":"error","message":"Redis error:","service":"trading-intercom","stack":"AggregateError [ECONNREFUSED]: \n    at internalConnectMultiple (node:net:1134:18)\n    at afterConnectMultiple (node:net:1715:7)","timestamp":"2025-12-09 11:24:13"}
{"code":"ECONNREFUSED","level":"error","message":"Redis error:","service":"trading-intercom","stack":"AggregateError [ECONNREFUSED]: \n    at internalConnectMultiple (node:net:1134:18)\n    at afterConnectMultiple (node:net:1715:7)","timestamp":"2025-12-09 11:24:15"}
{"code":"ECONNREFUSED","level":"error","message":"Redis error:","service":"trading-intercom","stack":"AggregateError [ECONNREFUSED]: \n    at internalConnectMultiple (node:net:1134:18)\n    at afterConnectMultiple (node:net:1715:7)","timestamp":"2025-12-09 11:24:17"}
{"code":"ECONNREFUSED","level":"error","message":"Redis error:","service":"trading-intercom","stack":"AggregateError [ECONNREFUSED]: \n    at internalConnectMultiple (node:net:1134:18)\n    at afterConnectMultiple (node:net:1715:7)","timestamp":"2025-12-09 11:24:19"}
{"code":"ECONNREFUSED","level":"error","message":"Redis error:","service":"trading-intercom","stack":"AggregateError [ECONNREFUSED]: \n    at internalConnectMultiple (node:net:1134:18)\n    at afterConnectMultiple (node:net:1715:7)","timestamp":"2025-12-09 11:24:21"}
{"code":"ECONNREFUSED","level":"error","message":"Redis error:","service":"trading-intercom","stack":"AggregateError [ECONNREFUSED]: \n    at internalConnectMultiple (node:net:1134:18)\n    at afterConnectMultiple (node:net:1715:7)","timestamp":"2025-12-09 11:24:23"}
{"code":"ECONNREFUSED","level":"error","message":"Redis error:","service":"trading-intercom","stack":"AggregateError [ECONNREFUSED]: \n    at internalConnectMultiple (node:net:1134:18)\n    at afterConnectMultiple (node:net:1715:7)","timestamp":"2025-12-09 11:24:25"}
{"code":"ECONNREFUSED","level":"error","message":"Redis error:","service":"trading-intercom","stack":"AggregateError [ECONNREFUSED]: \n    at internalConnectMultiple (node:net:1134:18)\n    at afterConnectMultiple (node:net:1715:7)","timestamp":"2025-12-09 11:24:27"}
{"code":"ECONNREFUSED","level":"error","message":"Redis error:","service":"trading-intercom","stack":"AggregateError [ECONNREFUSED]: \n    at internalConnectMultiple (node:net:1134:18)\n    at afterConnectMultiple (node:net:1715:7)","timestamp":"2025-12-09 11:24:29"}
{"code":"ECONNREFUSED","level":"error","message":"Redis error:","service":"trading-intercom","stack":"AggregateError [ECONNREFUSED]: \n    at internalConnectMultiple (node:net:1134:18)\n    at afterConnectMultiple (node:net:1715:7)","timestamp":"2025-12-09 11:24:31"}
{"code":"ECONNREFUSED","level":"error","message":"Redis error:","service":"trading-intercom","stack":"AggregateError [ECONNREFUSED]: \n    at internalConnectMultiple (node:net:1134:18)\n    at afterConnectMultiple (node:net:1715:7)","timestamp":"2025-12-09 11:24:33"}
{"code":"ECONNREFUSED","level":"error","message":"Redis error:","service":"trading-intercom","stack":"AggregateError [ECONNREFUSED]: \n    at internalConnectMultiple (node:net:1134:18)\n    at afterConnectMultiple (node:net:1715:7)","timestamp":"2025-12-09 11:24:35"}
{"code":"ECONNREFUSED","level":"error","message":"Redis error:","service":"trading-intercom","stack":"AggregateError [ECONNREFUSED]: \n    at internalConnectMultiple (node:net:1134:18)\n    at afterConnectMultiple (node:net:1715:7)","timestamp":"2025-12-09 11:24:37"}
{"code":"ECONNREFUSED","level":"error","message":"Redis error:","service":"trading-intercom","stack":"AggregateError [ECONNREFUSED]: \n    at internalConnectMultiple (node:net:1134:18)\n    at afterConnectMultiple (node:net:1715:7)","timestamp":"2025-12-09 11:24:39"}
{"code":"ECONNREFUSED","level":"error","message":"Redis error:","service":"trading-intercom","stack":"AggregateError [ECONNREFUSED]: \n    at internalConnectMultiple (node:net:1134:18)\n    at afterConnectMultiple (node:net:1715:7)","timestamp":"2025-12-09 11:24:41"}
{"code":"ECONNREFUSED","level":"error","message":"Redis error:","service":"trading-intercom","stack":"AggregateError [ECONNREFUSED]: \n    at internalConnectMultiple (node:net:1134:18)\n    at afterConnectMultiple (node:net:1715:7)","timestamp":"2025-12-09 11:24:43"}
{"code":"ECONNREFUSED","level":"error","message":"Redis error:","service":"trading-intercom","stack":"AggregateError [ECONNREFUSED]: \n    at internalConnectMultiple (node:net:1134:18)\n    at afterConnectMultiple (node:net:1715:7)","timestamp":"2025-12-09 11:24:45"}
{"code":"ECONNREFUSED","level":"error","message":"Redis error:","service":"trading-intercom","stack":"AggregateError [ECONNREFUSED]: \n    at internalConnectMultiple (node:net:1134:18)\n    at afterConnectMultiple (node:net:1715:7)","timestamp":"2025-12-09 11:24:47"}
{"code":"ECONNREFUSED","level":"error","message":"Redis error:","service":"trading-intercom","stack":"AggregateError [ECONNREFUSED]: \n    at internalConnectMultiple (node:net:1134:18)\n    at afterConnectMultiple (node:net:1715:7)","timestamp":"2025-12-09 11:24:49"}
{"code":"ECONNREFUSED","level":"error","message":"Redis error:","service":"trading-intercom","stack":"AggregateError [ECONNREFUSED]: \n    at internalConnectMultiple (node:net:1134:18)\n    at afterConnectMultiple (node:net:1715:7)","timestamp":"2025-12-09 11:24:51"}
{"code":"ECONNREFUSED","level":"error","message":"Redis error:","service":"trading-intercom","stack":"AggregateError [ECONNREFUSED]: \n    at internalConnectMultiple (node:net:1134:18)\n    at afterConnectMultiple (node:net:1715:7)","timestamp":"2025-12-09 11:24:53"}
{"code":"ECONNREFUSED","level":"error","message":"Redis error:","service":"trading-intercom","stack":"AggregateError [ECONNREFUSED]: \n    at internalConnectMultiple (node:net:1134:18)\n    at afterConnectMultiple (node:net:1715:7)","timestamp":"2025-12-09 11:24:55"}
{"code":"ECONNREFUSED","level":"error","message":"Redis error:","service":"trading-intercom","stack":"AggregateError [ECONNREFUSED]: \n    at internalConnectMultiple (node:net:1134:18)\n    at afterConnectMultiple (node:net:1715:7)","timestamp":"2025-12-09 11:24:57"}
{"code":"ECONNREFUSED","level":"error","message":"Redis error:","service":"trading-intercom","stack":"AggregateError [ECONNREFUSED]: \n    at internalConnectMultiple (node:net:1134:18)\n    at afterConnectMultiple (node:net:1715:7)","timestamp":"2025-12-09 11:24:59"}
{"code":"ECONNREFUSED","level":"error","message":"Redis error:","service":"trading-intercom","stack":"AggregateError [ECONNREFUSED]: \n    at internalConnectMultiple (node:net:1134:18)\n    at afterConnectMultiple (node:net:1715:7)","timestamp":"2025-12-09 11:25:01"}
{"code":"ECONNREFUSED","level":"error","message":"Redis error:","service":"trading-intercom","stack":"AggregateError [ECONNREFUSED]: \n    at internalConnectMultiple (node:net:1134:18)\n    at afterConnectMultiple (node:net:1715:7)","timestamp":"2025-12-09 11:25:03"}
{"code":"ECONNREFUSED","level":"error","message":"Redis error:","service":"trading-intercom","stack":"AggregateError [ECONNREFUSED]: \n    at internalConnectMultiple (node:net:1134:18)\n    at afterConnectMultiple (node:net:1715:7)","timestamp":"2025-12-09 11:25:05"}
{"code":"ECONNREFUSED","level":"error","message":"Redis error:","service":"trading-intercom","stack":"AggregateError [ECONNREFUSED]: \n    at internalConnectMultiple (node:net:1134:18)\n    at afterConnectMultiple (node:net:1715:7)","timestamp":"2025-12-09 11:25:07"}
{"code":"ECONNREFUSED","level":"error","message":"Redis error:","service":"trading-intercom","stack":"AggregateError [ECONNREFUSED]: \n    at internalConnectMultiple (node:net:1134:18)\n    at afterConnectMultiple (node:net:1715:7)","timestamp":"2025-12-09 11:25:09"}
{"code":"ECONNREFUSED","level":"error","message":"Redis error:","service":"trading-intercom","stack":"AggregateError [ECONNREFUSED]: \n    at internalConnectMultiple (node:net:1134:18)\n    at afterConnectMultiple (node:net:1715:7)","timestamp":"2025-12-09 11:25:11"}
{"code":"ECONNREFUSED","level":"error","message":"Redis error:","service":"trading-intercom","stack":"AggregateError [ECONNREFUSED]: \n    at internalConnectMultiple (node:net:1134:18)\n    at afterConnectMultiple (node:net:1715:7)","timestamp":"2025-12-09 11:25:13"}
{"code":"ECONNREFUSED","level":"error","message":"Redis error:","service":"trading-intercom","stack":"AggregateError [ECONNREFUSED]: \n    at internalConnectMultiple (node:net:1134:18)\n    at afterConnectMultiple (node:net:1715:7)","timestamp":"2025-12-09 11:25:15"}
{"code":"ECONNREFUSED","level":"error","message":"Redis error:","service":"trading-intercom","stack":"AggregateError [ECONNREFUSED]: \n    at internalConnectMultiple (node:net:1134:18)\n    at afterConnectMultiple (node:net:1715:7)","timestamp":"2025-12-09 11:25:17"}
{"code":"ECONNREFUSED","level":"error","message":"Redis error:","service":"trading-intercom","stack":"AggregateError [ECONNREFUSED]: \n    at internalConnectMultiple (node:net:1134:18)\n    at afterConnectMultiple (node:net:1715:7)","timestamp":"2025-12-09 11:25:19"}
{"code":"ECONNREFUSED","level":"error","message":"Redis error:","service":"trading-intercom","stack":"AggregateError [ECONNREFUSED]: \n    at internalConnectMultiple (node:net:1134:18)\n    at afterConnectMultiple (node:net:1715:7)","timestamp":"2025-12-09 11:25:21"}
{"code":"ECONNREFUSED","level":"error","message":"Redis error:","service":"trading-intercom","stack":"AggregateError [ECONNREFUSED]: \n    at internalConnectMultiple (node:net:1134:18)\n    at afterConnectMultiple (node:net:1715:7)","timestamp":"2025-12-09 11:25:23"}
{"code":"ECONNREFUSED","level":"error","message":"Redis error:","service":"trading-intercom","stack":"AggregateError [ECONNREFUSED]: \n    at internalConnectMultiple (node:net:1134:18)\n    at afterConnectMultiple (node:net:1715:7)","timestamp":"2025-12-09 11:25:25"}
{"code":"ECONNREFUSED","level":"error","message":"Redis error:","service":"trading-intercom","stack":"AggregateError [ECONNREFUSED]: \n    at internalConnectMultiple (node:net:1134:18)\n    at afterConnectMultiple (node:net:1715:7)","timestamp":"2025-12-09 11:25:27"}
{"code":"ECONNREFUSED","level":"error","message":"Redis error:","service":"trading-intercom","stack":"AggregateError [ECONNREFUSED]: \n    at internalConnectMultiple (node:net:1134:18)\n    at afterConnectMultiple (node:net:1715:7)","timestamp":"2025-12-09 11:25:29"}
{"code":"ECONNREFUSED","level":"error","message":"Redis error:","service":"trading-intercom","stack":"AggregateError [ECONNREFUSED]: \n    at internalConnectMultiple (node:net:1134:18)\n    at afterConnectMultiple (node:net:1715:7)","timestamp":"2025-12-09 11:25:31"}
{"code":"ECONNREFUSED","level":"error","message":"Redis error:","service":"trading-intercom","stack":"AggregateError [ECONNREFUSED]: \n    at internalConnectMultiple (node:net:1134:18)\n    at afterConnectMultiple (node:net:1715:7)","timestamp":"2025-12-09 11:25:33"}
{"code":"ECONNREFUSED","level":"error","message":"Redis error:","service":"trading-intercom","stack":"AggregateError [ECONNREFUSED]: \n    at internalConnectMultiple (node:net:1134:18)\n    at afterConnectMultiple (node:net:1715:7)","timestamp":"2025-12-09 11:25:35"}
{"code":"ECONNREFUSED","level":"error","message":"Redis error:","service":"trading-intercom","stack":"AggregateError [ECONNREFUSED]: \n    at internalConnectMultiple (node:net:1134:18)\n    at afterConnectMultiple (node:net:1715:7)","timestamp":"2025-12-09 11:25:37"}
{"code":"ECONNREFUSED","level":"error","message":"Redis error:","service":"trading-intercom","stack":"AggregateError [ECONNREFUSED]: \n    at internalConnectMultiple (node:net:1134:18)\n    at afterConnectMultiple (node:net:1715:7)","timestamp":"2025-12-09 11:25:39"}
{"code":"ECONNREFUSED","level":"error","message":"Redis error:","service":"trading-intercom","stack":"AggregateError [ECONNREFUSED]: \n    at internalConnectMultiple (node:net:1134:18)\n    at afterConnectMultiple (node:net:1715:7)","timestamp":"2025-12-09 11:25:41"}
{"code":"ECONNREFUSED","level":"error","message":"Redis error:","service":"trading-intercom","stack":"AggregateError [ECONNREFUSED]: \n    at internalConnectMultiple (node:net:1134:18)\n    at afterConnectMultiple (node:net:1715:7)","timestamp":"2025-12-09 11:25:43"}
{"code":"ECONNREFUSED","level":"error","message":"Redis error:","service":"trading-intercom","stack":"AggregateError [ECONNREFUSED]: \n    at internalConnectMultiple (node:net:1134:18)\n    at afterConnectMultiple (node:net:1715:7)","timestamp":"2025-12-09 11:25:45"}
{"code":"ECONNREFUSED","level":"error","message":"Redis error:","service":"trading-intercom","stack":"AggregateError [ECONNREFUSED]: \n    at internalConnectMultiple (node:net:1134:18)\n    at afterConnectMultiple (node:net:1715:7)","timestamp":"2025-12-09 11:25:47"}
{"code":"ECONNREFUSED","level":"error","message":"Redis error:","service":"trading-intercom","stack":"AggregateError [ECONNREFUSED]: \n    at internalConnectMultiple (node:net:1134:18)\n    at afterConnectMultiple (node:net:1715:7)","timestamp":"2025-12-09 11:25:49"}
{"code":"ECONNREFUSED","level":"error","message":"Redis error:","service":"trading-intercom","stack":"AggregateError [ECONNREFUSED]: \n    at internalConnectMultiple (node:net:1134:18)\n    at afterConnectMultiple (node:net:1715:7)","timestamp":"2025-12-09 11:25:51"}
{"code":"ECONNREFUSED","level":"error","message":"Redis error:","service":"trading-intercom","stack":"AggregateError [ECONNREFUSED]: \n    at internalConnectMultiple (node:net:1134:18)\n    at afterConnectMultiple (node:net:1715:7)","timestamp":"2025-12-09 11:25:53"}
{"code":"ECONNREFUSED","level":"error","message":"Redis error:","service":"trading-intercom","stack":"AggregateError [ECONNREFUSED]: \n    at internalConnectMultiple (node:net:1134:18)\n    at afterConnectMultiple (node:net:1715:7)","timestamp":"2025-12-09 11:25:55"}
{"code":"ECONNREFUSED","level":"error","message":"Redis error:","service":"trading-intercom","stack":"AggregateError [ECONNREFUSED]: \n    at internalConnectMultiple (node:net:1134:18)\n    at afterConnectMultiple (node:net:1715:7)","timestamp":"2025-12-09 11:25:57"}
{"code":"ECONNREFUSED","level":"error","message":"Redis error:","service":"trading-intercom","stack":"AggregateError [ECONNREFUSED]: \n    at internalConnectMultiple (node:net:1134:18)\n    at afterConnectMultiple (node:net:1715:7)","timestamp":"2025-12-09 11:25:59"}
{"code":"ECONNREFUSED","level":"error","message":"Redis error:","service":"trading-intercom","stack":"AggregateError [ECONNREFUSED]: \n    at internalConnectMultiple (node:net:1134:18)\n    at afterConnectMultiple (node:net:1715:7)","timestamp":"2025-12-09 11:26:01"}
{"code":"ECONNREFUSED","level":"error","message":"Redis error:","service":"trading-intercom","stack":"AggregateError [ECONNREFUSED]: \n    at internalConnectMultiple (node:net:1134:18)\n    at afterConnectMultiple (node:net:1715:7)","timestamp":"2025-12-09 11:26:03"}
{"code":"ECONNREFUSED","level":"error","message":"Redis error:","service":"trading-intercom","stack":"AggregateError [ECONNREFUSED]: \n    at internalConnectMultiple (node:net:1134:18)\n    at afterConnectMultiple (node:net:1715:7)","timestamp":"2025-12-09 11:26:05"}
{"code":"ECONNREFUSED","level":"error","message":"Redis error:","service":"trading-intercom","stack":"AggregateError [ECONNREFUSED]: \n    at internalConnectMultiple (node:net:1134:18)\n    at afterConnectMultiple (node:net:1715:7)","timestamp":"2025-12-09 11:26:07"}
{"code":"ECONNREFUSED","level":"error","message":"Redis error:","service":"trading-intercom","stack":"AggregateError [ECONNREFUSED]: \n    at internalConnectMultiple (node:net:1134:18)\n    at afterConnectMultiple (node:net:1715:7)","timestamp":"2025-12-09 11:26:09"}
{"code":"ECONNREFUSED","level":"error","message":"Redis error:","service":"trading-intercom","stack":"AggregateError [ECONNREFUSED]: \n    at internalConnectMultiple (node:net:1134:18)\n    at afterConnectMultiple (node:net:1715:7)","timestamp":"2025-12-09 11:26:11"}
{"code":"ECONNREFUSED","level":"error","message":"Redis error:","service":"trading-intercom","stack":"AggregateError [ECONNREFUSED]: \n    at internalConnectMultiple (node:net:1134:18)\n    at afterConnectMultiple (node:net:1715:7)","timestamp":"2025-12-09 11:26:13"}
{"code":"ECONNREFUSED","level":"error","message":"Redis error:","service":"trading-intercom","stack":"AggregateError [ECONNREFUSED]: \n    at internalConnectMultiple (node:net:1134:18)\n    at afterConnectMultiple (node:net:1715:7)","timestamp":"2025-12-09 11:26:15"}
{"code":"ECONNREFUSED","level":"error","message":"Redis error:","service":"trading-intercom","stack":"AggregateError [ECONNREFUSED]: \n    at internalConnectMultiple (node:net:1134:18)\n    at afterConnectMultiple (node:net:1715:7)","timestamp":"2025-12-09 11:26:18"}
{"code":"ECONNREFUSED","level":"error","message":"Redis error:","service":"trading-intercom","stack":"AggregateError [ECONNREFUSED]: \n    at internalConnectMultiple (node:net:1134:18)\n    at afterConnectMultiple (node:net:1715:7)","timestamp":"2025-12-09 11:26:20"}
{"code":"ECONNREFUSED","level":"error","message":"Redis error:","service":"trading-intercom","stack":"AggregateError [ECONNREFUSED]: \n    at internalConnectMultiple (node:net:1134:18)\n    at afterConnectMultiple (node:net:1715:7)","timestamp":"2025-12-09 11:26:22"}
{"code":"ECONNREFUSED","level":"error","message":"Redis error:","service":"trading-intercom","stack":"AggregateError [ECONNREFUSED]: \n    at internalConnectMultiple (node:net:1134:18)\n    at afterConnectMultiple (node:net:1715:7)","timestamp":"2025-12-09 11:26:24"}
{"code":"ECONNREFUSED","level":"error","message":"Redis error:","service":"trading-intercom","stack":"AggregateError [ECONNREFUSED]: \n    at internalConnectMultiple (node:net:1134:18)\n    at afterConnectMultiple (node:net:1715:7)","timestamp":"2025-12-09 11:26:26"}
{"code":"ECONNREFUSED","level":"error","message":"Redis error:","service":"trading-intercom","stack":"AggregateError [ECONNREFUSED]: \n    at internalConnectMultiple (node:net:1134:18)\n    at afterConnectMultiple (node:net:1715:7)","timestamp":"2025-12-09 11:26:28"}
{"code":"ECONNREFUSED","level":"error","message":"Redis error:","service":"trading-intercom","stack":"AggregateError [ECONNREFUSED]: \n    at internalConnectMultiple (node:net:1134:18)\n    at afterConnectMultiple (node:net:1715:7)","timestamp":"2025-12-09 11:26:30"}
{"code":"ECONNREFUSED","level":"error","message":"Redis error:","service":"trading-intercom","stack":"AggregateError [ECONNREFUSED]: \n    at internalConnectMultiple (node:net:1134:18)\n    at afterConnectMultiple (node:net:1715:7)","timestamp":"2025-12-09 11:26:32"}
{"code":"ECONNREFUSED","level":"error","message":"Redis error:","service":"trading-intercom","stack":"AggregateError [ECONNREFUSED]: \n    at internalConnectMultiple (node:net:1134:18)\n    at afterConnectMultiple (node:net:1715:7)","timestamp":"2025-12-09 11:26:34"}
{"code":"ECONNREFUSED","level":"error","message":"Redis error:","service":"trading-intercom","stack":"AggregateError [ECONNREFUSED]: \n    at internalConnectMultiple (node:net:1134:18)\n    at afterConnectMultiple (node:net:1715:7)","timestamp":"2025-12-09 11:26:36"}
{"code":"ECONNREFUSED","level":"error","message":"Redis error:","service":"trading-intercom","stack":"AggregateError [ECONNREFUSED]: \n    at internalConnectMultiple (node:net:1134:18)\n    at afterConnectMultiple (node:net:1715:7)","timestamp":"2025-12-09 11:26:38"}
{"code":"ECONNREFUSED","level":"error","message":"Redis error:","service":"trading-intercom","stack":"AggregateError [ECONNREFUSED]: \n    at internalConnectMultiple (node:net:1134:18)\n    at afterConnectMultiple (node:net:1715:7)","timestamp":"2025-12-09 11:26:40"}
{"code":"ECONNREFUSED","level":"error","message":"Redis error:","service":"trading-intercom","stack":"AggregateError [ECONNREFUSED]: \n    at internalConnectMultiple (node:net:1134:18)\n    at afterConnectMultiple (node:net:1715:7)","timestamp":"2025-12-09 11:26:42"}
{"code":"ECONNREFUSED","level":"error","message":"Redis error:","service":"trading-intercom","stack":"AggregateError [ECONNREFUSED]: \n    at internalConnectMultiple (node:net:1134:18)\n    at afterConnectMultiple (node:net:1715:7)","timestamp":"2025-12-09 11:26:44"}
{"code":"ECONNREFUSED","level":"error","message":"Redis error:","service":"trading-intercom","stack":"AggregateError [ECONNREFUSED]: \n    at internalConnectMultiple (node:net:1134:18)\n    at afterConnectMultiple (node:net:1715:7)","timestamp":"2025-12-09 11:26:46"}
{"code":"ECONNREFUSED","level":"error","message":"Redis error:","service":"trading-intercom","stack":"AggregateError [ECONNREFUSED]: \n    at internalConnectMultiple (node:net:1134:18)\n    at afterConnectMultiple (node:net:1715:7)","timestamp":"2025-12-09 11:26:48"}
{"code":"ECONNREFUSED","level":"error","message":"Redis error:","service":"trading-intercom","stack":"AggregateError [ECONNREFUSED]: \n    at internalConnectMultiple (node:net:1134:18)\n    at afterConnectMultiple (node:net:1715:7)","timestamp":"2025-12-09 11:26:50"}
{"code":"ECONNREFUSED","level":"error","message":"Redis error:","service":"trading-intercom","stack":"AggregateError [ECONNREFUSED]: \n    at internalConnectMultiple (node:net:1134:18)\n    at afterConnectMultiple (node:net:1715:7)","timestamp":"2025-12-09 11:26:52"}
{"code":"ECONNREFUSED","level":"error","message":"Redis error:","service":"trading-intercom","stack":"AggregateError [ECONNREFUSED]: \n    at internalConnectMultiple (node:net:1134:18)\n    at afterConnectMultiple (node:net:1715:7)","timestamp":"2025-12-09 11:26:54"}
{"code":"ECONNREFUSED","level":"error","message":"Redis error:","service":"trading-intercom","stack":"AggregateError [ECONNREFUSED]: \n    at internalConnectMultiple (node:net:1134:18)\n    at afterConnectMultiple (node:net:1715:7)","timestamp":"2025-12-09 11:26:56"}
{"code":"ECONNREFUSED","level":"error","message":"Redis error:","service":"trading-intercom","stack":"AggregateError [ECONNREFUSED]: \n    at internalConnectMultiple (node:net:1134:18)\n    at afterConnectMultiple (node:net:1715:7)","timestamp":"2025-12-09 11:26:58"}
{"code":"ECONNREFUSED","level":"error","message":"Redis error:","service":"trading-intercom","stack":"AggregateError [ECONNREFUSED]: \n    at internalConnectMultiple (node:net:1134:18)\n    at afterConnectMultiple (node:net:1715:7)","timestamp":"2025-12-09 11:27:00"}
{"code":"ECONNREFUSED","level":"error","message":"Redis error:","service":"trading-intercom","stack":"AggregateError [ECONNREFUSED]: \n    at internalConnectMultiple (node:net:1134:18)\n    at afterConnectMultiple (node:net:1715:7)","timestamp":"2025-12-09 11:27:02"}
{"code":"ECONNREFUSED","level":"error","message":"Redis error:","service":"trading-intercom","stack":"AggregateError [ECONNREFUSED]: \n    at internalConnectMultiple (node:net:1134:18)\n    at afterConnectMultiple (node:net:1715:7)","timestamp":"2025-12-09 11:27:04"}
{"code":"ECONNREFUSED","level":"error","message":"Redis error:","service":"trading-intercom","stack":"AggregateError [ECONNREFUSED]: \n    at internalConnectMultiple (node:net:1134:18)\n    at afterConnectMultiple (node:net:1715:7)","timestamp":"2025-12-09 11:27:06"}
{"code":"ECONNREFUSED","level":"error","message":"Redis error:","service":"trading-intercom","stack":"AggregateError [ECONNREFUSED]: \n    at internalConnectMultiple (node:net:1134:18)\n    at afterConnectMultiple (node:net:1715:7)","timestamp":"2025-12-09 11:27:08"}
{"code":"ECONNREFUSED","level":"error","message":"Redis error:","service":"trading-intercom","stack":"AggregateError [ECONNREFUSED]: \n    at internalConnectMultiple (node:net:1134:18)\n    at afterConnectMultiple (node:net:1715:7)","timestamp":"2025-12-09 11:27:10"}
{"code":"ECONNREFUSED","level":"error","message":"Redis error:","service":"trading-intercom","stack":"AggregateError [ECONNREFUSED]: \n    at internalConnectMultiple (node:net:1134:18)\n    at afterConnectMultiple (node:net:1715:7)","timestamp":"2025-12-09 11:27:12"}
{"code":"ECONNREFUSED","level":"error","message":"Redis error:","service":"trading-intercom","stack":"AggregateError [ECONNREFUSED]: \n    at internalConnectMultiple (node:net:1134:18)\n    at afterConnectMultiple (node:net:1715:7)","timestamp":"2025-12-09 11:27:14"}
{"code":"ECONNREFUSED","level":"error","message":"Redis error:","service":"trading-intercom","stack":"AggregateError [ECONNREFUSED]: \n    at internalConnectMultiple (node:net:1134:18)\n    at afterConnectMultiple (node:net:1715:7)","timestamp":"2025-12-09 11:27:16"}
{"code":"ECONNREFUSED","level":"error","message":"Redis error:","service":"trading-intercom","stack":"AggregateError [ECONNREFUSED]: \n    at internalConnectMultiple (node:net:1134:18)\n    at afterConnectMultiple (node:net:1715:7)","timestamp":"2025-12-09 11:27:18"}
{"code":"ECONNREFUSED","level":"error","message":"Redis error:","service":"trading-intercom","stack":"AggregateError [ECONNREFUSED]: \n    at internalConnectMultiple (node:net:1134:18)\n    at afterConnectMultiple (node:net:1715:7)","timestamp":"2025-12-09 11:27:20"}
{"code":"ECONNREFUSED","level":"error","message":"Redis error:","service":"trading-intercom","stack":"AggregateError [ECONNREFUSED]: \n    at internalConnectMultiple (node:net:1134:18)\n    at afterConnectMultiple (node:net:1715:7)","timestamp":"2025-12-09 11:27:22"}
{"code":"ECONNREFUSED","level":"error","message":"Redis error:","service":"trading-intercom","stack":"AggregateError [ECONNREFUSED]: \n    at internalConnectMultiple (node:net:1134:18)\n    at afterConnectMultiple (node:net:1715:7)","timestamp":"2025-12-09 11:27:24"}
{"code":"ECONNREFUSED","level":"error","message":"Redis error:","service":"trading-intercom","stack":"AggregateError [ECONNREFUSED]: \n    at internalConnectMultiple (node:net:1134:18)\n    at afterConnectMultiple (node:net:1715:7)","timestamp":"2025-12-09 11:27:26"}
{"code":"ECONNREFUSED","level":"error","message":"Redis error:","service":"trading-intercom","stack":"AggregateError [ECONNREFUSED]: \n    at internalConnectMultiple (node:net:1134:18)\n    at afterConnectMultiple (node:net:1715:7)","timestamp":"2025-12-09 11:27:28"}
{"code":"ECONNREFUSED","level":"error","message":"Redis error:","service":"trading-intercom","stack":"AggregateError [ECONNREFUSED]: \n    at internalConnectMultiple (node:net:1134:18)\n    at afterConnectMultiple (node:net:1715:7)","timestamp":"2025-12-09 11:27:30"}
{"code":"ECONNREFUSED","level":"error","message":"Redis error:","service":"trading-intercom","stack":"AggregateError [ECONNREFUSED]: \n    at internalConnectMultiple (node:net:1134:18)\n    at afterConnectMultiple (node:net:1715:7)","timestamp":"2025-12-09 11:27:32"}
{"code":"ECONNREFUSED","level":"error","message":"Redis error:","service":"trading-intercom","stack":"AggregateError [ECONNREFUSED]: \n    at internalConnectMultiple (node:net:1134:18)\n    at afterConnectMultiple (node:net:1715:7)","timestamp":"2025-12-09 11:27:34"}
{"code":"ECONNREFUSED","level":"error","message":"Redis error:","service":"trading-intercom","stack":"AggregateError [ECONNREFUSED]: \n    at internalConnectMultiple (node:net:1134:18)\n    at afterConnectMultiple (node:net:1715:7)","timestamp":"2025-12-09 11:27:36"}
{"code":"ECONNREFUSED","level":"error","message":"Redis error:","service":"trading-intercom","stack":"AggregateError [ECONNREFUSED]: \n    at internalConnectMultiple (node:net:1134:18)\n    at afterConnectMultiple (node:net:1715:7)","timestamp":"2025-12-09 11:27:38"}
{"code":"ECONNREFUSED","level":"error","message":"Redis error:","service":"trading-intercom","stack":"AggregateError [ECONNREFUSED]: \n    at internalConnectMultiple (node:net:1134:18)\n    at afterConnectMultiple (node:net:1715:7)","timestamp":"2025-12-09 11:27:40"}
{"code":"ECONNREFUSED","level":"error","message":"Redis error:","service":"trading-intercom","stack":"AggregateError [ECONNREFUSED]: \n    at internalConnectMultiple (node:net:1134:18)\n    at afterConnectMultiple (node:net:1715:7)","timestamp":"2025-12-09 11:27:42"}
{"code":"ECONNREFUSED","level":"error","message":"Redis error:","service":"trading-intercom","stack":"AggregateError [ECONNREFUSED]: \n    at internalConnectMultiple (node:net:1134:18)\n    at afterConnectMultiple (node:net:1715:7)","timestamp":"2025-12-09 11:27:44"}
{"code":"ECONNREFUSED","level":"error","message":"Redis error:","service":"trading-intercom","stack":"AggregateError [ECONNREFUSED]: \n    at internalConnectMultiple (node:net:1134:18)\n    at afterConnectMultiple (node:net:1715:7)","timestamp":"2025-12-09 11:27:46"}
{"code":"ECONNREFUSED","level":"error","message":"Redis error:","service":"trading-intercom","stack":"AggregateError [ECONNREFUSED]: \n    at internalConnectMultiple (node:net:1134:18)\n    at afterConnectMultiple (node:net:1715:7)","timestamp":"2025-12-09 11:27:48"}
{"code":"ECONNREFUSED","level":"error","message":"Redis error:","service":"trading-intercom","stack":"AggregateError [ECONNREFUSED]: \n    at internalConnectMultiple (node:net:1134:18)\n    at afterConnectMultiple (node:net:1715:7)","timestamp":"2025-12-09 11:27:50"}
{"code":"ECONNREFUSED","level":"error","message":"Redis error:","service":"trading-intercom","stack":"AggregateError [ECONNREFUSED]: \n    at internalConnectMultiple (node:net:1134:18)\n    at afterConnectMultiple (node:net:1715:7)","timestamp":"2025-12-09 11:27:52"}
{"code":"ECONNREFUSED","level":"error","message":"Redis error:","service":"trading-intercom","stack":"AggregateError [ECONNREFUSED]: \n    at internalConnectMultiple (node:net:1134:18)\n    at afterConnectMultiple (node:net:1715:7)","timestamp":"2025-12-09 11:27:54"}
{"code":"ECONNREFUSED","level":"error","message":"Redis error:","service":"trading-intercom","stack":"AggregateError [ECONNREFUSED]: \n    at internalConnectMultiple (node:net:1134:18)\n    at afterConnectMultiple (node:net:1715:7)","timestamp":"2025-12-09 11:27:56"}
{"code":"ECONNREFUSED","level":"error","message":"Redis error:","service":"trading-intercom","stack":"AggregateError [ECONNREFUSED]: \n    at internalConnectMultiple (node:net:1134:18)\n    at afterConnectMultiple (node:net:1715:7)","timestamp":"2025-12-09 11:27:58"}
{"code":"ECONNREFUSED","level":"error","message":"Redis error:","service":"trading-intercom","stack":"AggregateError [ECONNREFUSED]: \n    at internalConnectMultiple (node:net:1134:18)\n    at afterConnectMultiple (node:net:1715:7)","timestamp":"2025-12-09 11:28:00"}
{"code":"ECONNREFUSED","level":"error","message":"Redis error:","service":"trading-intercom","stack":"AggregateError [ECONNREFUSED]: \n    at internalConnectMultiple (node:net:1134:18)\n    at afterConnectMultiple (node:net:1715:7)","timestamp":"2025-12-09 11:28:02"}
{"code":"ECONNREFUSED","level":"error","message":"Redis error:","service":"trading-intercom","stack":"AggregateError [ECONNREFUSED]: \n    at internalConnectMultiple (node:net:1134:18)\n    at afterConnectMultiple (node:net:1715:7)","timestamp":"2025-12-09 11:28:04"}
{"code":"ECONNREFUSED","level":"error","message":"Redis error:","service":"trading-intercom","stack":"AggregateError [ECONNREFUSED]: \n    at internalConnectMultiple (node:net:1134:18)\n    at afterConnectMultiple (node:net:1715:7)","timestamp":"2025-12-09 11:28:06"}
{"code":"ECONNREFUSED","level":"error","message":"Redis error:","service":"trading-intercom","stack":"AggregateError [ECONNREFUSED]: \n    at internalConnectMultiple (node:net:1134:18)\n    at afterConnectMultiple (node:net:1715:7)","timestamp":"2025-12-09 11:28:08"}
{"code":"ECONNREFUSED","level":"error","message":"Redis error:","service":"trading-intercom","stack":"AggregateError [ECONNREFUSED]: \n    at internalConnectMultiple (node:net:1134:18)\n    at afterConnectMultiple (node:net:1715:7)","timestamp":"2025-12-09 11:28:10"}
{"code":"ECONNREFUSED","level":"error","message":"Redis error:","service":"trading-intercom","stack":"AggregateError [ECONNREFUSED]: \n    at internalConnectMultiple (node:net:1134:18)\n    at afterConnectMultiple (node:net:1715:7)","timestamp":"2025-12-09 11:28:12"}
{"code":"ECONNREFUSED","level":"error","message":"Redis error:","service":"trading-intercom","stack":"AggregateError [ECONNREFUSED]: \n    at internalConnectMultiple (node:net:1134:18)\n    at afterConnectMultiple (node:net:1715:7)","timestamp":"2025-12-09 11:28:14"}
{"code":"ECONNREFUSED","level":"error","message":"Redis error:","service":"trading-intercom","stack":"AggregateError [ECONNREFUSED]: \n    at internalConnectMultiple (node:net:1134:18)\n    at afterConnectMultiple (node:net:1715:7)","timestamp":"2025-12-09 11:28:17"}
{"code":"ECONNREFUSED","level":"error","message":"Redis error:","service":"trading-intercom","stack":"AggregateError [ECONNREFUSED]: \n    at internalConnectMultiple (node:net:1134:18)\n    at afterConnectMultiple (node:net:1715:7)","timestamp":"2025-12-09 11:28:19"}
{"code":"ECONNREFUSED","level":"error","message":"Redis error:","service":"trading-intercom","stack":"AggregateError [ECONNREFUSED]: \n    at internalConnectMultiple (node:net:1134:18)\n    at afterConnectMultiple (node:net:1715:7)","timestamp":"2025-12-09 11:28:21"}
{"code":"ECONNREFUSED","level":"error","message":"Redis error:","service":"trading-intercom","stack":"AggregateError [ECONNREFUSED]: \n    at internalConnectMultiple (node:net:1134:18)\n    at afterConnectMultiple (node:net:1715:7)","timestamp":"2025-12-09 11:28:23"}
{"code":"ECONNREFUSED","level":"error","message":"Redis error:","service":"trading-intercom","stack":"AggregateError [ECONNREFUSED]: \n    at internalConnectMultiple (node:net:1134:18)\n    at afterConnectMultiple (node:net:1715:7)","timestamp":"2025-12-09 11:28:25"}
{"code":"ECONNREFUSED","level":"error","message":"Redis error:","service":"trading-intercom","stack":"AggregateError [ECONNREFUSED]: \n    at internalConnectMultiple (node:net:1134:18)\n    at afterConnectMultiple (node:net:1715:7)","timestamp":"2025-12-09 11:28:27"}
{"code":"ECONNREFUSED","level":"error","message":"Redis error:","service":"trading-intercom","stack":"AggregateError [ECONNREFUSED]: \n    at internalConnectMultiple (node:net:1134:18)\n    at afterConnectMultiple (node:net:1715:7)","timestamp":"2025-12-09 11:28:29"}
{"code":"ECONNREFUSED","level":"error","message":"Redis error:","service":"trading-intercom","stack":"AggregateError [ECONNREFUSED]: \n    at internalConnectMultiple (node:net:1134:18)\n    at afterConnectMultiple (node:net:1715:7)","timestamp":"2025-12-09 11:28:31"}
{"code":"ECONNREFUSED","level":"error","message":"Redis error:","service":"trading-intercom","stack":"AggregateError [ECONNREFUSED]: \n    at internalConnectMultiple (node:net:1134:18)\n    at afterConnectMultiple (node:net:1715:7)","timestamp":"2025-12-09 11:28:33"}
{"code":"ECONNREFUSED","level":"error","message":"Redis error:","service":"trading-intercom","stack":"AggregateError [ECONNREFUSED]: \n    at internalConnectMultiple (node:net:1134:18)\n    at afterConnectMultiple (node:net:1715:7)","timestamp":"2025-12-09 11:28:35"}
{"code":"ECONNREFUSED","level":"error","message":"Redis error:","service":"trading-intercom","stack":"AggregateError [ECONNREFUSED]: \n    at internalConnectMultiple (node:net:1134:18)\n    at afterConnectMultiple (node:net:1715:7)","timestamp":"2025-12-09 11:28:37"}
{"code":"ECONNREFUSED","level":"error","message":"Redis error:","service":"trading-intercom","stack":"AggregateError [ECONNREFUSED]: \n    at internalConnectMultiple (node:net:1134:18)\n    at afterConnectMultiple (node:net:1715:7)","timestamp":"2025-12-09 11:28:39"}
{"code":"ECONNREFUSED","level":"error","message":"Redis error:","service":"trading-intercom","stack":"AggregateError [ECONNREFUSED]: \n    at internalConnectMultiple (node:net:1134:18)\n    at afterConnectMultiple (node:net:1715:7)","timestamp":"2025-12-09 11:28:43"}
{"code":"ECONNREFUSED","level":"error","message":"Redis error:","service":"trading-intercom","stack":"AggregateError [ECONNREFUSED]: \n    at internalConnectMultiple (node:net:1134:18)\n    at afterConnectMultiple (node:net:1715:7)","timestamp":"2025-12-09 11:28:45"}
{"code":"ECONNREFUSED","level":"error","message":"Redis error:","service":"trading-intercom","stack":"AggregateError [ECONNREFUSED]: \n    at internalConnectMultiple (node:net:1134:18)\n    at afterConnectMultiple (node:net:1715:7)","timestamp":"2025-12-09 11:28:47"}
{"code":"ECONNREFUSED","level":"error","message":"Redis error:","service":"trading-intercom","stack":"AggregateError [ECONNREFUSED]: \n    at internalConnectMultiple (node:net:1134:18)\n    at afterConnectMultiple (node:net:1715:7)","timestamp":"2025-12-09 11:28:49"}
{"code":"ECONNREFUSED","level":"error","message":"Redis error:","service":"trading-intercom","stack":"AggregateError [ECONNREFUSED]: \n    at internalConnectMultiple (node:net:1134:18)\n    at afterConnectMultiple (node:net:1715:7)","timestamp":"2025-12-09 11:28:51"}
{"code":"ECONNREFUSED","level":"error","message":"Redis error:","service":"trading-intercom","stack":"AggregateError [ECONNREFUSED]: \n    at internalConnectMultiple (node:net:1134:18)\n    at afterConnectMultiple (node:net:1715:7)","timestamp":"2025-12-09 11:28:53"}
{"code":"ECONNREFUSED","level":"error","message":"Redis error:","service":"trading-intercom","stack":"AggregateError [ECONNREFUSED]: \n    at internalConnectMultiple (node:net:1134:18)\n    at afterConnectMultiple (node:net:1715:7)","timestamp":"2025-12-09 11:28:55"}
{"code":"ECONNREFUSED","level":"error","message":"Redis error:","service":"trading-intercom","stack":"AggregateError [ECONNREFUSED]: \n    at internalConnectMultiple (node:net:1134:18)\n    at afterConnectMultiple (node:net:1715:7)","timestamp":"2025-12-09 11:28:57"}
{"code":"ECONNREFUSED","level":"error","message":"Redis error:","service":"trading-intercom","stack":"AggregateError [ECONNREFUSED]: \n    at internalConnectMultiple (node:net:1134:18)\n    at afterConnectMultiple (node:net:1715:7)","timestamp":"2025-12-09 11:28:59"}
{"code":"ECONNREFUSED","level":"error","message":"Redis error:","service":"trading-intercom","stack":"AggregateError [ECONNREFUSED]: \n    at internalConnectMultiple (node:net:1134:18)\n    at afterConnectMultiple (node:net:1715:7)","timestamp":"2025-12-09 11:29:01"}
{"code":"ECONNREFUSED","level":"error","message":"Redis error:","service":"trading-intercom","stack":"AggregateError [ECONNREFUSED]: \n    at internalConnectMultiple (node:net:1134:18)\n    at afterConnectMultiple (node:net:1715:7)","timestamp":"2025-12-09 11:29:03"}
{"code":"ECONNREFUSED","level":"error","message":"Redis error:","service":"trading-intercom","stack":"AggregateError [ECONNREFUSED]: \n    at internalConnectMultiple (node:net:1134:18)\n    at afterConnectMultiple (node:net:1715:7)","timestamp":"2025-12-09 11:29:05"}
{"code":"ECONNREFUSED","level":"error","message":"Redis error:","service":"trading-intercom","stack":"AggregateError [ECONNREFUSED]: \n    at internalConnectMultiple (node:net:1134:18)\n    at afterConnectMultiple (node:net:1715:7)","timestamp":"2025-12-09 11:29:07"}
{"code":"ECONNREFUSED","level":"error","message":"Redis error:","service":"trading-intercom","stack":"AggregateError [ECONNREFUSED]: \n    at internalConnectMultiple (node:net:1134:18)\n    at afterConnectMultiple (node:net:1715:7)","timestamp":"2025-12-09 11:29:09"}
{"code":"ECONNREFUSED","level":"error","message":"Redis error:","service":"trading-intercom","stack":"AggregateError [ECONNREFUSED]: \n    at internalConnectMultiple (node:net:1134:18)\n    at afterConnectMultiple (node:net:1715:7)","timestamp":"2025-12-09 11:29:11"}
{"code":"ECONNREFUSED","level":"error","message":"Redis error:","service":"trading-intercom","stack":"AggregateError [ECONNREFUSED]: \n    at internalConnectMultiple (node:net:1134:18)\n    at afterConnectMultiple (node:net:1715:7)","timestamp":"2025-12-09 11:29:13"}
{"code":"ECONNREFUSED","level":"error","message":"Redis error:","service":"trading-intercom","stack":"AggregateError [ECONNREFUSED]: \n    at internalConnectMultiple (node:net:1134:18)\n    at afterConnectMultiple (node:net:1715:7)","timestamp":"2025-12-09 11:29:15"}
{"code":"ECONNREFUSED","level":"error","message":"Redis error:","service":"trading-intercom","stack":"AggregateError [ECONNREFUSED]: \n    at internalConnectMultiple (node:net:1134:18)\n    at afterConnectMultiple (node:net:1715:7)","timestamp":"2025-12-09 11:29:17"}
{"code":"ECONNREFUSED","level":"error","message":"Redis error:","service":"trading-intercom","stack":"AggregateError [ECONNREFUSED]: \n    at internalConnectMultiple (node:net:1134:18)\n    at afterConnectMultiple (node:net:1715:7)","timestamp":"2025-12-09 11:29:19"}
{"code":"ECONNREFUSED","level":"error","message":"Redis error:","service":"trading-intercom","stack":"AggregateError [ECONNREFUSED]: \n    at internalConnectMultiple (node:net:1134:18)\n    at afterConnectMultiple (node:net:1715:7)","timestamp":"2025-12-09 11:29:21"}
{"code":"ECONNREFUSED","level":"error","message":"Redis error:","service":"trading-intercom","stack":"AggregateError [ECONNREFUSED]: \n    at internalConnectMultiple (node:net:1134:18)\n    at afterConnectMultiple (node:net:1715:7)","timestamp":"2025-12-09 11:29:23"}
{"code":"ECONNREFUSED","level":"error","message":"Redis error:","service":"trading-intercom","stack":"AggregateError [ECONNREFUSED]: \n    at internalConnectMultiple (node:net:1134:18)\n    at afterConnectMultiple (node:net:1715:7)","timestamp":"2025-12-09 11:29:25"}
{"code":"ECONNREFUSED","level":"error","message":"Redis error:","service":"trading-intercom","stack":"AggregateError [ECONNREFUSED]: \n    at internalConnectMultiple (node:net:1134:18)\n    at afterConnectMultiple (node:net:1715:7)","timestamp":"2025-12-09 11:29:27"}
{"code":"ECONNREFUSED","level":"error","message":"Redis error:","service":"trading-intercom","stack":"AggregateError [ECONNREFUSED]: \n    at internalConnectMultiple (node:net:1134:18)\n    at afterConnectMultiple (node:net:1715:7)","timestamp":"2025-12-09 11:29:29"}
{"code":"ECONNREFUSED","level":"error","message":"Redis error:","service":"trading-intercom","stack":"AggregateError [ECONNREFUSED]: \n    at internalConnectMultiple (node:net:1134:18)\n    at afterConnectMultiple (node:net:1715:7)","timestamp":"2025-12-09 11:29:31"}
{"code":"ECONNREFUSED","level":"error","message":"Redis error:","service":"trading-intercom","stack":"AggregateError [ECONNREFUSED]: \n    at internalConnectMultiple (node:net:1134:18)\n    at afterConnectMultiple (node:net:1715:7)","timestamp":"2025-12-09 11:29:33"}
{"code":"ECONNREFUSED","level":"error","message":"Redis error:","service":"trading-intercom","stack":"AggregateError [ECONNREFUSED]: \n    at internalConnectMultiple (node:net:1134:18)\n    at afterConnectMultiple (node:net:1715:7)","timestamp":"2025-12-09 11:29:35"}
{"code":"ECONNREFUSED","level":"error","message":"Redis error:","service":"trading-intercom","stack":"AggregateError [ECONNREFUSED]: \n    at internalConnectMultiple (node:net:1134:18)\n    at afterConnectMultiple (node:net:1715:7)","timestamp":"2025-12-09 11:29:37"}
{"code":"ECONNREFUSED","level":"error","message":"Redis error:","service":"trading-intercom","stack":"AggregateError [ECONNREFUSED]: \n    at internalConnectMultiple (node:net:1134:18)\n    at afterConnectMultiple (node:net:1715:7)","timestamp":"2025-12-09 11:29:39"}
{"code":"ECONNREFUSED","level":"error","message":"Redis error:","service":"trading-intercom","stack":"AggregateError [ECONNREFUSED]: \n    at internalConnectMultiple (node:net:1134:18)\n    at afterConnectMultiple (node:net:1715:7)","timestamp":"2025-12-09 11:29:41"}
{"code":"ECONNREFUSED","level":"error","message":"Redis error:","service":"trading-intercom","stack":"AggregateError [ECONNREFUSED]: \n    at internalConnectMultiple (node:net:1134:18)\n    at afterConnectMultiple (node:net:1715:7)","timestamp":"2025-12-09 11:29:43"}
